{"textures":{"0":"modelengine:entity/kindletronsr4"},"elements":[{"from":[6.285714,1.7142854,6.285714],"to":[9.714286,7.428571,9.714286],"rotation":{"angle":0.0,"axis":"y","origin":[8.0,-0.19047642,8.0]},"faces":{"east":{"uv":[10.5,1.25,11.25,2.5],"rotation":0,"texture":"#0","tintindex":0},"south":{"uv":[10.625,4.0,11.375,5.25],"rotation":0,"texture":"#0","tintindex":0},"north":{"uv":[10.5,0.0,11.25,1.25],"rotation":0,"texture":"#0","tintindex":0},"west":{"uv":[10.625,5.25,11.375,6.5],"rotation":0,"texture":"#0","tintindex":0},"up":{"uv":[2.125,12.375,1.375,11.625],"rotation":0,"texture":"#0","tintindex":0},"down":{"uv":[2.875,11.625,2.125,12.375],"rotation":0,"texture":"#0","tintindex":0}}},{"from":[7.428571,-5.1428576,6.857143],"to":[8.571428,1.7142854,9.142858],"rotation":{"angle":0.0,"axis":"y","origin":[8.0,-0.19047642,8.0]},"faces":{"east":{"uv":[14.875,15.0,15.375,16.0],"rotation":0,"texture":"#0","tintindex":0},"south":{"uv":[2.5,15.0,2.75,16.0],"rotation":0,"texture":"#0","tintindex":0},"north":{"uv":[13.25,15.0,13.5,16.0],"rotation":0,"texture":"#0","tintindex":0},"west":{"uv":[0.625,15.0,1.125,16.0],"rotation":0,"texture":"#0","tintindex":0},"up":{"uv":[2.5,0.625,2.75,1.125],"rotation":0,"texture":"#0","tintindex":0},"down":{"uv":[2.5,14.875,2.75,15.375],"rotation":0,"texture":"#0","tintindex":0}}},{"from":[8.0,-8.0,3.4285712],"to":[8.0,1.1428566,12.571428],"rotation":{"angle":0.0,"axis":"y","origin":[8.0,-0.19047642,8.0]},"faces":{"east":{"uv":[10.875,14.0,12.875,16.0],"rotation":0,"texture":"#0","tintindex":0},"south":{"uv":[9.625,15.5,10.25,16.0],"rotation":0,"texture":"#0","tintindex":0},"north":{"uv":[10.0,15.5,10.625,16.0],"rotation":0,"texture":"#0","tintindex":0},"west":{"uv":[10.875,14.0,12.875,16.0],"rotation":0,"texture":"#0","tintindex":0},"up":{"uv":[10.0,16.0,9.375,15.25],"rotation":0,"texture":"#0","tintindex":0},"down":{"uv":[9.875,15.25,9.25,16.0],"rotation":0,"texture":"#0","tintindex":0}}}],"display":{"head":{"translation":[0.0,-6.4,0.0],"scale":[4.0,4.0,4.0]}}}