{
  "parent": "minecraft:item/handheld",
  "textures": {
    "layer0": "minecraft:item/diamond_sword"
  },
  "overrides": [
        {
            "predicate": {
              "custom_model_data": 1
            },
            "model": "onedestiny/ectoplasm_sword"
        },
        {
           "predicate": {
              "custom_model_data": 2
            },
            "model": "onedestiny/giga_rubi_sword"
        },
        {
           "predicate": {
              "custom_model_data": 3
            },
            "model": "onedestiny/big_sword"
        },
        {
           "predicate": {
              "custom_model_data": 4
            },
            "model": "onedestiny/bone_sword"
        },
        {
            "predicate": {
              "custom_model_data": 1450003
            },
            "model": "incendium:item/chilling"
        }
    ]
}