{
  "parent": "minecraft:item/generated",
  "textures": {
    "layer0": "minecraft:item/iron_ingot"
  },
  "overrides": [
  	{
        "predicate": {
                "custom_model_data": 1
            },
            "model": "onedestiny/ectoplasm_ingot"
        },
  	{
        "predicate": {
                "custom_model_data": 2
            },
            "model": "onedestiny/tornasol_ingot"
        },
  	{
        "predicate": {
                "custom_model_data": 3
            },
            "model": "onedestiny/prismarine_ingot"
        },
  	{
        "predicate": {
                "custom_model_data": 4
            },
            "model": "onedestiny/neutrontite_ingot"
        },
  	{
        "predicate": {
                "custom_model_data": 5
            },
            "model": "onedestiny/protontite_ingot"
        },
  	{
        "predicate": {
                "custom_model_data": 6
            },
            "model": "onedestiny/electrontite_ingot"
        },
  	{
        "predicate": {
                "custom_model_data": 7
            },
            "model": "onedestiny/energytite_ingot"        
        },
  	{
        "predicate": {
                "custom_model_data": 8
            },
            "model": "onedestiny/meat_ingot"
        },
  	{
        "predicate": {
                "custom_model_data": 9
            },
            "model": "onedestiny/empty_ingot"
        },
  	{
        "predicate": {
                "custom_model_data": 10
            },
            "model": "onedestiny/corrudium_ingot"
        }
    ]
}