{
  "parent": "minecraft:item/generated",
  "textures": {
    "layer0": "minecraft:item/nether_star"
  },
  "overrides": [
  	{
        "predicate": {
                "custom_model_data": 1
            },
            "model": "onedestiny/eternal_fire"
  },
  {
        "predicate": {
                "custom_model_data": 2
            },
            "model": "onedestiny/gaia_red_energy"
  },
  {
      "predicate": {
                "custom_model_data": 3
            },
            "model": "onedestiny/gaia_green_energy"
  },
  {
      "predicate": {
                "custom_model_data": 4
            },
            "model": "onedestiny/warden_heart"
        }
    ]
}