{"textures":{"0":"modelengine:entity/scarecrow"},"elements":[{"from":[8.305245,7.5882,7.854429],"to":[13.676675,8.377,8.643229],"rotation":{"angle":0.0,"axis":"y","origin":[10.3338175,8.0,8.272029]},"faces":{"east":{"uv":[16.0,0.0,8.0,8.0],"rotation":270,"texture":"#0","tintindex":0},"south":{"uv":[16.0,0.0,8.0,8.0],"rotation":270,"texture":"#0","tintindex":0},"north":{"uv":[16.0,0.0,8.0,8.0],"rotation":90,"texture":"#0","tintindex":0},"west":{"uv":[16.0,0.0,8.0,8.0],"rotation":270,"texture":"#0","tintindex":0},"up":{"uv":[16.0,0.0,8.0,8.0],"rotation":270,"texture":"#0","tintindex":0},"down":{"uv":[16.0,0.0,8.0,8.0],"rotation":270,"texture":"#0","tintindex":0}}}],"display":{"head":{"translation":[0.0,-6.4,0.0],"scale":[4.0,4.0,4.0]}}}