{"textures":{"0":"modelengine:entity/toast"},"elements":[{"from":[6.5142856,4.6285715,8.0],"to":[8.8,8.057143,8.0],"rotation":{"angle":0.0,"axis":"y","origin":[5.942857,8.057143,8.0]},"faces":{"east":{"uv":[0.0,0.0,0.0,3.0],"rotation":0,"texture":"#0","tintindex":0},"south":{"uv":[6.0,4.0,4.0,7.0],"rotation":0,"texture":"#0","tintindex":0},"north":{"uv":[4.0,4.0,6.0,7.0],"rotation":0,"texture":"#0","tintindex":0},"west":{"uv":[0.0,0.0,0.0,3.0],"rotation":0,"texture":"#0","tintindex":0},"up":{"uv":[2.0,0.0,0.0,0.0],"rotation":0,"texture":"#0","tintindex":0},"down":{"uv":[2.0,0.0,0.0,0.0],"rotation":0,"texture":"#0","tintindex":0}}}],"display":{"head":{"translation":[0.0,-6.4,0.0],"scale":[4.0,4.0,4.0]}}}