{
	"credit": "david85258, campor933",
	"texture_size": [64, 64],
	"textures": {
		"0": "item/paper/logoimperioawards",
		"1": "item/paper/base",
		"particle": "item/paper/logoimperioawards"
	},
	"elements": [
		{
			"from": [2.5, 4, 3],
			"to": [13.5, 5, 14],
			"faces": {
				"north": {"uv": [10.25, 7, 13, 7.25], "texture": "#1"},
				"east": {"uv": [10.25, 7.25, 13, 7.5], "texture": "#1"},
				"south": {"uv": [6.5, 10.5, 9.25, 10.75], "texture": "#1"},
				"west": {"uv": [9.25, 10.5, 12, 10.75], "texture": "#1"},
				"up": {"uv": [6, 8.75, 3.25, 6], "texture": "#1"},
				"down": {"uv": [8.75, 6, 6, 8.75], "texture": "#1"}
			}
		},
		{
			"from": [1.5, 0, 2],
			"to": [14.5, 4, 15],
			"faces": {
				"north": {"uv": [6.25, 5, 9.5, 6], "texture": "#1"},
				"east": {"uv": [8.75, 0, 12, 1], "texture": "#1"},
				"south": {"uv": [8.75, 1, 12, 2], "texture": "#1"},
				"west": {"uv": [2, 8.75, 5.25, 9.75], "texture": "#1"},
				"up": {"uv": [3.25, 3.25, 0, 0], "texture": "#1"},
				"down": {"uv": [3.25, 3.25, 0, 6.5], "texture": "#1"}
			}
		},
		{
			"from": [4, 5, 4.5],
			"to": [12, 6, 12.5],
			"faces": {
				"north": {"uv": [6.75, 9.75, 8.75, 10], "texture": "#1"},
				"east": {"uv": [0, 10.5, 2, 10.75], "texture": "#1"},
				"south": {"uv": [0, 10.75, 2, 11], "texture": "#1"},
				"west": {"uv": [5, 10.75, 7, 11], "texture": "#1"},
				"up": {"uv": [2, 8.5, 0, 6.5], "texture": "#1"},
				"down": {"uv": [2, 8.5, 0, 10.5], "texture": "#1"}
			}
		},
		{
			"from": [5, 11, 5.5],
			"to": [11, 12, 11.5],
			"faces": {
				"north": {"uv": [0, 11, 1.5, 11.25], "texture": "#1"},
				"east": {"uv": [3, 11, 4.5, 11.25], "texture": "#1"},
				"south": {"uv": [4.5, 11, 6, 11.25], "texture": "#1"},
				"west": {"uv": [11, 7.5, 12.5, 7.75], "texture": "#1"},
				"up": {"uv": [10.25, 3.5, 8.75, 2], "texture": "#1"},
				"down": {"uv": [10.25, 3.5, 8.75, 5], "texture": "#1"}
			}
		},
		{
			"from": [3, 12, 3.5],
			"to": [13, 14, 13.5],
			"faces": {
				"north": {"uv": [9, 9.5, 11.5, 10], "texture": "#1"},
				"east": {"uv": [2, 9.75, 4.5, 10.25], "texture": "#1"},
				"south": {"uv": [6.75, 10, 9.25, 10.5], "texture": "#1"},
				"west": {"uv": [9.25, 10, 11.75, 10.5], "texture": "#1"},
				"up": {"uv": [8.75, 2.5, 6.25, 0], "texture": "#1"},
				"down": {"uv": [8.75, 2.5, 6.25, 5], "texture": "#1"}
			}
		},
		{
			"from": [2, 14, 2.5],
			"to": [14, 16, 14.5],
			"faces": {
				"north": {"uv": [9, 8.5, 12, 9], "texture": "#1"},
				"east": {"uv": [9, 9, 12, 9.5], "texture": "#1"},
				"south": {"uv": [9.5, 5, 12.5, 5.5], "texture": "#1"},
				"west": {"uv": [9.5, 5.5, 12.5, 6], "texture": "#1"},
				"up": {"uv": [6.25, 3, 3.25, 0], "texture": "#1"},
				"down": {"uv": [6.25, 3, 3.25, 6], "texture": "#1"}
			}
		},
		{
			"from": [6, 16, 6.5],
			"to": [10, 18, 10.5],
			"rotation": {"angle": 0, "axis": "y", "origin": [12.5, 25.5, 11]},
			"faces": {
				"north": {"uv": [7, 10.75, 8, 11.25], "texture": "#1"},
				"east": {"uv": [8, 10.75, 9, 11.25], "texture": "#1"},
				"south": {"uv": [9, 10.75, 10, 11.25], "texture": "#1"},
				"west": {"uv": [10, 10.75, 11, 11.25], "texture": "#1"},
				"up": {"uv": [3, 7.5, 2, 6.5], "texture": "#1"},
				"down": {"uv": [3, 7.5, 2, 8.5], "texture": "#1"}
			}
		},
		{
			"from": [6, 8, 6.5],
			"to": [10, 11.025, 10.5],
			"rotation": {"angle": 0, "axis": "y", "origin": [8, 11.5, 8.5]},
			"faces": {
				"north": {"uv": [3, 10.25, 4, 11], "texture": "#1"},
				"east": {"uv": [10.25, 3, 11.25, 3.75], "texture": "#1"},
				"south": {"uv": [10.25, 3.75, 11.25, 4.5], "texture": "#1"},
				"west": {"uv": [4, 10.25, 5, 11], "texture": "#1"},
				"up": {"uv": [3, 11.25, 2, 10.25], "texture": "#1"},
				"down": {"uv": [11.25, 2, 10.25, 3], "texture": "#1"}
			}
		},
		{
			"from": [5, 6, 5.5],
			"to": [11, 8, 11.5],
			"faces": {
				"north": {"uv": [10.25, 4.5, 11.75, 5], "texture": "#1"},
				"east": {"uv": [5, 10.25, 6.5, 10.75], "texture": "#1"},
				"south": {"uv": [10.25, 6, 11.75, 6.5], "texture": "#1"},
				"west": {"uv": [10.25, 6.5, 11.75, 7], "texture": "#1"},
				"up": {"uv": [6.75, 10.25, 5.25, 8.75], "texture": "#1"},
				"down": {"uv": [10.25, 6, 8.75, 7.5], "texture": "#1"}
			}
		},
		{
			"name": "TITULO trofeo",
			"from": [3.5, 0, 15.1],
			"to": [12.5, 4, 15.1],
			"faces": {
				"north": {"uv": [6.75, 8.75, 9, 9.75], "texture": "#1"},
				"east": {"uv": [0, 0, 0, 1], "texture": "#1"},
				"south": {"uv": [8.75, 7.5, 11, 8.5], "texture": "#1"},
				"west": {"uv": [0, 0, 0, 1], "texture": "#1"},
				"up": {"uv": [2.25, 0, 0, 0], "texture": "#1"},
				"down": {"uv": [2.25, 0, 0, 0], "texture": "#1"}
			}
		},
		{
			"from": [11.475, 25.5, 7.4],
			"to": [13.225, 28.5, 9.6],
			"faces": {
				"north": {"uv": [0.5, 1.5, 1, 2.25], "texture": "#0"},
				"east": {"uv": [1, 1.5, 1.5, 2.25], "texture": "#0"},
				"south": {"uv": [1.5, 1.5, 2, 2.25], "texture": "#0"},
				"west": {"uv": [1.75, 0.5, 2.25, 1.25], "texture": "#0"},
				"up": {"uv": [3.5, 3.25, 3, 2.75], "texture": "#0"},
				"down": {"uv": [0.5, 3.25, 0, 3.75], "texture": "#0"}
			}
		},
		{
			"from": [2.975, 25, 7.4],
			"to": [4.475, 28.5, 9.6],
			"faces": {
				"north": {"uv": [0.5, 2.25, 0.875, 3.125], "texture": "#0"},
				"east": {"uv": [1.25, 0.5, 1.75, 1.375], "texture": "#0"},
				"south": {"uv": [1, 2.25, 1.375, 3.125], "texture": "#0"},
				"west": {"uv": [0, 1.5, 0.5, 2.375], "texture": "#0"},
				"up": {"uv": [4.625, 0.5, 4.25, 0], "texture": "#0"},
				"down": {"uv": [0.875, 4.25, 0.5, 4.75], "texture": "#0"}
			}
		},
		{
			"from": [6.725, 18.5, 7.4],
			"to": [9.225, 20, 9.6],
			"faces": {
				"north": {"uv": [4, 2, 4.625, 2.375], "texture": "#0"},
				"east": {"uv": [1, 4.25, 1.5, 4.625], "texture": "#0"},
				"south": {"uv": [4, 2.5, 4.625, 2.875], "texture": "#0"},
				"west": {"uv": [1.5, 4.25, 2, 4.625], "texture": "#0"},
				"up": {"uv": [2.875, 1, 2.25, 0.5], "texture": "#0"},
				"down": {"uv": [3.125, 0, 2.5, 0.5], "texture": "#0"}
			}
		},
		{
			"from": [5.725, 20.25, 7.4],
			"to": [6.725, 22.25, 9.6],
			"faces": {
				"north": {"uv": [5, 0.5, 5.25, 1], "texture": "#0"},
				"east": {"uv": [3.25, 0, 3.75, 0.5], "texture": "#0"},
				"south": {"uv": [5, 1, 5.25, 1.5], "texture": "#0"},
				"west": {"uv": [0.5, 3.25, 1, 3.75], "texture": "#0"},
				"up": {"uv": [5.25, 2, 5, 1.5], "texture": "#0"},
				"down": {"uv": [2.25, 5, 2, 5.5], "texture": "#0"}
			}
		},
		{
			"from": [10.975, 23.25, 7.4],
			"to": [11.975, 25.25, 9.6],
			"faces": {
				"north": {"uv": [2.25, 5, 2.5, 5.5], "texture": "#0"},
				"east": {"uv": [1, 3.25, 1.5, 3.75], "texture": "#0"},
				"south": {"uv": [5, 3, 5.25, 3.5], "texture": "#0"},
				"west": {"uv": [2.5, 3.25, 3, 3.75], "texture": "#0"},
				"up": {"uv": [5.25, 4, 5, 3.5], "texture": "#0"},
				"down": {"uv": [4.25, 5, 4, 5.5], "texture": "#0"}
			}
		},
		{
			"from": [4.725, 22, 7.4],
			"to": [5.725, 24, 9.6],
			"faces": {
				"north": {"uv": [5, 4, 5.25, 4.5], "texture": "#0"},
				"east": {"uv": [3, 3.25, 3.5, 3.75], "texture": "#0"},
				"south": {"uv": [4.25, 5, 4.5, 5.5], "texture": "#0"},
				"west": {"uv": [3.5, 0.5, 4, 1], "texture": "#0"},
				"up": {"uv": [4.75, 5.5, 4.5, 5], "texture": "#0"},
				"down": {"uv": [5.25, 4.5, 5, 5], "texture": "#0"}
			}
		},
		{
			"from": [9.225, 20.25, 7.4],
			"to": [10.225, 22.25, 9.6],
			"faces": {
				"north": {"uv": [4.75, 5, 5, 5.5], "texture": "#0"},
				"east": {"uv": [3.5, 1, 4, 1.5], "texture": "#0"},
				"south": {"uv": [5, 5, 5.25, 5.5], "texture": "#0"},
				"west": {"uv": [3.5, 1.5, 4, 2], "texture": "#0"},
				"up": {"uv": [5.5, 0.5, 5.25, 0], "texture": "#0"},
				"down": {"uv": [0.75, 5.25, 0.5, 5.75], "texture": "#0"}
			}
		},
		{
			"from": [10.225, 21.75, 7.4],
			"to": [10.975, 24, 9.6],
			"faces": {
				"north": {"uv": [0, 5, 0.25, 5.625], "texture": "#0"},
				"east": {"uv": [1.5, 2.25, 2, 2.875], "texture": "#0"},
				"south": {"uv": [0.25, 5, 0.5, 5.625], "texture": "#0"},
				"west": {"uv": [0, 2.5, 0.5, 3.125], "texture": "#0"},
				"up": {"uv": [5.5, 1, 5.25, 0.5], "texture": "#0"},
				"down": {"uv": [1, 5.25, 0.75, 5.75], "texture": "#0"}
			}
		},
		{
			"from": [3.975, 23.25, 7.4],
			"to": [4.725, 25, 9.6],
			"faces": {
				"north": {"uv": [1, 5.25, 1.25, 5.75], "texture": "#0"},
				"east": {"uv": [2, 3.5, 2.5, 4], "texture": "#0"},
				"south": {"uv": [5.25, 1, 5.5, 1.5], "texture": "#0"},
				"west": {"uv": [3.5, 2, 4, 2.5], "texture": "#0"},
				"up": {"uv": [1.5, 5.75, 1.25, 5.25], "texture": "#0"},
				"down": {"uv": [1.75, 5.25, 1.5, 5.75], "texture": "#0"}
			}
		},
		{
			"from": [7.225, 17.25, 7.4],
			"to": [8.725, 18.5, 9.6],
			"faces": {
				"north": {"uv": [6, 3.5, 6.25, 3.875], "texture": "#0"},
				"east": {"uv": [2.5, 4.25, 3, 4.625], "texture": "#0"},
				"south": {"uv": [4, 6, 4.25, 6.375], "texture": "#0"},
				"west": {"uv": [3, 4.25, 3.5, 4.625], "texture": "#0"},
				"up": {"uv": [5.5, 2, 5.25, 1.5], "texture": "#0"},
				"down": {"uv": [2, 5.25, 1.75, 5.75], "texture": "#0"}
			}
		},
		{
			"from": [2.475, 26, 7.4],
			"to": [2.975, 28.5, 9.6],
			"faces": {
				"north": {"uv": [4.25, 6, 4.375, 6.625], "texture": "#0"},
				"east": {"uv": [2.5, 1, 3, 1.625], "texture": "#0"},
				"south": {"uv": [4.75, 6, 4.875, 6.625], "texture": "#0"},
				"west": {"uv": [2.5, 1.75, 3, 2.375], "texture": "#0"},
				"up": {"uv": [6.125, 4.75, 6, 4.25], "texture": "#0"},
				"down": {"uv": [5.125, 6, 5, 6.5], "texture": "#0"}
			}
		},
		{
			"from": [13.225, 26.5, 7.4],
			"to": [13.725, 28, 9.6],
			"faces": {
				"north": {"uv": [9, 2.25, 9.125, 2.625], "texture": "#0"},
				"east": {"uv": [4.5, 0.5, 5, 0.875], "texture": "#0"},
				"south": {"uv": [9, 2.75, 9.125, 3.125], "texture": "#0"},
				"west": {"uv": [4.5, 1, 5, 1.375], "texture": "#0"},
				"up": {"uv": [6.125, 5.5, 6, 5], "texture": "#0"},
				"down": {"uv": [6.125, 5.5, 6, 6], "texture": "#0"}
			}
		},
		{
			"from": [6.725, 20, 7.4],
			"to": [7.475, 21, 9.6],
			"faces": {
				"north": {"uv": [1.75, 1.25, 2, 1.5], "texture": "#0"},
				"east": {"uv": [5.25, 2, 5.75, 2.25], "texture": "#0"},
				"south": {"uv": [2.25, 1, 2.5, 1.25], "texture": "#0"},
				"west": {"uv": [5.25, 2.25, 5.75, 2.5], "texture": "#0"},
				"up": {"uv": [2.75, 5.75, 2.5, 5.25], "texture": "#0"},
				"down": {"uv": [5.5, 2.5, 5.25, 3], "texture": "#0"}
			}
		},
		{
			"from": [8.725, 20, 7.4],
			"to": [9.225, 21.25, 9.6],
			"faces": {
				"north": {"uv": [3, 9, 3.125, 9.375], "texture": "#0"},
				"east": {"uv": [4.5, 1.5, 5, 1.875], "texture": "#0"},
				"south": {"uv": [3.25, 9, 3.375, 9.375], "texture": "#0"},
				"west": {"uv": [2, 4.5, 2.5, 4.875], "texture": "#0"},
				"up": {"uv": [5.875, 6.5, 5.75, 6], "texture": "#0"},
				"down": {"uv": [6.125, 6, 6, 6.5], "texture": "#0"}
			}
		},
		{
			"from": [11.975, 24.25, 7.4],
			"to": [12.475, 25.5, 9.6],
			"faces": {
				"north": {"uv": [3.5, 9, 3.625, 9.375], "texture": "#0"},
				"east": {"uv": [4.5, 3, 5, 3.375], "texture": "#0"},
				"south": {"uv": [3.75, 9, 3.875, 9.375], "texture": "#0"},
				"west": {"uv": [4.5, 3.5, 5, 3.875], "texture": "#0"},
				"up": {"uv": [0.125, 6.75, 0, 6.25], "texture": "#0"},
				"down": {"uv": [0.375, 6.25, 0.25, 6.75], "texture": "#0"}
			}
		},
		{
			"from": [1.975, 26.75, 7.4],
			"to": [2.475, 27.5, 9.6],
			"faces": {
				"north": {"uv": [9, 3.25, 9.125, 3.5], "texture": "#0"},
				"east": {"uv": [2.75, 5.25, 3.25, 5.5], "texture": "#0"},
				"south": {"uv": [9, 4.25, 9.125, 4.5], "texture": "#0"},
				"west": {"uv": [5.25, 3, 5.75, 3.25], "texture": "#0"},
				"up": {"uv": [0.625, 6.75, 0.5, 6.25], "texture": "#0"},
				"down": {"uv": [0.875, 6.25, 0.75, 6.75], "texture": "#0"}
			}
		},
		{
			"from": [5.725, 22.25, 7.4],
			"to": [6.225, 23, 9.6],
			"faces": {
				"north": {"uv": [4.75, 9, 4.875, 9.25], "texture": "#0"},
				"east": {"uv": [3.25, 5.25, 3.75, 5.5], "texture": "#0"},
				"south": {"uv": [9, 4.75, 9.125, 5], "texture": "#0"},
				"west": {"uv": [5.25, 3.25, 5.75, 3.5], "texture": "#0"},
				"up": {"uv": [1.125, 6.75, 1, 6.25], "texture": "#0"},
				"down": {"uv": [1.375, 6.25, 1.25, 6.75], "texture": "#0"}
			}
		},
		{
			"from": [5.225, 21.25, 7.4],
			"to": [5.725, 22, 9.6],
			"faces": {
				"north": {"uv": [5, 9, 5.125, 9.25], "texture": "#0"},
				"east": {"uv": [5.25, 3.5, 5.75, 3.75], "texture": "#0"},
				"south": {"uv": [9, 5, 9.125, 5.25], "texture": "#0"},
				"west": {"uv": [5.25, 3.75, 5.75, 4], "texture": "#0"},
				"up": {"uv": [1.625, 6.75, 1.5, 6.25], "texture": "#0"},
				"down": {"uv": [1.875, 6.25, 1.75, 6.75], "texture": "#0"}
			}
		},
		{
			"from": [9.225, 19.5, 7.4],
			"to": [9.725, 20.25, 9.6],
			"faces": {
				"north": {"uv": [5.25, 9, 5.375, 9.25], "texture": "#0"},
				"east": {"uv": [5.25, 4, 5.75, 4.25], "texture": "#0"},
				"south": {"uv": [9, 5.5, 9.125, 5.75], "texture": "#0"},
				"west": {"uv": [5.25, 4.25, 5.75, 4.5], "texture": "#0"},
				"up": {"uv": [2.125, 6.75, 2, 6.25], "texture": "#0"},
				"down": {"uv": [2.375, 6.25, 2.25, 6.75], "texture": "#0"}
			}
		},
		{
			"from": [10.975, 22.5, 7.4],
			"to": [11.475, 23.25, 9.6],
			"faces": {
				"north": {"uv": [6, 9, 6.125, 9.25], "texture": "#0"},
				"east": {"uv": [5.25, 4.5, 5.75, 4.75], "texture": "#0"},
				"south": {"uv": [6.25, 9, 6.375, 9.25], "texture": "#0"},
				"west": {"uv": [5.25, 4.75, 5.75, 5], "texture": "#0"},
				"up": {"uv": [2.625, 6.75, 2.5, 6.25], "texture": "#0"},
				"down": {"uv": [6.375, 2.75, 6.25, 3.25], "texture": "#0"}
			}
		},
		{
			"from": [3.475, 24.25, 7.4],
			"to": [3.975, 25, 9.6],
			"faces": {
				"north": {"uv": [9, 6.25, 9.125, 6.5], "texture": "#0"},
				"east": {"uv": [5.25, 5, 5.75, 5.25], "texture": "#0"},
				"south": {"uv": [7, 9, 7.125, 9.25], "texture": "#0"},
				"west": {"uv": [5.25, 5.25, 5.75, 5.5], "texture": "#0"},
				"up": {"uv": [6.375, 3.75, 6.25, 3.25], "texture": "#0"},
				"down": {"uv": [3.875, 6.25, 3.75, 6.75], "texture": "#0"}
			}
		},
		{
			"from": [9.725, 22.25, 7.4],
			"to": [10.225, 23, 9.6],
			"faces": {
				"north": {"uv": [9, 7, 9.125, 7.25], "texture": "#0"},
				"east": {"uv": [5.5, 0, 6, 0.25], "texture": "#0"},
				"south": {"uv": [9, 7.5, 9.125, 7.75], "texture": "#0"},
				"west": {"uv": [5.5, 0.25, 6, 0.5], "texture": "#0"},
				"up": {"uv": [6.375, 4.25, 6.25, 3.75], "texture": "#0"},
				"down": {"uv": [6.375, 4.25, 6.25, 4.75], "texture": "#0"}
			}
		},
		{
			"from": [4.725, 24, 7.4],
			"to": [5.225, 24.75, 9.6],
			"faces": {
				"north": {"uv": [7.75, 9, 7.875, 9.25], "texture": "#0"},
				"east": {"uv": [5.5, 0.5, 6, 0.75], "texture": "#0"},
				"south": {"uv": [9, 7.75, 9.125, 8], "texture": "#0"},
				"west": {"uv": [5.5, 0.75, 6, 1], "texture": "#0"},
				"up": {"uv": [4.625, 6.75, 4.5, 6.25], "texture": "#0"},
				"down": {"uv": [6.375, 4.75, 6.25, 5.25], "texture": "#0"}
			}
		},
		{
			"from": [6.225, 19.5, 7.4],
			"to": [6.725, 20.25, 9.6],
			"faces": {
				"north": {"uv": [8, 9, 8.125, 9.25], "texture": "#0"},
				"east": {"uv": [5.5, 1, 6, 1.25], "texture": "#0"},
				"south": {"uv": [8.25, 9, 8.375, 9.25], "texture": "#0"},
				"west": {"uv": [5.5, 1.25, 6, 1.5], "texture": "#0"},
				"up": {"uv": [5.375, 6.75, 5.25, 6.25], "texture": "#0"},
				"down": {"uv": [6.375, 5.25, 6.25, 5.75], "texture": "#0"}
			}
		},
		{
			"from": [10.225, 20.75, 7.4],
			"to": [10.475, 21.75, 9.6],
			"faces": {
				"north": {"uv": [9, 8.5, 9.125, 8.75], "texture": "#0"},
				"east": {"uv": [5.5, 1.5, 6, 1.75], "texture": "#0"},
				"south": {"uv": [9, 8.75, 9.125, 9], "texture": "#0"},
				"west": {"uv": [5.5, 1.75, 6, 2], "texture": "#0"},
				"up": {"uv": [5.625, 6.75, 5.5, 6.25], "texture": "#0"},
				"down": {"uv": [6.375, 5.75, 6.25, 6.25], "texture": "#0"}
			}
		},
		{
			"from": [8.225, 20, 7.4],
			"to": [8.725, 20.5, 9.6],
			"faces": {
				"north": {"uv": [9.25, 6.75, 9.375, 6.875], "texture": "#0"},
				"east": {"uv": [6.25, 6.25, 6.75, 6.375], "texture": "#0"},
				"south": {"uv": [7, 9.25, 7.125, 9.375], "texture": "#0"},
				"west": {"uv": [6.5, 0, 7, 0.125], "texture": "#0"},
				"up": {"uv": [6.625, 0.75, 6.5, 0.25], "texture": "#0"},
				"down": {"uv": [6.625, 0.75, 6.5, 1.25], "texture": "#0"}
			}
		},
		{
			"from": [12.475, 25, 7.4],
			"to": [12.975, 25.5, 9.6],
			"faces": {
				"north": {"uv": [9.25, 7, 9.375, 7.125], "texture": "#0"},
				"east": {"uv": [6.5, 1.25, 7, 1.375], "texture": "#0"},
				"south": {"uv": [7.25, 9.25, 7.375, 9.375], "texture": "#0"},
				"west": {"uv": [6.5, 1.5, 7, 1.625], "texture": "#0"},
				"up": {"uv": [6.625, 2.25, 6.5, 1.75], "texture": "#0"},
				"down": {"uv": [6.625, 2.25, 6.5, 2.75], "texture": "#0"}
			}
		},
		{
			"from": [4.475, 22.5, 7.4],
			"to": [4.725, 23.25, 9.6],
			"faces": {
				"north": {"uv": [9, 9, 9.125, 9.25], "texture": "#0"},
				"east": {"uv": [2, 5.5, 2.5, 5.75], "texture": "#0"},
				"south": {"uv": [0, 9.25, 0.125, 9.5], "texture": "#0"},
				"west": {"uv": [5.5, 2.5, 6, 2.75], "texture": "#0"},
				"up": {"uv": [2.875, 7, 2.75, 6.5], "texture": "#0"},
				"down": {"uv": [6.625, 2.75, 6.5, 3.25], "texture": "#0"}
			}
		},
		{
			"from": [4.475, 25, 7.4],
			"to": [4.725, 25.75, 9.6],
			"faces": {
				"north": {"uv": [9.25, 0, 9.375, 0.25], "texture": "#0"},
				"east": {"uv": [2.75, 5.5, 3.25, 5.75], "texture": "#0"},
				"south": {"uv": [0.25, 9.25, 0.375, 9.5], "texture": "#0"},
				"west": {"uv": [5.5, 2.75, 6, 3], "texture": "#0"},
				"up": {"uv": [3.125, 7, 3, 6.5], "texture": "#0"},
				"down": {"uv": [3.375, 6.5, 3.25, 7], "texture": "#0"}
			}
		},
		{
			"from": [10.725, 24, 7.4],
			"to": [10.975, 24.75, 9.6],
			"faces": {
				"north": {"uv": [9.25, 0.25, 9.375, 0.5], "texture": "#0"},
				"east": {"uv": [3.25, 5.5, 3.75, 5.75], "texture": "#0"},
				"south": {"uv": [0.5, 9.25, 0.625, 9.5], "texture": "#0"},
				"west": {"uv": [3.75, 5.5, 4.25, 5.75], "texture": "#0"},
				"up": {"uv": [6.625, 3.75, 6.5, 3.25], "texture": "#0"},
				"down": {"uv": [3.625, 6.5, 3.5, 7], "texture": "#0"}
			}
		},
		{
			"from": [13.725, 26.75, 7.4],
			"to": [13.975, 27.5, 9.6],
			"faces": {
				"north": {"uv": [2, 9.25, 2.125, 9.5], "texture": "#0"},
				"east": {"uv": [0.5, 5.75, 1, 6], "texture": "#0"},
				"south": {"uv": [9.25, 2.25, 9.375, 2.5], "texture": "#0"},
				"west": {"uv": [1, 5.75, 1.5, 6], "texture": "#0"},
				"up": {"uv": [5.125, 7, 5, 6.5], "texture": "#0"},
				"down": {"uv": [6.625, 5.25, 6.5, 5.75], "texture": "#0"}
			}
		},
		{
			"from": [6.725, 21, 7.4],
			"to": [6.975, 21.75, 9.6],
			"faces": {
				"north": {"uv": [2.5, 9.25, 2.625, 9.5], "texture": "#0"},
				"east": {"uv": [1.5, 5.75, 2, 6], "texture": "#0"},
				"south": {"uv": [9.25, 2.5, 9.375, 2.75], "texture": "#0"},
				"west": {"uv": [2, 5.75, 2.5, 6], "texture": "#0"},
				"up": {"uv": [5.875, 7, 5.75, 6.5], "texture": "#0"},
				"down": {"uv": [6.625, 5.75, 6.5, 6.25], "texture": "#0"}
			}
		},
		{
			"from": [11.225, 25.25, 7.4],
			"to": [11.975, 25.5, 9.6],
			"faces": {
				"north": {"uv": [2.75, 9.25, 3, 9.375], "texture": "#0"},
				"east": {"uv": [6, 6.5, 6.5, 6.625], "texture": "#0"},
				"south": {"uv": [9.25, 2.75, 9.5, 2.875], "texture": "#0"},
				"west": {"uv": [6.5, 6.5, 7, 6.625], "texture": "#0"},
				"up": {"uv": [6, 2.5, 5.75, 2], "texture": "#0"},
				"down": {"uv": [2.75, 5.75, 2.5, 6.25], "texture": "#0"}
			}
		},
		{
			"from": [2.725, 25.5, 7.4],
			"to": [2.975, 26, 9.6],
			"faces": {
				"north": {"uv": [9.25, 7.25, 9.375, 7.375], "texture": "#0"},
				"east": {"uv": [0, 6.75, 0.5, 6.875], "texture": "#0"},
				"south": {"uv": [7.5, 9.25, 7.625, 9.375], "texture": "#0"},
				"west": {"uv": [6.75, 0.25, 7.25, 0.375], "texture": "#0"},
				"up": {"uv": [0.625, 7.25, 0.5, 6.75], "texture": "#0"},
				"down": {"uv": [6.875, 0.5, 6.75, 1], "texture": "#0"}
			}
		},
		{
			"from": [11.975, 23.75, 7.4],
			"to": [12.225, 24.25, 9.6],
			"faces": {
				"north": {"uv": [9.25, 7.5, 9.375, 7.625], "texture": "#0"},
				"east": {"uv": [0.75, 6.75, 1.25, 6.875], "texture": "#0"},
				"south": {"uv": [7.75, 9.25, 7.875, 9.375], "texture": "#0"},
				"west": {"uv": [6.75, 1, 7.25, 1.125], "texture": "#0"},
				"up": {"uv": [1.375, 7.25, 1.25, 6.75], "texture": "#0"},
				"down": {"uv": [1.625, 6.75, 1.5, 7.25], "texture": "#0"}
			}
		},
		{
			"from": [5.725, 23, 7.4],
			"to": [5.975, 23.5, 9.6],
			"faces": {
				"north": {"uv": [9.25, 7.75, 9.375, 7.875], "texture": "#0"},
				"east": {"uv": [1.75, 6.75, 2.25, 6.875], "texture": "#0"},
				"south": {"uv": [8, 9.25, 8.125, 9.375], "texture": "#0"},
				"west": {"uv": [6.75, 1.75, 7.25, 1.875], "texture": "#0"},
				"up": {"uv": [6.875, 2.5, 6.75, 2], "texture": "#0"},
				"down": {"uv": [2.375, 6.75, 2.25, 7.25], "texture": "#0"}
			}
		},
		{
			"from": [3.725, 23.75, 7.4],
			"to": [3.975, 24.25, 9.6],
			"faces": {
				"north": {"uv": [9.25, 8, 9.375, 8.125], "texture": "#0"},
				"east": {"uv": [6.75, 2.5, 7.25, 2.625], "texture": "#0"},
				"south": {"uv": [8.25, 9.25, 8.375, 9.375], "texture": "#0"},
				"west": {"uv": [6.75, 2.75, 7.25, 2.875], "texture": "#0"},
				"up": {"uv": [2.625, 7.25, 2.5, 6.75], "texture": "#0"},
				"down": {"uv": [6.875, 3, 6.75, 3.5], "texture": "#0"}
			}
		},
		{
			"from": [4.725, 24.75, 7.4],
			"to": [4.975, 25.25, 9.6],
			"faces": {
				"north": {"uv": [9.25, 8.25, 9.375, 8.375], "texture": "#0"},
				"east": {"uv": [6.75, 3.5, 7.25, 3.625], "texture": "#0"},
				"south": {"uv": [8.5, 9.25, 8.625, 9.375], "texture": "#0"},
				"west": {"uv": [6.75, 3.75, 7.25, 3.875], "texture": "#0"},
				"up": {"uv": [3.875, 7.25, 3.75, 6.75], "texture": "#0"},
				"down": {"uv": [6.875, 4, 6.75, 4.5], "texture": "#0"}
			}
		},
		{
			"from": [9.975, 23, 7.4],
			"to": [10.225, 23.5, 9.6],
			"faces": {
				"north": {"uv": [9.25, 8.5, 9.375, 8.625], "texture": "#0"},
				"east": {"uv": [4.25, 6.75, 4.75, 6.875], "texture": "#0"},
				"south": {"uv": [8.75, 9.25, 8.875, 9.375], "texture": "#0"},
				"west": {"uv": [6.75, 4.5, 7.25, 4.625], "texture": "#0"},
				"up": {"uv": [4.875, 7.25, 4.75, 6.75], "texture": "#0"},
				"down": {"uv": [6.875, 4.75, 6.75, 5.25], "texture": "#0"}
			}
		},
		{
			"from": [5.475, 20.75, 7.4],
			"to": [5.725, 21.25, 9.6],
			"faces": {
				"north": {"uv": [9.25, 8.75, 9.375, 8.875], "texture": "#0"},
				"east": {"uv": [5.25, 6.75, 5.75, 6.875], "texture": "#0"},
				"south": {"uv": [9, 9.25, 9.125, 9.375], "texture": "#0"},
				"west": {"uv": [6.75, 5.25, 7.25, 5.375], "texture": "#0"},
				"up": {"uv": [6.875, 6, 6.75, 5.5], "texture": "#0"},
				"down": {"uv": [6.125, 6.75, 6, 7.25], "texture": "#0"}
			}
		},
		{
			"from": [13.225, 26, 7.4],
			"to": [13.475, 26.5, 9.6],
			"faces": {
				"north": {"uv": [9.25, 9, 9.375, 9.125], "texture": "#0"},
				"east": {"uv": [6.75, 6, 7.25, 6.125], "texture": "#0"},
				"south": {"uv": [9.25, 9.25, 9.375, 9.375], "texture": "#0"},
				"west": {"uv": [6.25, 6.75, 6.75, 6.875], "texture": "#0"},
				"up": {"uv": [6.875, 7.25, 6.75, 6.75], "texture": "#0"},
				"down": {"uv": [0.125, 7, 0, 7.5], "texture": "#0"}
			}
		},
		{
			"from": [10.975, 22, 7.4],
			"to": [11.225, 22.5, 9.6],
			"faces": {
				"north": {"uv": [0, 9.5, 0.125, 9.625], "texture": "#0"},
				"east": {"uv": [6.75, 6.25, 7.25, 6.375], "texture": "#0"},
				"south": {"uv": [9.5, 0, 9.625, 0.125], "texture": "#0"},
				"west": {"uv": [7, 0, 7.5, 0.125], "texture": "#0"},
				"up": {"uv": [0.375, 7.5, 0.25, 7], "texture": "#0"},
				"down": {"uv": [7.125, 0.5, 7, 1], "texture": "#0"}
			}
		},
		{
			"from": [7.475, 20, 7.4],
			"to": [7.725, 20.5, 9.6],
			"faces": {
				"north": {"uv": [0.25, 9.5, 0.375, 9.625], "texture": "#0"},
				"east": {"uv": [0.75, 7, 1.25, 7.125], "texture": "#0"},
				"south": {"uv": [9.5, 0.25, 9.625, 0.375], "texture": "#0"},
				"west": {"uv": [7, 1.25, 7.5, 1.375], "texture": "#0"},
				"up": {"uv": [1.875, 7.5, 1.75, 7], "texture": "#0"},
				"down": {"uv": [2.125, 7, 2, 7.5], "texture": "#0"}
			}
		},
		{
			"from": [8.975, 21.25, 7.4],
			"to": [9.225, 21.75, 9.6],
			"faces": {
				"north": {"uv": [0.5, 9.5, 0.625, 9.625], "texture": "#0"},
				"east": {"uv": [7, 1.5, 7.5, 1.625], "texture": "#0"},
				"south": {"uv": [9.5, 0.5, 9.625, 0.625], "texture": "#0"},
				"west": {"uv": [7, 2, 7.5, 2.125], "texture": "#0"},
				"up": {"uv": [2.875, 7.5, 2.75, 7], "texture": "#0"},
				"down": {"uv": [3.125, 7, 3, 7.5], "texture": "#0"}
			}
		},
		{
			"from": [9.225, 19, 7.4],
			"to": [9.475, 19.5, 9.6],
			"faces": {
				"north": {"uv": [0.75, 9.5, 0.875, 9.625], "texture": "#0"},
				"east": {"uv": [7, 2.25, 7.5, 2.375], "texture": "#0"},
				"south": {"uv": [9.5, 0.75, 9.625, 0.875], "texture": "#0"},
				"west": {"uv": [7, 3, 7.5, 3.125], "texture": "#0"},
				"up": {"uv": [3.375, 7.5, 3.25, 7], "texture": "#0"},
				"down": {"uv": [3.625, 7, 3.5, 7.5], "texture": "#0"}
			}
		},
		{
			"from": [2.225, 27.5, 7.4],
			"to": [2.475, 28, 9.6],
			"faces": {
				"north": {"uv": [1, 9.5, 1.125, 9.625], "texture": "#0"},
				"east": {"uv": [7, 3.25, 7.5, 3.375], "texture": "#0"},
				"south": {"uv": [9.5, 1, 9.625, 1.125], "texture": "#0"},
				"west": {"uv": [4, 7, 4.5, 7.125], "texture": "#0"},
				"up": {"uv": [7.125, 4.5, 7, 4], "texture": "#0"},
				"down": {"uv": [4.625, 7, 4.5, 7.5], "texture": "#0"}
			}
		},
		{
			"from": [6.475, 19, 7.4],
			"to": [6.725, 19.5, 9.6],
			"faces": {
				"north": {"uv": [1.25, 9.5, 1.375, 9.625], "texture": "#0"},
				"east": {"uv": [7, 4.75, 7.5, 4.875], "texture": "#0"},
				"south": {"uv": [9.5, 1.25, 9.625, 1.375], "texture": "#0"},
				"west": {"uv": [5, 7, 5.5, 7.125], "texture": "#0"},
				"up": {"uv": [5.625, 7.5, 5.5, 7], "texture": "#0"},
				"down": {"uv": [7.125, 5.5, 7, 6], "texture": "#0"}
			}
		},
		{
			"from": [13.225, 28, 7.4],
			"to": [13.475, 28.5, 9.6],
			"faces": {
				"north": {"uv": [1.5, 9.5, 1.625, 9.625], "texture": "#0"},
				"east": {"uv": [7, 5, 7.5, 5.125], "texture": "#0"},
				"south": {"uv": [9.5, 1.5, 9.625, 1.625], "texture": "#0"},
				"west": {"uv": [6.25, 7, 6.75, 7.125], "texture": "#0"},
				"up": {"uv": [5.875, 7.5, 5.75, 7], "texture": "#0"},
				"down": {"uv": [7.125, 6.5, 7, 7], "texture": "#0"}
			}
		},
		{
			"from": [10.475, 21.25, 7.4],
			"to": [10.725, 21.75, 9.6],
			"faces": {
				"north": {"uv": [1.75, 9.5, 1.875, 9.625], "texture": "#0"},
				"east": {"uv": [7, 7, 7.5, 7.125], "texture": "#0"},
				"south": {"uv": [9.5, 1.75, 9.625, 1.875], "texture": "#0"},
				"west": {"uv": [7.25, 0.25, 7.75, 0.375], "texture": "#0"},
				"up": {"uv": [0.625, 7.75, 0.5, 7.25], "texture": "#0"},
				"down": {"uv": [7.375, 0.5, 7.25, 1], "texture": "#0"}
			}
		},
		{
			"from": [10.475, 24, 7.4],
			"to": [10.725, 24.25, 9.6],
			"faces": {
				"north": {"uv": [2, 9.5, 2.125, 9.625], "texture": "#0"},
				"east": {"uv": [0.75, 7.25, 1.25, 7.375], "texture": "#0"},
				"south": {"uv": [9.5, 2, 9.625, 2.125], "texture": "#0"},
				"west": {"uv": [7.25, 1, 7.75, 1.125], "texture": "#0"},
				"up": {"uv": [1.375, 7.75, 1.25, 7.25], "texture": "#0"},
				"down": {"uv": [1.625, 7.25, 1.5, 7.75], "texture": "#0"}
			}
		},
		{
			"from": [6.975, 18.25, 7.4],
			"to": [7.225, 18.5, 9.6],
			"faces": {
				"north": {"uv": [2.25, 9.5, 2.375, 9.625], "texture": "#0"},
				"east": {"uv": [7.25, 1.75, 7.75, 1.875], "texture": "#0"},
				"south": {"uv": [9.5, 2.25, 9.625, 2.375], "texture": "#0"},
				"west": {"uv": [2.25, 7.25, 2.75, 7.375], "texture": "#0"},
				"up": {"uv": [7.375, 3, 7.25, 2.5], "texture": "#0"},
				"down": {"uv": [7.375, 3.5, 7.25, 4], "texture": "#0"}
			}
		},
		{
			"from": [12.475, 24.75, 7.4],
			"to": [12.725, 25, 9.6],
			"faces": {
				"north": {"uv": [2.5, 9.5, 2.625, 9.625], "texture": "#0"},
				"east": {"uv": [3.75, 7.25, 4.25, 7.375], "texture": "#0"},
				"south": {"uv": [9.5, 2.5, 9.625, 2.625], "texture": "#0"},
				"west": {"uv": [7.25, 4, 7.75, 4.125], "texture": "#0"},
				"up": {"uv": [4.375, 7.75, 4.25, 7.25], "texture": "#0"},
				"down": {"uv": [7.375, 4.25, 7.25, 4.75], "texture": "#0"}
			}
		},
		{
			"from": [11.475, 23, 7.4],
			"to": [11.725, 23.25, 9.6],
			"faces": {
				"north": {"uv": [2.75, 9.5, 2.875, 9.625], "texture": "#0"},
				"east": {"uv": [4.75, 7.25, 5.25, 7.375], "texture": "#0"},
				"south": {"uv": [9.5, 2.75, 9.625, 2.875], "texture": "#0"},
				"west": {"uv": [7.25, 5.25, 7.75, 5.375], "texture": "#0"},
				"up": {"uv": [5.375, 7.75, 5.25, 7.25], "texture": "#0"},
				"down": {"uv": [7.375, 5.5, 7.25, 6], "texture": "#0"}
			}
		},
		{
			"from": [9.475, 22.25, 7.4],
			"to": [9.725, 22.5, 9.6],
			"faces": {
				"north": {"uv": [3, 9.5, 3.125, 9.625], "texture": "#0"},
				"east": {"uv": [6, 7.25, 6.5, 7.375], "texture": "#0"},
				"south": {"uv": [9.5, 3, 9.625, 3.125], "texture": "#0"},
				"west": {"uv": [7.25, 6, 7.75, 6.125], "texture": "#0"},
				"up": {"uv": [7.375, 6.75, 7.25, 6.25], "texture": "#0"},
				"down": {"uv": [6.625, 7.25, 6.5, 7.75], "texture": "#0"}
			}
		},
		{
			"from": [6.225, 22.25, 7.4],
			"to": [6.475, 22.5, 9.6],
			"faces": {
				"north": {"uv": [3.25, 9.5, 3.375, 9.625], "texture": "#0"},
				"east": {"uv": [6.75, 7.25, 7.25, 7.375], "texture": "#0"},
				"south": {"uv": [9.5, 3.25, 9.625, 3.375], "texture": "#0"},
				"west": {"uv": [7.25, 6.75, 7.75, 6.875], "texture": "#0"},
				"up": {"uv": [7.375, 7.75, 7.25, 7.25], "texture": "#0"},
				"down": {"uv": [0.125, 7.5, 0, 8], "texture": "#0"}
			}
		},
		{
			"from": [9.725, 20, 7.4],
			"to": [9.975, 20.25, 9.6],
			"faces": {
				"north": {"uv": [3.5, 9.5, 3.625, 9.625], "texture": "#0"},
				"east": {"uv": [7.5, 0, 8, 0.125], "texture": "#0"},
				"south": {"uv": [9.5, 3.5, 9.625, 3.625], "texture": "#0"},
				"west": {"uv": [7.5, 0.5, 8, 0.625], "texture": "#0"},
				"up": {"uv": [0.375, 8, 0.25, 7.5], "texture": "#0"},
				"down": {"uv": [0.875, 7.5, 0.75, 8], "texture": "#0"}
			}
		},
		{
			"from": [3.225, 24.75, 7.4],
			"to": [3.475, 25, 9.6],
			"faces": {
				"north": {"uv": [3.75, 9.5, 3.875, 9.625], "texture": "#0"},
				"east": {"uv": [7.5, 0.75, 8, 0.875], "texture": "#0"},
				"south": {"uv": [9.5, 3.75, 9.625, 3.875], "texture": "#0"},
				"west": {"uv": [7.5, 1.25, 8, 1.375], "texture": "#0"},
				"up": {"uv": [1.125, 8, 1, 7.5], "texture": "#0"},
				"down": {"uv": [1.875, 7.5, 1.75, 8], "texture": "#0"}
			}
		},
		{
			"from": [11.225, 25.5, 7.4],
			"to": [11.475, 25.75, 9.6],
			"faces": {
				"north": {"uv": [4, 9.5, 4.125, 9.625], "texture": "#0"},
				"east": {"uv": [7.5, 1.5, 8, 1.625], "texture": "#0"},
				"south": {"uv": [9.5, 4, 9.625, 4.125], "texture": "#0"},
				"west": {"uv": [2, 7.5, 2.5, 7.625], "texture": "#0"},
				"up": {"uv": [7.625, 2.5, 7.5, 2], "texture": "#0"},
				"down": {"uv": [2.625, 7.5, 2.5, 8], "texture": "#0"}
			}
		},
		{
			"from": [8.725, 18.25, 7.4],
			"to": [8.975, 18.5, 9.6],
			"faces": {
				"north": {"uv": [4.25, 9.5, 4.375, 9.625], "texture": "#0"},
				"east": {"uv": [7.5, 2.5, 8, 2.625], "texture": "#0"},
				"south": {"uv": [9.5, 4.25, 9.625, 4.375], "texture": "#0"},
				"west": {"uv": [2.75, 7.5, 3.25, 7.625], "texture": "#0"},
				"up": {"uv": [7.625, 3.25, 7.5, 2.75], "texture": "#0"},
				"down": {"uv": [3.375, 7.5, 3.25, 8], "texture": "#0"}
			}
		},
		{
			"from": [2.225, 26.5, 7.4],
			"to": [2.475, 26.75, 9.6],
			"faces": {
				"north": {"uv": [4.5, 9.5, 4.625, 9.625], "texture": "#0"},
				"east": {"uv": [7.5, 3.25, 8, 3.375], "texture": "#0"},
				"south": {"uv": [9.5, 4.5, 9.625, 4.625], "texture": "#0"},
				"west": {"uv": [3.5, 7.5, 4, 7.625], "texture": "#0"},
				"up": {"uv": [7.625, 4, 7.5, 3.5], "texture": "#0"},
				"down": {"uv": [4.125, 7.5, 4, 8], "texture": "#0"}
			}
		},
		{
			"from": [5.225, 24, 7.4],
			"to": [5.475, 24.25, 9.6],
			"faces": {
				"north": {"uv": [4.75, 9.5, 4.875, 9.625], "texture": "#0"},
				"east": {"uv": [7.5, 4.25, 8, 4.375], "texture": "#0"},
				"south": {"uv": [9.5, 4.75, 9.625, 4.875], "texture": "#0"},
				"west": {"uv": [4.5, 7.5, 5, 7.625], "texture": "#0"},
				"up": {"uv": [7.625, 5, 7.5, 4.5], "texture": "#0"},
				"down": {"uv": [5.125, 7.5, 5, 8], "texture": "#0"}
			}
		},
		{
			"from": [5.975, 20, 7.4],
			"to": [6.225, 20.25, 9.6],
			"faces": {
				"north": {"uv": [5, 9.5, 5.125, 9.625], "texture": "#0"},
				"east": {"uv": [7.5, 5, 8, 5.125], "texture": "#0"},
				"south": {"uv": [9.5, 5, 9.625, 5.125], "texture": "#0"},
				"west": {"uv": [5.5, 7.5, 6, 7.625], "texture": "#0"},
				"up": {"uv": [7.625, 6, 7.5, 5.5], "texture": "#0"},
				"down": {"uv": [6.125, 7.5, 6, 8], "texture": "#0"}
			}
		},
		{
			"from": [4.225, 23, 7.4],
			"to": [4.475, 23.25, 9.6],
			"faces": {
				"north": {"uv": [5.25, 9.5, 5.375, 9.625], "texture": "#0"},
				"east": {"uv": [7.5, 6.25, 8, 6.375], "texture": "#0"},
				"south": {"uv": [9.5, 5.25, 9.625, 5.375], "texture": "#0"},
				"west": {"uv": [7.5, 6.5, 8, 6.625], "texture": "#0"},
				"up": {"uv": [6.375, 8, 6.25, 7.5], "texture": "#0"},
				"down": {"uv": [6.875, 7.5, 6.75, 8], "texture": "#0"}
			}
		},
		{
			"from": [8.475, 20.5, 7.4],
			"to": [8.725, 20.75, 9.6],
			"faces": {
				"north": {"uv": [5.5, 9.5, 5.625, 9.625], "texture": "#0"},
				"east": {"uv": [7.5, 7, 8, 7.125], "texture": "#0"},
				"south": {"uv": [9.5, 5.5, 9.625, 5.625], "texture": "#0"},
				"west": {"uv": [7.5, 7.25, 8, 7.375], "texture": "#0"},
				"up": {"uv": [7.125, 8, 7, 7.5], "texture": "#0"},
				"down": {"uv": [7.625, 7.5, 7.5, 8], "texture": "#0"}
			}
		},
		{
			"from": [4.975, 21.75, 7.4],
			"to": [5.225, 22, 9.6],
			"faces": {
				"north": {"uv": [5.75, 9.5, 5.875, 9.625], "texture": "#0"},
				"east": {"uv": [7.75, 0.25, 8.25, 0.375], "texture": "#0"},
				"south": {"uv": [9.5, 5.75, 9.625, 5.875], "texture": "#0"},
				"west": {"uv": [7.75, 1, 8.25, 1.125], "texture": "#0"},
				"up": {"uv": [0.625, 8.25, 0.5, 7.75], "texture": "#0"},
				"down": {"uv": [1.375, 7.75, 1.25, 8.25], "texture": "#0"}
			}
		},
		{
			"from": [6.975, 21, 7.4],
			"to": [7.225, 21.25, 9.6],
			"faces": {
				"north": {"uv": [6, 9.5, 6.125, 9.625], "texture": "#0"},
				"east": {"uv": [7.75, 1.75, 8.25, 1.875], "texture": "#0"},
				"south": {"uv": [9.5, 6, 9.625, 6.125], "texture": "#0"},
				"west": {"uv": [2, 7.75, 2.5, 7.875], "texture": "#0"},
				"up": {"uv": [1.625, 8.25, 1.5, 7.75], "texture": "#0"},
				"down": {"uv": [7.875, 2, 7.75, 2.5], "texture": "#0"}
			}
		},
		{
			"from": [4.475, 26.25, 7.4],
			"to": [4.725, 27, 9.6],
			"faces": {
				"north": {"uv": [9.25, 3, 9.375, 3.25], "texture": "#0"},
				"east": {"uv": [2.75, 5.75, 3.25, 6], "texture": "#0"},
				"south": {"uv": [9.25, 3.25, 9.375, 3.5], "texture": "#0"},
				"west": {"uv": [5.75, 3, 6.25, 3.25], "texture": "#0"},
				"up": {"uv": [2.875, 8.25, 2.75, 7.75], "texture": "#0"},
				"down": {"uv": [7.875, 2.75, 7.75, 3.25], "texture": "#0"}
			}
		},
		{
			"from": [11.225, 27.75, 7.4],
			"to": [11.475, 28, 9.6],
			"faces": {
				"north": {"uv": [6.25, 9.5, 6.375, 9.625], "texture": "#0"},
				"east": {"uv": [3.5, 7.75, 4, 7.875], "texture": "#0"},
				"south": {"uv": [9.5, 6.25, 9.625, 6.375], "texture": "#0"},
				"west": {"uv": [7.75, 3.5, 8.25, 3.625], "texture": "#0"},
				"up": {"uv": [3.125, 8.25, 3, 7.75], "texture": "#0"},
				"down": {"uv": [7.875, 3.75, 7.75, 4.25], "texture": "#0"}
			}
		},
		{
			"from": [5.475, 27.25, 7.4],
			"to": [10.475, 28.5, 9.6],
			"faces": {
				"north": {"uv": [0, 1, 1.25, 1.375], "texture": "#0"},
				"east": {"uv": [4, 4.5, 4.5, 4.875], "texture": "#0"},
				"south": {"uv": [1.25, 0, 2.5, 0.375], "texture": "#0"},
				"west": {"uv": [4.5, 4, 5, 4.375], "texture": "#0"},
				"up": {"uv": [1.25, 0.5, 0, 0], "texture": "#0"},
				"down": {"uv": [1.25, 0.5, 0, 1], "texture": "#0"}
			}
		},
		{
			"from": [6.975, 22.75, 7.4],
			"to": [8.975, 24.5, 9.6],
			"faces": {
				"north": {"uv": [3.5, 2.5, 4, 3], "texture": "#0"},
				"east": {"uv": [3.5, 3, 4, 3.5], "texture": "#0"},
				"south": {"uv": [3.5, 3.5, 4, 4], "texture": "#0"},
				"west": {"uv": [0, 3.75, 0.5, 4.25], "texture": "#0"},
				"up": {"uv": [4.25, 0.5, 3.75, 0], "texture": "#0"},
				"down": {"uv": [1, 3.75, 0.5, 4.25], "texture": "#0"}
			}
		},
		{
			"from": [5.725, 25, 7.4],
			"to": [6.975, 27.25, 9.6],
			"faces": {
				"north": {"uv": [4, 3, 4.375, 3.625], "texture": "#0"},
				"east": {"uv": [2.5, 2.5, 3, 3.125], "texture": "#0"},
				"south": {"uv": [3.5, 4, 3.875, 4.625], "texture": "#0"},
				"west": {"uv": [2, 2.75, 2.5, 3.375], "texture": "#0"},
				"up": {"uv": [4.875, 5, 4.5, 4.5], "texture": "#0"},
				"down": {"uv": [5.125, 0, 4.75, 0.5], "texture": "#0"}
			}
		},
		{
			"from": [8.975, 25, 7.4],
			"to": [10.225, 27.25, 9.6],
			"faces": {
				"north": {"uv": [4, 3.75, 4.375, 4.375], "texture": "#0"},
				"east": {"uv": [3, 0.5, 3.5, 1.125], "texture": "#0"},
				"south": {"uv": [0, 4.25, 0.375, 4.875], "texture": "#0"},
				"west": {"uv": [3, 1.25, 3.5, 1.875], "texture": "#0"},
				"up": {"uv": [0.875, 5.25, 0.5, 4.75], "texture": "#0"},
				"down": {"uv": [1.375, 4.75, 1, 5.25], "texture": "#0"}
			}
		},
		{
			"from": [5.975, 24.5, 7.4],
			"to": [7.725, 25, 9.6],
			"faces": {
				"north": {"uv": [4.25, 7.75, 4.75, 7.875], "texture": "#0"},
				"east": {"uv": [7.75, 4.5, 8.25, 4.625], "texture": "#0"},
				"south": {"uv": [7.75, 4.75, 8.25, 4.875], "texture": "#0"},
				"west": {"uv": [5.25, 7.75, 5.75, 7.875], "texture": "#0"},
				"up": {"uv": [1.5, 4.25, 1, 3.75], "texture": "#0"},
				"down": {"uv": [2, 3.75, 1.5, 4.25], "texture": "#0"}
			}
		},
		{
			"from": [8.225, 24.5, 7.4],
			"to": [9.975, 25, 9.6],
			"faces": {
				"north": {"uv": [7.75, 5.25, 8.25, 5.375], "texture": "#0"},
				"east": {"uv": [7.75, 5.5, 8.25, 5.625], "texture": "#0"},
				"south": {"uv": [7.75, 5.75, 8.25, 5.875], "texture": "#0"},
				"west": {"uv": [7.75, 6, 8.25, 6.125], "texture": "#0"},
				"up": {"uv": [3, 4.25, 2.5, 3.75], "texture": "#0"},
				"down": {"uv": [3.5, 3.75, 3, 4.25], "texture": "#0"}
			}
		},
		{
			"from": [7.475, 22, 7.4],
			"to": [8.475, 22.75, 9.6],
			"faces": {
				"north": {"uv": [3.75, 5.25, 4, 5.5], "texture": "#0"},
				"east": {"uv": [3.25, 5.75, 3.75, 6], "texture": "#0"},
				"south": {"uv": [6, 2.75, 6.25, 3], "texture": "#0"},
				"west": {"uv": [5.75, 3.25, 6.25, 3.5], "texture": "#0"},
				"up": {"uv": [6, 4, 5.75, 3.5], "texture": "#0"},
				"down": {"uv": [4, 5.75, 3.75, 6.25], "texture": "#0"}
			}
		},
		{
			"from": [4.475, 27, 7.4],
			"to": [5.475, 27.75, 9.6],
			"faces": {
				"north": {"uv": [4.75, 7.75, 5, 8], "texture": "#0"},
				"east": {"uv": [4, 5.75, 4.5, 6], "texture": "#0"},
				"south": {"uv": [5.75, 7.75, 6, 8], "texture": "#0"},
				"west": {"uv": [5.75, 4, 6.25, 4.25], "texture": "#0"},
				"up": {"uv": [6, 4.75, 5.75, 4.25], "texture": "#0"},
				"down": {"uv": [4.75, 5.75, 4.5, 6.25], "texture": "#0"}
			}
		},
		{
			"from": [10.475, 27, 7.4],
			"to": [11.475, 27.75, 9.6],
			"faces": {
				"north": {"uv": [6.5, 7.75, 6.75, 8], "texture": "#0"},
				"east": {"uv": [4.75, 5.75, 5.25, 6], "texture": "#0"},
				"south": {"uv": [7.75, 6.75, 8, 7], "texture": "#0"},
				"west": {"uv": [5.75, 4.75, 6.25, 5], "texture": "#0"},
				"up": {"uv": [6, 5.5, 5.75, 5], "texture": "#0"},
				"down": {"uv": [5.5, 5.75, 5.25, 6.25], "texture": "#0"}
			}
		},
		{
			"from": [5.475, 25.5, 7.4],
			"to": [5.725, 27.25, 9.6],
			"faces": {
				"north": {"uv": [7.25, 7.75, 7.375, 8.25], "texture": "#0"},
				"east": {"uv": [4, 0.5, 4.5, 1], "texture": "#0"},
				"south": {"uv": [7.75, 7.5, 7.875, 8], "texture": "#0"},
				"west": {"uv": [4, 1, 4.5, 1.5], "texture": "#0"},
				"up": {"uv": [0.125, 8.5, 0, 8], "texture": "#0"},
				"down": {"uv": [0.375, 8, 0.25, 8.5], "texture": "#0"}
			}
		},
		{
			"from": [10.225, 25.5, 7.4],
			"to": [10.475, 27.25, 9.6],
			"faces": {
				"north": {"uv": [8, 0.5, 8.125, 1], "texture": "#0"},
				"east": {"uv": [4, 1.5, 4.5, 2], "texture": "#0"},
				"south": {"uv": [0.75, 8, 0.875, 8.5], "texture": "#0"},
				"west": {"uv": [2, 4, 2.5, 4.5], "texture": "#0"},
				"up": {"uv": [1.125, 8.5, 1, 8], "texture": "#0"},
				"down": {"uv": [8.125, 1.25, 8, 1.75], "texture": "#0"}
			}
		},
		{
			"from": [6.225, 24, 7.4],
			"to": [6.975, 24.5, 9.6],
			"faces": {
				"north": {"uv": [9.25, 3.5, 9.5, 3.625], "texture": "#0"},
				"east": {"uv": [8, 0, 8.5, 0.125], "texture": "#0"},
				"south": {"uv": [9.25, 3.75, 9.5, 3.875], "texture": "#0"},
				"west": {"uv": [1.75, 8, 2.25, 8.125], "texture": "#0"},
				"up": {"uv": [5.75, 6.25, 5.5, 5.75], "texture": "#0"},
				"down": {"uv": [6, 5.5, 5.75, 6], "texture": "#0"}
			}
		},
		{
			"from": [8.975, 23.75, 7.4],
			"to": [9.475, 24.5, 9.6],
			"faces": {
				"north": {"uv": [9.25, 4, 9.375, 4.25], "texture": "#0"},
				"east": {"uv": [0, 6, 0.5, 6.25], "texture": "#0"},
				"south": {"uv": [9.25, 4.25, 9.375, 4.5], "texture": "#0"},
				"west": {"uv": [6, 0, 6.5, 0.25], "texture": "#0"},
				"up": {"uv": [8.125, 2.5, 8, 2], "texture": "#0"},
				"down": {"uv": [2.375, 8, 2.25, 8.5], "texture": "#0"}
			}
		},
		{
			"from": [8.725, 25, 7.4],
			"to": [8.975, 26, 9.6],
			"faces": {
				"north": {"uv": [9.25, 4.5, 9.375, 4.75], "texture": "#0"},
				"east": {"uv": [6, 0.25, 6.5, 0.5], "texture": "#0"},
				"south": {"uv": [4.75, 9.25, 4.875, 9.5], "texture": "#0"},
				"west": {"uv": [0.5, 6, 1, 6.25], "texture": "#0"},
				"up": {"uv": [2.625, 8.5, 2.5, 8], "texture": "#0"},
				"down": {"uv": [8.125, 2.5, 8, 3], "texture": "#0"}
			}
		},
		{
			"from": [6.975, 25, 7.4],
			"to": [7.475, 25.5, 9.6],
			"faces": {
				"north": {"uv": [6.5, 9.5, 6.625, 9.625], "texture": "#0"},
				"east": {"uv": [8, 3, 8.5, 3.125], "texture": "#0"},
				"south": {"uv": [9.5, 6.5, 9.625, 6.625], "texture": "#0"},
				"west": {"uv": [3.25, 8, 3.75, 8.125], "texture": "#0"},
				"up": {"uv": [3.875, 8.5, 3.75, 8], "texture": "#0"},
				"down": {"uv": [8.125, 3.75, 8, 4.25], "texture": "#0"}
			}
		},
		{
			"from": [7.725, 21.5, 7.4],
			"to": [8.225, 22, 9.6],
			"faces": {
				"north": {"uv": [6.75, 9.5, 6.875, 9.625], "texture": "#0"},
				"east": {"uv": [8, 3.25, 8.5, 3.375], "texture": "#0"},
				"south": {"uv": [9.5, 6.75, 9.625, 6.875], "texture": "#0"},
				"west": {"uv": [4, 8, 4.5, 8.125], "texture": "#0"},
				"up": {"uv": [4.625, 8.5, 4.5, 8], "texture": "#0"},
				"down": {"uv": [4.875, 8, 4.75, 8.5], "texture": "#0"}
			}
		},
		{
			"from": [11.225, 26.25, 7.4],
			"to": [11.475, 27, 9.6],
			"faces": {
				"north": {"uv": [9.25, 4.75, 9.375, 5], "texture": "#0"},
				"east": {"uv": [6, 0.5, 6.5, 0.75], "texture": "#0"},
				"south": {"uv": [5, 9.25, 5.125, 9.5], "texture": "#0"},
				"west": {"uv": [6, 0.75, 6.5, 1], "texture": "#0"},
				"up": {"uv": [5.125, 8.5, 5, 8], "texture": "#0"},
				"down": {"uv": [5.375, 8, 5.25, 8.5], "texture": "#0"}
			}
		},
		{
			"from": [5.225, 25.75, 7.4],
			"to": [5.475, 26.5, 9.6],
			"faces": {
				"north": {"uv": [9.25, 5, 9.375, 5.25], "texture": "#0"},
				"east": {"uv": [1, 6, 1.5, 6.25], "texture": "#0"},
				"south": {"uv": [5.25, 9.25, 5.375, 9.5], "texture": "#0"},
				"west": {"uv": [6, 1, 6.5, 1.25], "texture": "#0"},
				"up": {"uv": [5.625, 8.5, 5.5, 8], "texture": "#0"},
				"down": {"uv": [5.875, 8, 5.75, 8.5], "texture": "#0"}
			}
		},
		{
			"from": [6.725, 23.25, 7.4],
			"to": [6.975, 24, 9.6],
			"faces": {
				"north": {"uv": [9.25, 5.25, 9.375, 5.5], "texture": "#0"},
				"east": {"uv": [6, 1.25, 6.5, 1.5], "texture": "#0"},
				"south": {"uv": [5.5, 9.25, 5.625, 9.5], "texture": "#0"},
				"west": {"uv": [1.5, 6, 2, 6.25], "texture": "#0"},
				"up": {"uv": [6.125, 8.5, 6, 8], "texture": "#0"},
				"down": {"uv": [6.375, 8, 6.25, 8.5], "texture": "#0"}
			}
		},
		{
			"from": [8.725, 26.5, 7.4],
			"to": [8.975, 27.25, 9.6],
			"faces": {
				"north": {"uv": [9.25, 5.5, 9.375, 5.75], "texture": "#0"},
				"east": {"uv": [6, 1.5, 6.5, 1.75], "texture": "#0"},
				"south": {"uv": [5.75, 9.25, 5.875, 9.5], "texture": "#0"},
				"west": {"uv": [6, 1.75, 6.5, 2], "texture": "#0"},
				"up": {"uv": [8.125, 6.75, 8, 6.25], "texture": "#0"},
				"down": {"uv": [6.625, 8, 6.5, 8.5], "texture": "#0"}
			}
		},
		{
			"from": [6.975, 26.5, 7.4],
			"to": [7.225, 27.25, 9.6],
			"faces": {
				"north": {"uv": [9.25, 5.75, 9.375, 6], "texture": "#0"},
				"east": {"uv": [2, 6, 2.5, 6.25], "texture": "#0"},
				"south": {"uv": [6, 9.25, 6.125, 9.5], "texture": "#0"},
				"west": {"uv": [6, 2, 6.5, 2.25], "texture": "#0"},
				"up": {"uv": [6.875, 8.5, 6.75, 8], "texture": "#0"},
				"down": {"uv": [8.125, 6.75, 8, 7.25], "texture": "#0"}
			}
		},
		{
			"from": [10.475, 25.75, 7.4],
			"to": [10.725, 26.5, 9.6],
			"faces": {
				"north": {"uv": [9.25, 6, 9.375, 6.25], "texture": "#0"},
				"east": {"uv": [6, 2.25, 6.5, 2.5], "texture": "#0"},
				"south": {"uv": [6.25, 9.25, 6.375, 9.5], "texture": "#0"},
				"west": {"uv": [6, 2.5, 6.5, 2.75], "texture": "#0"},
				"up": {"uv": [7.125, 8.5, 7, 8], "texture": "#0"},
				"down": {"uv": [8.125, 7.25, 8, 7.75], "texture": "#0"}
			}
		},
		{
			"from": [6.975, 25.5, 7.4],
			"to": [7.225, 26, 9.6],
			"faces": {
				"north": {"uv": [7, 9.5, 7.125, 9.625], "texture": "#0"},
				"east": {"uv": [8, 4.25, 8.5, 4.375], "texture": "#0"},
				"south": {"uv": [9.5, 7, 9.625, 7.125], "texture": "#0"},
				"west": {"uv": [8, 5, 8.5, 5.125], "texture": "#0"},
				"up": {"uv": [7.625, 8.5, 7.5, 8], "texture": "#0"},
				"down": {"uv": [7.875, 8, 7.75, 8.5], "texture": "#0"}
			}
		},
		{
			"from": [8.475, 25, 7.4],
			"to": [8.725, 25.5, 9.6],
			"faces": {
				"north": {"uv": [7.25, 9.5, 7.375, 9.625], "texture": "#0"},
				"east": {"uv": [8, 7.75, 8.5, 7.875], "texture": "#0"},
				"south": {"uv": [9.5, 7.25, 9.625, 7.375], "texture": "#0"},
				"west": {"uv": [8, 8, 8.5, 8.125], "texture": "#0"},
				"up": {"uv": [8.375, 0.75, 8.25, 0.25], "texture": "#0"},
				"down": {"uv": [0.625, 8.25, 0.5, 8.75], "texture": "#0"}
			}
		},
		{
			"from": [5.225, 27.75, 7.4],
			"to": [5.475, 28.25, 9.6],
			"faces": {
				"north": {"uv": [7.5, 9.5, 7.625, 9.625], "texture": "#0"},
				"east": {"uv": [8.25, 0.75, 8.75, 0.875], "texture": "#0"},
				"south": {"uv": [9.5, 7.5, 9.625, 7.625], "texture": "#0"},
				"west": {"uv": [8.25, 1, 8.75, 1.125], "texture": "#0"},
				"up": {"uv": [1.375, 8.75, 1.25, 8.25], "texture": "#0"},
				"down": {"uv": [8.375, 1.25, 8.25, 1.75], "texture": "#0"}
			}
		},
		{
			"from": [8.975, 23.25, 7.4],
			"to": [9.225, 23.75, 9.6],
			"faces": {
				"north": {"uv": [7.75, 9.5, 7.875, 9.625], "texture": "#0"},
				"east": {"uv": [1.5, 8.25, 2, 8.375], "texture": "#0"},
				"south": {"uv": [9.5, 7.75, 9.625, 7.875], "texture": "#0"},
				"west": {"uv": [8.25, 1.75, 8.75, 1.875], "texture": "#0"},
				"up": {"uv": [2.125, 8.75, 2, 8.25], "texture": "#0"},
				"down": {"uv": [8.375, 2, 8.25, 2.5], "texture": "#0"}
			}
		},
		{
			"from": [8.475, 22.25, 7.4],
			"to": [8.725, 22.75, 9.6],
			"faces": {
				"north": {"uv": [8, 9.5, 8.125, 9.625], "texture": "#0"},
				"east": {"uv": [8.25, 2.5, 8.75, 2.625], "texture": "#0"},
				"south": {"uv": [9.5, 8, 9.625, 8.125], "texture": "#0"},
				"west": {"uv": [2.75, 8.25, 3.25, 8.375], "texture": "#0"},
				"up": {"uv": [3.375, 8.75, 3.25, 8.25], "texture": "#0"},
				"down": {"uv": [3.625, 8.25, 3.5, 8.75], "texture": "#0"}
			}
		},
		{
			"from": [10.475, 27.75, 7.4],
			"to": [10.725, 28.25, 9.6],
			"faces": {
				"north": {"uv": [8.25, 9.5, 8.375, 9.625], "texture": "#0"},
				"east": {"uv": [8.25, 2.75, 8.75, 2.875], "texture": "#0"},
				"south": {"uv": [9.5, 8.25, 9.625, 8.375], "texture": "#0"},
				"west": {"uv": [8.25, 3.5, 8.75, 3.625], "texture": "#0"},
				"up": {"uv": [8.375, 4.25, 8.25, 3.75], "texture": "#0"},
				"down": {"uv": [4.125, 8.25, 4, 8.75], "texture": "#0"}
			}
		},
		{
			"from": [7.225, 27, 7.4],
			"to": [7.475, 27.25, 9.6],
			"faces": {
				"north": {"uv": [8.5, 9.5, 8.625, 9.625], "texture": "#0"},
				"east": {"uv": [8.25, 4.5, 8.75, 4.625], "texture": "#0"},
				"south": {"uv": [9.5, 8.5, 9.625, 8.625], "texture": "#0"},
				"west": {"uv": [8.25, 4.75, 8.75, 4.875], "texture": "#0"},
				"up": {"uv": [4.375, 8.75, 4.25, 8.25], "texture": "#0"},
				"down": {"uv": [8.375, 5.25, 8.25, 5.75], "texture": "#0"}
			}
		},
		{
			"from": [9.475, 24.25, 7.4],
			"to": [9.725, 24.5, 9.6],
			"faces": {
				"north": {"uv": [8.75, 9.5, 8.875, 9.625], "texture": "#0"},
				"east": {"uv": [8.25, 5.75, 8.75, 5.875], "texture": "#0"},
				"south": {"uv": [9.5, 8.75, 9.625, 8.875], "texture": "#0"},
				"west": {"uv": [8.25, 6, 8.75, 6.125], "texture": "#0"},
				"up": {"uv": [8.375, 6.75, 8.25, 6.25], "texture": "#0"},
				"down": {"uv": [8.375, 6.75, 8.25, 7.25], "texture": "#0"}
			}
		},
		{
			"from": [6.475, 23.75, 7.4],
			"to": [6.725, 24, 9.6],
			"faces": {
				"north": {"uv": [9, 9.5, 9.125, 9.625], "texture": "#0"},
				"east": {"uv": [8.25, 7.25, 8.75, 7.375], "texture": "#0"},
				"south": {"uv": [9.5, 9, 9.625, 9.125], "texture": "#0"},
				"west": {"uv": [8.25, 7.5, 8.75, 7.625], "texture": "#0"},
				"up": {"uv": [7.375, 8.75, 7.25, 8.25], "texture": "#0"},
				"down": {"uv": [8.125, 8.25, 8, 8.75], "texture": "#0"}
			}
		},
		{
			"from": [4.725, 26.75, 7.4],
			"to": [4.975, 27, 9.6],
			"faces": {
				"north": {"uv": [9.25, 9.5, 9.375, 9.625], "texture": "#0"},
				"east": {"uv": [8.25, 8.25, 8.75, 8.375], "texture": "#0"},
				"south": {"uv": [9.5, 9.25, 9.625, 9.375], "texture": "#0"},
				"west": {"uv": [0, 8.5, 0.5, 8.625], "texture": "#0"},
				"up": {"uv": [8.625, 0.5, 8.5, 0], "texture": "#0"},
				"down": {"uv": [0.875, 8.5, 0.75, 9], "texture": "#0"}
			}
		},
		{
			"from": [7.225, 22.5, 7.4],
			"to": [7.475, 22.75, 9.6],
			"faces": {
				"north": {"uv": [9.5, 9.5, 9.625, 9.625], "texture": "#0"},
				"east": {"uv": [8.5, 0.5, 9, 0.625], "texture": "#0"},
				"south": {"uv": [0, 9.75, 0.125, 9.875], "texture": "#0"},
				"west": {"uv": [8.5, 1.25, 9, 1.375], "texture": "#0"},
				"up": {"uv": [1.125, 9, 1, 8.5], "texture": "#0"},
				"down": {"uv": [1.625, 8.5, 1.5, 9], "texture": "#0"}
			}
		},
		{
			"from": [8.475, 27, 7.4],
			"to": [8.725, 27.25, 9.6],
			"faces": {
				"north": {"uv": [9.75, 0, 9.875, 0.125], "texture": "#0"},
				"east": {"uv": [8.5, 1.5, 9, 1.625], "texture": "#0"},
				"south": {"uv": [0.25, 9.75, 0.375, 9.875], "texture": "#0"},
				"west": {"uv": [8.5, 2, 9, 2.125], "texture": "#0"},
				"up": {"uv": [1.875, 9, 1.75, 8.5], "texture": "#0"},
				"down": {"uv": [2.375, 8.5, 2.25, 9], "texture": "#0"}
			}
		},
		{
			"from": [4.475, 27.75, 7.4],
			"to": [4.725, 28, 9.6],
			"faces": {
				"north": {"uv": [9.75, 0.25, 9.875, 0.375], "texture": "#0"},
				"east": {"uv": [8.5, 2.25, 9, 2.375], "texture": "#0"},
				"south": {"uv": [0.5, 9.75, 0.625, 9.875], "texture": "#0"},
				"west": {"uv": [2.5, 8.5, 3, 8.625], "texture": "#0"},
				"up": {"uv": [3.125, 9, 3, 8.5], "texture": "#0"},
				"down": {"uv": [8.625, 3, 8.5, 3.5], "texture": "#0"}
			}
		},
		{
			"from": [10.975, 26.75, 7.4],
			"to": [11.225, 27, 9.6],
			"faces": {
				"north": {"uv": [9.75, 0.5, 9.875, 0.625], "texture": "#0"},
				"east": {"uv": [8.5, 3.75, 9, 3.875], "texture": "#0"},
				"south": {"uv": [0.75, 9.75, 0.875, 9.875], "texture": "#0"},
				"west": {"uv": [8.5, 4, 9, 4.125], "texture": "#0"},
				"up": {"uv": [3.875, 9, 3.75, 8.5], "texture": "#0"},
				"down": {"uv": [4.625, 8.5, 4.5, 9], "texture": "#0"}
			}
		},
		{
			"from": [7.725, 24.5, 7.4],
			"to": [7.975, 24.75, 9.6],
			"faces": {
				"north": {"uv": [9.75, 0.75, 9.875, 0.875], "texture": "#0"},
				"east": {"uv": [8.5, 4.25, 9, 4.375], "texture": "#0"},
				"south": {"uv": [1, 9.75, 1.125, 9.875], "texture": "#0"},
				"west": {"uv": [4.75, 8.5, 5.25, 8.625], "texture": "#0"},
				"up": {"uv": [8.625, 5.5, 8.5, 5], "texture": "#0"},
				"down": {"uv": [5.375, 8.5, 5.25, 9], "texture": "#0"}
			}
		},
		{
			"from": [10.725, 27.75, 7.375],
			"to": [10.975, 28, 9.575],
			"faces": {
				"north": {"uv": [9.75, 1, 9.875, 1.125], "texture": "#0"},
				"east": {"uv": [5.5, 8.5, 6, 8.625], "texture": "#0"},
				"south": {"uv": [1.25, 9.75, 1.375, 9.875], "texture": "#0"},
				"west": {"uv": [8.5, 5.5, 9, 5.625], "texture": "#0"},
				"up": {"uv": [6.125, 9, 6, 8.5], "texture": "#0"},
				"down": {"uv": [6.375, 8.5, 6.25, 9], "texture": "#0"}
			}
		},
		{
			"from": [7.225, 22.25, 7.4],
			"to": [7.475, 22.5, 9.6],
			"faces": {
				"north": {"uv": [9.75, 1.25, 9.875, 1.375], "texture": "#0"},
				"east": {"uv": [8.5, 6.25, 9, 6.375], "texture": "#0"},
				"south": {"uv": [1.5, 9.75, 1.625, 9.875], "texture": "#0"},
				"west": {"uv": [6.5, 8.5, 7, 8.625], "texture": "#0"},
				"up": {"uv": [8.625, 7, 8.5, 6.5], "texture": "#0"},
				"down": {"uv": [7.125, 8.5, 7, 9], "texture": "#0"}
			}
		},
		{
			"from": [9.475, 24, 7.4],
			"to": [9.725, 24.25, 9.6],
			"faces": {
				"north": {"uv": [9.75, 1.5, 9.875, 1.625], "texture": "#0"},
				"east": {"uv": [8.5, 7, 9, 7.125], "texture": "#0"},
				"south": {"uv": [1.75, 9.75, 1.875, 9.875], "texture": "#0"},
				"west": {"uv": [7.5, 8.5, 8, 8.625], "texture": "#0"},
				"up": {"uv": [8.625, 8.25, 8.5, 7.75], "texture": "#0"},
				"down": {"uv": [8.375, 8.5, 8.25, 9], "texture": "#0"}
			}
		},
		{
			"from": [7.975, 24.5, 7.4],
			"to": [8.225, 24.75, 9.6],
			"faces": {
				"north": {"uv": [9.75, 1.75, 9.875, 1.875], "texture": "#0"},
				"east": {"uv": [8.5, 8.5, 9, 8.625], "texture": "#0"},
				"south": {"uv": [2, 9.75, 2.125, 9.875], "texture": "#0"},
				"west": {"uv": [0, 8.75, 0.5, 8.875], "texture": "#0"},
				"up": {"uv": [8.875, 0.5, 8.75, 0], "texture": "#0"},
				"down": {"uv": [0.625, 8.75, 0.5, 9.25], "texture": "#0"}
			}
		},
		{
			"from": [4.975, 27.75, 7.4],
			"to": [5.225, 28, 9.6],
			"faces": {
				"north": {"uv": [9.75, 2, 9.875, 2.125], "texture": "#0"},
				"east": {"uv": [8.75, 0.75, 9.25, 0.875], "texture": "#0"},
				"south": {"uv": [2.25, 9.75, 2.375, 9.875], "texture": "#0"},
				"west": {"uv": [8.75, 1, 9.25, 1.125], "texture": "#0"},
				"up": {"uv": [1.375, 9.25, 1.25, 8.75], "texture": "#0"},
				"down": {"uv": [2.125, 8.75, 2, 9.25], "texture": "#0"}
			}
		},
		{
			"from": [7.225, 29, 7.4],
			"to": [8.725, 32, 9.6],
			"faces": {
				"north": {"uv": [1.5, 3, 1.875, 3.75], "texture": "#0"},
				"east": {"uv": [2, 1.25, 2.5, 2], "texture": "#0"},
				"south": {"uv": [3, 2, 3.375, 2.75], "texture": "#0"},
				"west": {"uv": [2, 2, 2.5, 2.75], "texture": "#0"},
				"up": {"uv": [1.875, 5.25, 1.5, 4.75], "texture": "#0"},
				"down": {"uv": [5.125, 2, 4.75, 2.5], "texture": "#0"}
			}
		},
		{
			"from": [6.725, 30, 7.4],
			"to": [7.225, 31.5, 9.6],
			"faces": {
				"north": {"uv": [9, 3.75, 9.125, 4.125], "texture": "#0"},
				"east": {"uv": [2.5, 4.75, 3, 5.125], "texture": "#0"},
				"south": {"uv": [4, 9, 4.125, 9.375], "texture": "#0"},
				"west": {"uv": [4.75, 2.5, 5.25, 2.875], "texture": "#0"},
				"up": {"uv": [2.625, 9.25, 2.5, 8.75], "texture": "#0"},
				"down": {"uv": [8.875, 2.5, 8.75, 3], "texture": "#0"}
			}
		},
		{
			"from": [8.725, 30, 7.4],
			"to": [9.225, 31.25, 9.6],
			"faces": {
				"north": {"uv": [4.25, 9, 4.375, 9.375], "texture": "#0"},
				"east": {"uv": [3, 4.75, 3.5, 5.125], "texture": "#0"},
				"south": {"uv": [4.5, 9, 4.625, 9.375], "texture": "#0"},
				"west": {"uv": [3.5, 4.75, 4, 5.125], "texture": "#0"},
				"up": {"uv": [2.875, 9.25, 2.75, 8.75], "texture": "#0"},
				"down": {"uv": [8.875, 3, 8.75, 3.5], "texture": "#0"}
			}
		},
		{
			"from": [7.475, 28.75, 7.4],
			"to": [8.475, 29, 9.6],
			"faces": {
				"north": {"uv": [9.25, 6.25, 9.5, 6.375], "texture": "#0"},
				"east": {"uv": [8.75, 1.75, 9.25, 1.875], "texture": "#0"},
				"south": {"uv": [6.5, 9.25, 6.75, 9.375], "texture": "#0"},
				"west": {"uv": [3.25, 8.75, 3.75, 8.875], "texture": "#0"},
				"up": {"uv": [3, 6.5, 2.75, 6], "texture": "#0"},
				"down": {"uv": [3.25, 6, 3, 6.5], "texture": "#0"}
			}
		},
		{
			"from": [7.475, 31.5, 7.4],
			"to": [8.475, 32, 9.6],
			"faces": {
				"north": {"uv": [9.25, 6.5, 9.5, 6.625], "texture": "#0"},
				"east": {"uv": [8.75, 3.5, 9.25, 3.625], "texture": "#0"},
				"south": {"uv": [6.75, 9.25, 7, 9.375], "texture": "#0"},
				"west": {"uv": [4, 8.75, 4.5, 8.875], "texture": "#0"},
				"up": {"uv": [3.5, 6.5, 3.25, 6], "texture": "#0"},
				"down": {"uv": [3.75, 6, 3.5, 6.5], "texture": "#0"}
			}
		},
		{
			"from": [7.725, 31.75, 7.4],
			"to": [8.225, 32, 9.6],
			"faces": {
				"north": {"uv": [9.75, 2.25, 9.875, 2.375], "texture": "#0"},
				"east": {"uv": [8.75, 4.5, 9.25, 4.625], "texture": "#0"},
				"south": {"uv": [2.5, 9.75, 2.625, 9.875], "texture": "#0"},
				"west": {"uv": [4.75, 8.75, 5.25, 8.875], "texture": "#0"},
				"up": {"uv": [8.875, 5.25, 8.75, 4.75], "texture": "#0"},
				"down": {"uv": [5.625, 8.75, 5.5, 9.25], "texture": "#0"}
			}
		},
		{
			"from": [6.475, 30.5, 7.4],
			"to": [6.725, 31, 9.6],
			"faces": {
				"north": {"uv": [9.75, 2.5, 9.875, 2.625], "texture": "#0"},
				"east": {"uv": [8.75, 5.25, 9.25, 5.375], "texture": "#0"},
				"south": {"uv": [2.75, 9.75, 2.875, 9.875], "texture": "#0"},
				"west": {"uv": [8.75, 5.75, 9.25, 5.875], "texture": "#0"},
				"up": {"uv": [5.875, 9.25, 5.75, 8.75], "texture": "#0"},
				"down": {"uv": [6.625, 8.75, 6.5, 9.25], "texture": "#0"}
			}
		},
		{
			"from": [9.225, 30.5, 7.4],
			"to": [9.475, 31, 9.6],
			"faces": {
				"north": {"uv": [9.75, 2.75, 9.875, 2.875], "texture": "#0"},
				"east": {"uv": [8.75, 6, 9.25, 6.125], "texture": "#0"},
				"south": {"uv": [3, 9.75, 3.125, 9.875], "texture": "#0"},
				"west": {"uv": [8.75, 6.5, 9.25, 6.625], "texture": "#0"},
				"up": {"uv": [6.875, 9.25, 6.75, 8.75], "texture": "#0"},
				"down": {"uv": [7.375, 8.75, 7.25, 9.25], "texture": "#0"}
			}
		},
		{
			"from": [8.725, 31.25, 7.4],
			"to": [8.975, 31.75, 9.6],
			"faces": {
				"north": {"uv": [9.75, 3, 9.875, 3.125], "texture": "#0"},
				"east": {"uv": [8.75, 6.75, 9.25, 6.875], "texture": "#0"},
				"south": {"uv": [3.25, 9.75, 3.375, 9.875], "texture": "#0"},
				"west": {"uv": [8.75, 7.25, 9.25, 7.375], "texture": "#0"},
				"up": {"uv": [7.625, 9.25, 7.5, 8.75], "texture": "#0"},
				"down": {"uv": [8.875, 7.5, 8.75, 8], "texture": "#0"}
			}
		},
		{
			"from": [7.725, 28.5, 7.4],
			"to": [8.225, 28.75, 9.6],
			"faces": {
				"north": {"uv": [9.75, 3.25, 9.875, 3.375], "texture": "#0"},
				"east": {"uv": [7.75, 8.75, 8.25, 8.875], "texture": "#0"},
				"south": {"uv": [3.5, 9.75, 3.625, 9.875], "texture": "#0"},
				"west": {"uv": [8.75, 8, 9.25, 8.125], "texture": "#0"},
				"up": {"uv": [8.625, 9.25, 8.5, 8.75], "texture": "#0"},
				"down": {"uv": [8.875, 8.75, 8.75, 9.25], "texture": "#0"}
			}
		},
		{
			"from": [6.975, 29.75, 7.4],
			"to": [7.225, 30, 9.6],
			"faces": {
				"north": {"uv": [9.75, 3.5, 9.875, 3.625], "texture": "#0"},
				"east": {"uv": [8.75, 8.25, 9.25, 8.375], "texture": "#0"},
				"south": {"uv": [3.75, 9.75, 3.875, 9.875], "texture": "#0"},
				"west": {"uv": [0, 9, 0.5, 9.125], "texture": "#0"},
				"up": {"uv": [9.125, 0.5, 9, 0], "texture": "#0"},
				"down": {"uv": [0.875, 9, 0.75, 9.5], "texture": "#0"}
			}
		},
		{
			"from": [8.725, 29.75, 7.4],
			"to": [8.975, 30, 9.6],
			"faces": {
				"north": {"uv": [9.75, 3.75, 9.875, 3.875], "texture": "#0"},
				"east": {"uv": [9, 0.5, 9.5, 0.625], "texture": "#0"},
				"south": {"uv": [4, 9.75, 4.125, 9.875], "texture": "#0"},
				"west": {"uv": [9, 1.25, 9.5, 1.375], "texture": "#0"},
				"up": {"uv": [1.125, 9.5, 1, 9], "texture": "#0"},
				"down": {"uv": [1.625, 9, 1.5, 9.5], "texture": "#0"}
			}
		},
		{
			"from": [6.975, 31.5, 7.4],
			"to": [7.225, 31.75, 9.6],
			"faces": {
				"north": {"uv": [9.75, 4, 9.875, 4.125], "texture": "#0"},
				"east": {"uv": [9, 1.5, 9.5, 1.625], "texture": "#0"},
				"south": {"uv": [4.25, 9.75, 4.375, 9.875], "texture": "#0"},
				"west": {"uv": [9, 2, 9.5, 2.125], "texture": "#0"},
				"up": {"uv": [1.875, 9.5, 1.75, 9], "texture": "#0"},
				"down": {"uv": [2.375, 9, 2.25, 9.5], "texture": "#0"}
			}
		}
	],
	"display": {
		"thirdperson_righthand": {
			"rotation": [-7, -98, 8],
			"translation": [0, -1.75, 0],
			"scale": [0.4, 0.4, 0.4]
		},
		"thirdperson_lefthand": {
			"rotation": [0, -146, 0],
			"translation": [0, -2.5, 0],
			"scale": [0.4, 0.4, 0.4]
		},
		"firstperson_righthand": {
			"rotation": [0, 142, 0],
			"translation": [0.75, 2, 1.25],
			"scale": [0.41, 0.39, 0.37]
		},
		"firstperson_lefthand": {
			"rotation": [0, 142, 0],
			"translation": [0.75, 2, 1.25],
			"scale": [0.41, 0.39, 0.37]
		},
		"ground": {
			"translation": [0, 1.5, 0],
			"scale": [0.5, 0.5, 0.5]
		},
		"gui": {
			"translation": [0, -2, 0],
			"scale": [0.43, 0.42, 0.54]
		},
		"head": {
			"translation": [0, 14.5, -0.5]
		},
		"fixed": {
			"rotation": [-90, 0, 0],
			"translation": [0, 0, -16],
			"scale": [2, 2, 2]
		}
	},
	"groups": [
		{
			"name": "Base",
			"origin": [8, 8, 8],
			"color": 0,
			"nbt": "{}",
			"children": [0, 1, 2, 3, 4, 5, 6, 7, 8, 9]
		},
		{
			"name": "Logo",
			"origin": [8, 8, 8],
			"color": 0,
			"nbt": "{}",
			"children": [
				{
					"name": "V exterior",
					"origin": [8, 8, 8],
					"color": 0,
					"nbt": "{}",
					"children": [
						10,
						11,
						12,
						13,
						14,
						15,
						16,
						17,
						18,
						19,
						20,
						21,
						22,
						23,
						24,
						25,
						26,
						27,
						28,
						29,
						30,
						31,
						32,
						33,
						34,
						35,
						36,
						37,
						38,
						39,
						40,
						41,
						42,
						43,
						44,
						45,
						46,
						47,
						48,
						49,
						50,
						51,
						52,
						53,
						54,
						55,
						56,
						57,
						58,
						59,
						60,
						61,
						62,
						63,
						64,
						65,
						66,
						67,
						68,
						69,
						70,
						71,
						72,
						73,
						74,
						75
					]
				},
				{
					"name": "V interior",
					"origin": [8, 8, 8],
					"color": 0,
					"nbt": "{}",
					"children": [76, 77, 78, 79, 80, 81, 82, 83, 84, 85, 86, 87, 88, 89, 90, 91, 92, 93, 94, 95, 96, 97, 98, 99, 100, 101, 102, 103, 104, 105, 106, 107, 108, 109, 110, 111, 112, 113, 114, 115, 116, 117, 118, 119]
				},
				{
					"name": "Bola arriba",
					"origin": [8, 8, 8],
					"color": 0,
					"nbt": "{}",
					"children": [120, 121, 122, 123, 124, 125, 126, 127, 128, 129, 130, 131, 132]
				}
			]
		}
	]
}