{
    "parent": "item/generated",
    "textures": {
        "layer0": "item/coal"
    },	
	"overrides": [	
		{"predicate": {"custom_model_data":2002}, "model": "amethyst_model/icon_amethyst_pierce"},
		{"predicate": {"custom_model_data":2003}, "model": "amethyst_model/icon_amethyst_sparkle"},
		{"predicate": {"custom_model_data":2004}, "model": "amethyst_model/icon_shooting_star"},
		{"predicate": {"custom_model_data":2012}, "model": "ender_model/icon_ender_ball"},
		{"predicate": {"custom_model_data":2013}, "model": "ender_model/icon_ender_beam"},
		{"predicate": {"custom_model_data":2014}, "model": "ender_model/icon_ender_shadow"},
		{"predicate": {"custom_model_data":2015}, "model": "ender_model/icon_teleport"}
	]
}