{"textures":{"3":"minecraft:block/pumpkin_side","4":"minecraft:block/pumpkin_top","5":"minecraft:block/carved_pumpkin"},"elements":[{"from":[4.989623,7.9410744,5.041674],"to":[11.364623,14.316074,11.416675],"rotation":{"angle":0.0,"axis":"y","origin":[8.317743,0.4410739,8.416675]},"faces":{"east":{"uv":[16.0,0.0,0.0,16.0],"rotation":0,"texture":"#3","tintindex":0},"south":{"uv":[16.0,0.0,0.0,16.0],"rotation":0,"texture":"#3","tintindex":0},"north":{"uv":[16.0,0.0,0.0,16.0],"rotation":0,"texture":"#5","tintindex":0},"west":{"uv":[16.0,0.0,0.0,16.0],"rotation":0,"texture":"#3","tintindex":0},"up":{"uv":[16.0,0.0,0.0,16.0],"rotation":0,"texture":"#4","tintindex":0},"down":{"uv":[16.0,0.0,0.0,16.0],"rotation":0,"texture":"#4","tintindex":0}}}],"display":{"head":{"translation":[0.0,-6.4,0.0],"scale":[4.0,4.0,4.0]}}}