{"textures":{"0":"modelengine:entity/skeleton1"},"elements":[{"from":[7.428571,4.5714283,7.428571],"to":[8.571428,8.0,8.571428],"rotation":{"angle":0.0,"axis":"y","origin":[6.857143,1.1428566,8.0]},"faces":{"east":{"uv":[10.0,4.5,10.5,6.0],"rotation":0,"texture":"#0","tintindex":0},"south":{"uv":[11.5,4.5,12.0,6.0],"rotation":0,"texture":"#0","tintindex":0},"north":{"uv":[10.5,4.5,11.0,6.0],"rotation":0,"texture":"#0","tintindex":0},"west":{"uv":[11.0,4.5,11.5,6.0],"rotation":0,"texture":"#0","tintindex":0},"up":{"uv":[11.0,4.5,10.5,4.0],"rotation":0,"texture":"#0","tintindex":0},"down":{"uv":[11.5,4.0,11.0,4.5],"rotation":0,"texture":"#0","tintindex":0}}},{"from":[7.285714,7.142857,7.285714],"to":[8.714286,8.0,7.428571],"rotation":{"angle":0.0,"axis":"y","origin":[7.428571,-1.1428576,7.285714]},"faces":{"east":{"uv":[0.0,8.25,0.0,8.5],"rotation":0,"texture":"#0","tintindex":0},"south":{"uv":[0.5,8.25,1.0,8.5],"rotation":0,"texture":"#0","tintindex":0},"north":{"uv":[0.0,8.25,0.5,8.5],"rotation":0,"texture":"#0","tintindex":0},"west":{"uv":[0.5,8.25,0.5,8.5],"rotation":0,"texture":"#0","tintindex":0},"up":{"uv":[0.5,8.25,0.0,8.25],"rotation":0,"texture":"#0","tintindex":0},"down":{"uv":[1.0,8.25,0.5,8.25],"rotation":0,"texture":"#0","tintindex":0}}},{"from":[7.285714,6.142857,7.285714],"to":[8.714286,7.0,7.428571],"rotation":{"angle":22.5,"axis":"z","origin":[7.857143,6.5714283,7.357143]},"faces":{"east":{"uv":[0.0,8.25,0.0,8.5],"rotation":0,"texture":"#0","tintindex":0},"south":{"uv":[0.5,8.25,1.0,8.5],"rotation":0,"texture":"#0","tintindex":0},"north":{"uv":[0.0,8.25,0.5,8.5],"rotation":0,"texture":"#0","tintindex":0},"west":{"uv":[0.5,8.25,0.5,8.5],"rotation":0,"texture":"#0","tintindex":0},"up":{"uv":[0.5,8.25,0.0,8.25],"rotation":0,"texture":"#0","tintindex":0},"down":{"uv":[1.0,8.25,0.5,8.25],"rotation":0,"texture":"#0","tintindex":0}}},{"from":[7.285714,5.428571,7.285714],"to":[8.714286,6.285714,7.428571],"rotation":{"angle":22.5,"axis":"z","origin":[8.6285715,5.8571424,7.357143]},"faces":{"east":{"uv":[0.0,8.25,0.0,8.5],"rotation":0,"texture":"#0","tintindex":0},"south":{"uv":[0.5,8.25,1.0,8.5],"rotation":0,"texture":"#0","tintindex":0},"north":{"uv":[0.0,8.25,0.5,8.5],"rotation":0,"texture":"#0","tintindex":0},"west":{"uv":[0.5,8.25,0.5,8.5],"rotation":0,"texture":"#0","tintindex":0},"up":{"uv":[0.5,8.25,0.0,8.25],"rotation":0,"texture":"#0","tintindex":0},"down":{"uv":[1.0,8.25,0.5,8.25],"rotation":0,"texture":"#0","tintindex":0}}},{"from":[7.285714,7.142857,7.428571],"to":[7.428571,8.0,8.571428],"rotation":{"angle":0.0,"axis":"y","origin":[6.142857,-1.1428576,8.571428]},"faces":{"east":{"uv":[0.0,8.75,0.5,9.0],"rotation":0,"texture":"#0","tintindex":0},"south":{"uv":[1.0,8.75,1.0,9.0],"rotation":0,"texture":"#0","tintindex":0},"north":{"uv":[0.5,8.75,0.5,9.0],"rotation":0,"texture":"#0","tintindex":0},"west":{"uv":[0.5,8.75,1.0,9.0],"rotation":0,"texture":"#0","tintindex":0},"up":{"uv":[0.5,8.75,0.5,8.25],"rotation":0,"texture":"#0","tintindex":0},"down":{"uv":[0.5,8.25,0.5,8.75],"rotation":0,"texture":"#0","tintindex":0}}},{"from":[7.285714,6.0571427,7.542857],"to":[7.428571,6.9142857,8.685715],"rotation":{"angle":-22.5,"axis":"x","origin":[7.357143,6.485714,7.9714284]},"faces":{"east":{"uv":[0.0,8.75,0.5,9.0],"rotation":0,"texture":"#0","tintindex":0},"south":{"uv":[1.0,8.75,1.0,9.0],"rotation":0,"texture":"#0","tintindex":0},"north":{"uv":[0.5,8.75,0.5,9.0],"rotation":0,"texture":"#0","tintindex":0},"west":{"uv":[0.5,8.75,1.0,9.0],"rotation":0,"texture":"#0","tintindex":0},"up":{"uv":[0.5,8.75,0.5,8.25],"rotation":0,"texture":"#0","tintindex":0},"down":{"uv":[0.5,8.25,0.5,8.75],"rotation":0,"texture":"#0","tintindex":0}}},{"from":[7.285714,4.8571424,7.428571],"to":[7.428571,5.714286,8.571428],"rotation":{"angle":22.5,"axis":"x","origin":[7.357143,5.285714,7.3714285]},"faces":{"east":{"uv":[0.0,8.75,0.5,9.0],"rotation":0,"texture":"#0","tintindex":0},"south":{"uv":[1.0,8.75,1.0,9.0],"rotation":0,"texture":"#0","tintindex":0},"north":{"uv":[0.5,8.75,0.5,9.0],"rotation":0,"texture":"#0","tintindex":0},"west":{"uv":[0.5,8.75,1.0,9.0],"rotation":0,"texture":"#0","tintindex":0},"up":{"uv":[0.5,8.75,0.5,8.25],"rotation":0,"texture":"#0","tintindex":0},"down":{"uv":[0.5,8.25,0.5,8.75],"rotation":0,"texture":"#0","tintindex":0}}},{"from":[7.285714,7.142857,8.571428],"to":[8.714286,8.0,8.714286],"rotation":{"angle":0.0,"axis":"y","origin":[7.428571,-1.1428576,8.571428]},"faces":{"east":{"uv":[0.0,8.25,0.0,8.5],"rotation":0,"texture":"#0","tintindex":0},"south":{"uv":[0.5,8.25,1.0,8.5],"rotation":0,"texture":"#0","tintindex":0},"north":{"uv":[0.0,8.25,0.5,8.5],"rotation":0,"texture":"#0","tintindex":0},"west":{"uv":[0.5,8.25,0.5,8.5],"rotation":0,"texture":"#0","tintindex":0},"up":{"uv":[0.5,8.25,0.0,8.25],"rotation":0,"texture":"#0","tintindex":0},"down":{"uv":[1.0,8.25,0.5,8.25],"rotation":0,"texture":"#0","tintindex":0}}},{"from":[7.285714,6.285714,8.571428],"to":[8.714286,7.142857,8.714286],"rotation":{"angle":0.0,"axis":"y","origin":[7.428571,-2.0,8.571428]},"faces":{"east":{"uv":[0.0,8.25,0.0,8.5],"rotation":0,"texture":"#0","tintindex":0},"south":{"uv":[0.5,8.25,1.0,8.5],"rotation":0,"texture":"#0","tintindex":0},"north":{"uv":[0.0,8.25,0.5,8.5],"rotation":0,"texture":"#0","tintindex":0},"west":{"uv":[0.5,8.25,0.5,8.5],"rotation":0,"texture":"#0","tintindex":0},"up":{"uv":[0.5,8.25,0.0,8.25],"rotation":0,"texture":"#0","tintindex":0},"down":{"uv":[1.0,8.25,0.5,8.25],"rotation":0,"texture":"#0","tintindex":0}}},{"from":[8.571428,7.142857,7.428571],"to":[8.714286,8.0,8.571428],"rotation":{"angle":0.0,"axis":"y","origin":[7.428571,-1.1428576,8.571428]},"faces":{"east":{"uv":[0.0,8.75,0.5,9.0],"rotation":0,"texture":"#0","tintindex":0},"south":{"uv":[1.0,8.75,1.0,9.0],"rotation":0,"texture":"#0","tintindex":0},"north":{"uv":[0.5,8.75,0.5,9.0],"rotation":0,"texture":"#0","tintindex":0},"west":{"uv":[0.5,8.75,1.0,9.0],"rotation":0,"texture":"#0","tintindex":0},"up":{"uv":[0.5,8.75,0.5,8.25],"rotation":0,"texture":"#0","tintindex":0},"down":{"uv":[0.5,8.25,0.5,8.75],"rotation":0,"texture":"#0","tintindex":0}}},{"from":[8.571428,6.285714,7.428571],"to":[8.714286,7.142857,8.571428],"rotation":{"angle":0.0,"axis":"y","origin":[7.428571,-2.0,8.571428]},"faces":{"east":{"uv":[0.0,8.75,0.5,9.0],"rotation":0,"texture":"#0","tintindex":0},"south":{"uv":[1.0,8.75,1.0,9.0],"rotation":0,"texture":"#0","tintindex":0},"north":{"uv":[0.5,8.75,0.5,9.0],"rotation":0,"texture":"#0","tintindex":0},"west":{"uv":[0.5,8.75,1.0,9.0],"rotation":0,"texture":"#0","tintindex":0},"up":{"uv":[0.5,8.75,0.5,8.25],"rotation":0,"texture":"#0","tintindex":0},"down":{"uv":[0.5,8.25,0.5,8.75],"rotation":0,"texture":"#0","tintindex":0}}},{"from":[8.571428,5.428571,7.428571],"to":[8.714286,6.285714,8.571428],"rotation":{"angle":0.0,"axis":"y","origin":[7.428571,-2.8571434,8.571428]},"faces":{"east":{"uv":[0.0,8.75,0.5,9.0],"rotation":0,"texture":"#0","tintindex":0},"south":{"uv":[1.0,8.75,1.0,9.0],"rotation":0,"texture":"#0","tintindex":0},"north":{"uv":[0.5,8.75,0.5,9.0],"rotation":0,"texture":"#0","tintindex":0},"west":{"uv":[0.5,8.75,1.0,9.0],"rotation":0,"texture":"#0","tintindex":0},"up":{"uv":[0.5,8.75,0.5,8.25],"rotation":0,"texture":"#0","tintindex":0},"down":{"uv":[0.5,8.25,0.5,8.75],"rotation":0,"texture":"#0","tintindex":0}}}],"display":{"head":{"translation":[0.0,-6.4,0.0],"scale":[4.0,4.0,4.0]}}}