{
	"credit": "wolf_awwent made with blockbench",
	"texture_size": [64, 64],
	"textures": {
		"3": "item/wolftextures/toastcannon"
	},
	"elements": [
		{
			"from": [4.5, -2, -3],
			"to": [11.5, 10, 6],
			"rotation": {"angle": 0, "axis": "y", "origin": [1.5, 0, 5]},
			"faces": {
				"north": {"uv": [4, 3, 5.75, 6], "texture": "#3"},
				"east": {"uv": [0, 0, 2.25, 3], "texture": "#3"},
				"south": {"uv": [4.5, 0, 6.25, 3], "texture": "#3"},
				"west": {"uv": [2.25, 0, 4.5, 3], "texture": "#3"},
				"up": {"uv": [5.75, 8.25, 4, 6], "texture": "#3"},
				"down": {"uv": [1.75, 6.25, 0, 8.5], "texture": "#3"}
			}
		},
		{
			"from": [-3.5, 1.75, 1.5],
			"to": [1.5, 5.75, 1.5],
			"rotation": {"angle": 0, "axis": "y", "origin": [1.5, -0.75, 5]},
			"faces": {
				"north": {"uv": [9.75, 2.25, 11, 3.25], "texture": "#3"},
				"east": {"uv": [0, 0, 0, 1], "texture": "#3"},
				"south": {"uv": [9.75, 3.25, 11, 4.25], "texture": "#3"},
				"west": {"uv": [0, 0, 0, 1], "texture": "#3"},
				"up": {"uv": [1.25, 0, 0, 0], "texture": "#3"},
				"down": {"uv": [1.25, 0, 0, 0], "texture": "#3"}
			}
		},
		{
			"from": [-3.5, 5.75, 1],
			"to": [1.5, 6.75, 2],
			"rotation": {"angle": 0, "axis": "y", "origin": [1.5, -0.75, 5]},
			"faces": {
				"north": {"uv": [7, 11, 8.25, 11.25], "texture": "#3"},
				"east": {"uv": [1, 10.5, 1.25, 10.75], "texture": "#3"},
				"south": {"uv": [8.25, 11, 9.5, 11.25], "texture": "#3"},
				"west": {"uv": [11.75, 6.25, 12, 6.5], "texture": "#3"},
				"up": {"uv": [12.25, 9, 11, 8.75], "texture": "#3"},
				"down": {"uv": [12.25, 9, 11, 9.25], "texture": "#3"}
			}
		},
		{
			"from": [-3.5, 0.75, 1],
			"to": [1.5, 1.75, 2],
			"rotation": {"angle": 0, "axis": "y", "origin": [1.5, -0.75, 5]},
			"faces": {
				"north": {"uv": [11, 9.25, 12.25, 9.5], "texture": "#3"},
				"east": {"uv": [11.75, 6.5, 12, 6.75], "texture": "#3"},
				"south": {"uv": [11, 9.5, 12.25, 9.75], "texture": "#3"},
				"west": {"uv": [11.75, 6.75, 12, 7], "texture": "#3"},
				"up": {"uv": [12.25, 11, 11, 10.75], "texture": "#3"},
				"down": {"uv": [12.25, 11, 11, 11.25], "texture": "#3"}
			}
		},
		{
			"from": [-4.5, 0.75, 1],
			"to": [-3.5, 6.75, 2],
			"rotation": {"angle": 0, "axis": "y", "origin": [1.5, -0.75, 5]},
			"faces": {
				"north": {"uv": [6, 10.75, 6.25, 12.25], "texture": "#3"},
				"east": {"uv": [10.25, 10.75, 10.5, 12.25], "texture": "#3"},
				"south": {"uv": [10.5, 10.75, 10.75, 12.25], "texture": "#3"},
				"west": {"uv": [10.75, 10.75, 11, 12.25], "texture": "#3"},
				"up": {"uv": [12, 7.25, 11.75, 7], "texture": "#3"},
				"down": {"uv": [9.25, 11.75, 9, 12], "texture": "#3"}
			}
		},
		{
			"from": [1.5, 0.75, 1],
			"to": [2.5, 6.75, 2],
			"rotation": {"angle": 0, "axis": "y", "origin": [1.5, -0.75, 5]},
			"faces": {
				"north": {"uv": [0, 11, 0.25, 12.5], "texture": "#3"},
				"east": {"uv": [0.25, 11, 0.5, 12.5], "texture": "#3"},
				"south": {"uv": [0.5, 11, 0.75, 12.5], "texture": "#3"},
				"west": {"uv": [0.75, 11, 1, 12.5], "texture": "#3"},
				"up": {"uv": [9.5, 12, 9.25, 11.75], "texture": "#3"},
				"down": {"uv": [12, 9.75, 11.75, 10], "texture": "#3"}
			}
		},
		{
			"from": [2.5, 3.25, 1],
			"to": [4.5, 4.25, 2],
			"rotation": {"angle": -45, "axis": "x", "origin": [3.5, 3.75, 1.5]},
			"faces": {
				"north": {"uv": [4.25, 11.75, 4.75, 12], "texture": "#3"},
				"east": {"uv": [7, 8.5, 7.25, 8.75], "texture": "#3"},
				"south": {"uv": [11.75, 4.25, 12.25, 4.5], "texture": "#3"},
				"west": {"uv": [10, 9.75, 10.25, 10], "texture": "#3"},
				"up": {"uv": [12.25, 4.75, 11.75, 4.5], "texture": "#3"},
				"down": {"uv": [12.25, 4.75, 11.75, 5], "texture": "#3"}
			}
		},
		{
			"from": [3.5, 2.25, 0.5],
			"to": [4.5, 5.25, 2.5],
			"rotation": {"angle": 0, "axis": "x", "origin": [3.5, 3.75, 1.5]},
			"faces": {
				"north": {"uv": [5.25, 11.5, 5.5, 12.25], "texture": "#3"},
				"east": {"uv": [1.25, 8.5, 1.75, 9.25], "texture": "#3"},
				"south": {"uv": [5.5, 11.5, 5.75, 12.25], "texture": "#3"},
				"west": {"uv": [10.75, 7.75, 11.25, 8.5], "texture": "#3"},
				"up": {"uv": [12, 5.5, 11.75, 5], "texture": "#3"},
				"down": {"uv": [12, 5.5, 11.75, 6], "texture": "#3"}
			}
		},
		{
			"from": [11.5, 12.55147, 1.05858],
			"to": [12.5, 14.55147, 3.05858],
			"rotation": {"angle": 45, "axis": "x", "origin": [12, 9.15147, -3.14142]},
			"faces": {
				"north": {"uv": [7.5, 11.5, 7.75, 12], "texture": "#3"},
				"east": {"uv": [9, 11.25, 9.5, 11.75], "texture": "#3"},
				"south": {"uv": [7.75, 11.5, 8, 12], "texture": "#3"},
				"west": {"uv": [11.25, 9.75, 11.75, 10.25], "texture": "#3"},
				"up": {"uv": [8.25, 12, 8, 11.5], "texture": "#3"},
				"down": {"uv": [8.5, 11.5, 8.25, 12], "texture": "#3"}
			}
		},
		{
			"from": [3.5, 5.57229, 7.76569],
			"to": [4.5, 7.57229, 9.76569],
			"rotation": {"angle": 45, "axis": "x", "origin": [4, 9.17229, -2.43431]},
			"faces": {
				"north": {"uv": [1.5, 11.75, 1.75, 12.25], "texture": "#3"},
				"east": {"uv": [3, 11.5, 3.5, 12], "texture": "#3"},
				"south": {"uv": [11.75, 1.5, 12, 2], "texture": "#3"},
				"west": {"uv": [3.5, 11.5, 4, 12], "texture": "#3"},
				"up": {"uv": [2, 12.25, 1.75, 11.75], "texture": "#3"},
				"down": {"uv": [4.25, 11.75, 4, 12.25], "texture": "#3"}
			}
		},
		{
			"from": [3.5, 12.55147, 1.05858],
			"to": [4.5, 14.55147, 3.05858],
			"rotation": {"angle": 45, "axis": "x", "origin": [4, 9.15147, -3.14142]},
			"faces": {
				"north": {"uv": [11.5, 11.25, 11.75, 11.75], "texture": "#3"},
				"east": {"uv": [2, 11.5, 2.5, 12], "texture": "#3"},
				"south": {"uv": [1, 11.75, 1.25, 12.25], "texture": "#3"},
				"west": {"uv": [2.5, 11.5, 3, 12], "texture": "#3"},
				"up": {"uv": [12, 1.5, 11.75, 1], "texture": "#3"},
				"down": {"uv": [1.5, 11.75, 1.25, 12.25], "texture": "#3"}
			}
		},
		{
			"from": [11.5, 5.57229, 7.76569],
			"to": [12.5, 7.57229, 9.76569],
			"rotation": {"angle": 45, "axis": "x", "origin": [12, 9.17229, -2.43431]},
			"faces": {
				"north": {"uv": [8.5, 11.5, 8.75, 12], "texture": "#3"},
				"east": {"uv": [11.25, 10.25, 11.75, 10.75], "texture": "#3"},
				"south": {"uv": [8.75, 11.5, 9, 12], "texture": "#3"},
				"west": {"uv": [11, 11.25, 11.5, 11.75], "texture": "#3"},
				"up": {"uv": [9.75, 12, 9.5, 11.5], "texture": "#3"},
				"down": {"uv": [10, 11.5, 9.75, 12], "texture": "#3"}
			}
		},
		{
			"from": [6, -12.42568, 0.92011],
			"to": [10, -7.42568, 4.92011],
			"rotation": {"angle": 0, "axis": "y", "origin": [2, -3.42568, 5.92011]},
			"faces": {
				"north": {"uv": [3.25, 9.5, 4.25, 10.75], "texture": "#3"},
				"east": {"uv": [4.25, 9.5, 5.25, 10.75], "texture": "#3"},
				"south": {"uv": [0, 9.75, 1, 11], "texture": "#3"},
				"west": {"uv": [9.75, 1, 10.75, 2.25], "texture": "#3"},
				"up": {"uv": [11, 1, 10, 0], "texture": "#3"},
				"down": {"uv": [7.25, 10, 6.25, 11], "texture": "#3"}
			}
		},
		{
			"from": [6, -6, 0],
			"to": [10, -2, 4],
			"rotation": {"angle": 0, "axis": "y", "origin": [6, 2, 5]},
			"faces": {
				"north": {"uv": [10, 8.75, 11, 9.75], "texture": "#3"},
				"east": {"uv": [9.25, 10, 10.25, 11], "texture": "#3"},
				"south": {"uv": [10.25, 9.75, 11.25, 10.75], "texture": "#3"},
				"west": {"uv": [10.5, 6.25, 11.5, 7.25], "texture": "#3"},
				"up": {"uv": [2, 11.75, 1, 10.75], "texture": "#3"},
				"down": {"uv": [11.75, 1, 10.75, 2], "texture": "#3"}
			}
		},
		{
			"from": [9.5, -5.7, -1],
			"to": [9.5, -2.7, 0],
			"rotation": {"angle": 0, "axis": "y", "origin": [2.5, 2, 5]},
			"faces": {
				"north": {"uv": [0, 0, 0, 0.75], "texture": "#3"},
				"east": {"uv": [1, 9.75, 1.25, 10.5], "texture": "#3"},
				"south": {"uv": [0, 0, 0, 0.75], "texture": "#3"},
				"west": {"uv": [10, 11, 10.25, 11.75], "texture": "#3"},
				"up": {"uv": [0, 0.25, 0, 0], "texture": "#3"},
				"down": {"uv": [0, 0, 0, 0.25], "texture": "#3"}
			}
		},
		{
			"from": [7, -5.7, -0.7],
			"to": [9, -3.7, 0],
			"rotation": {"angle": 0, "axis": "y", "origin": [2, 2, 5]},
			"faces": {
				"north": {"uv": [3.25, 7.75, 3.75, 8.25], "texture": "#3"},
				"east": {"uv": [7, 11.5, 7.25, 12], "texture": "#3"},
				"south": {"uv": [9.5, 11, 10, 11.5], "texture": "#3"},
				"west": {"uv": [7.25, 11.5, 7.5, 12], "texture": "#3"},
				"up": {"uv": [1.75, 9.5, 1.25, 9.25], "texture": "#3"},
				"down": {"uv": [5.75, 9.5, 5.25, 9.75], "texture": "#3"}
			}
		},
		{
			"from": [6.5, -5.7, -1],
			"to": [9.5, -2.7, -1],
			"rotation": {"angle": 0, "axis": "y", "origin": [2.5, 2, 5]},
			"faces": {
				"north": {"uv": [3.25, 6.25, 4, 7], "texture": "#3"},
				"east": {"uv": [0, 0, 0, 0.75], "texture": "#3"},
				"south": {"uv": [3.25, 7, 4, 7.75], "texture": "#3"},
				"west": {"uv": [0, 0, 0, 0.75], "texture": "#3"},
				"up": {"uv": [0.75, 0, 0, 0], "texture": "#3"},
				"down": {"uv": [0.75, 0, 0, 0], "texture": "#3"}
			}
		},
		{
			"from": [6.5, -5.7, -1],
			"to": [6.5, -2.7, 0],
			"rotation": {"angle": 0, "axis": "y", "origin": [2.5, 2, 5]},
			"faces": {
				"north": {"uv": [0, 0, 0, 0.75], "texture": "#3"},
				"east": {"uv": [4.75, 11.5, 5, 12.25], "texture": "#3"},
				"south": {"uv": [0, 0, 0, 0.75], "texture": "#3"},
				"west": {"uv": [5, 11.5, 5.25, 12.25], "texture": "#3"},
				"up": {"uv": [0, 0.25, 0, 0], "texture": "#3"},
				"down": {"uv": [0, 0, 0, 0.25], "texture": "#3"}
			}
		},
		{
			"from": [6.5, -2.7, -1],
			"to": [9.5, -2.7, 0],
			"rotation": {"angle": 0, "axis": "y", "origin": [2.5, 2, 5]},
			"faces": {
				"north": {"uv": [0, 0, 0.75, 0], "texture": "#3"},
				"east": {"uv": [0, 0, 0.25, 0], "texture": "#3"},
				"south": {"uv": [0, 0, 0.75, 0], "texture": "#3"},
				"west": {"uv": [0, 0, 0.25, 0], "texture": "#3"},
				"up": {"uv": [7, 10, 6.25, 9.75], "texture": "#3"},
				"down": {"uv": [4.75, 11.5, 4, 11.75], "texture": "#3"}
			}
		},
		{
			"from": [6.001, -7.81843, -3.05839],
			"to": [9.999, -4.62043, 0.93961],
			"rotation": {"angle": -22.5, "axis": "x", "origin": [2, 2.38057, 1.94061]},
			"faces": {
				"north": {"uv": [2, 10.75, 3, 11.5], "texture": "#3"},
				"east": {"uv": [3, 10.75, 4, 11.5], "texture": "#3"},
				"south": {"uv": [4, 10.75, 5, 11.5], "texture": "#3"},
				"west": {"uv": [10.75, 4.25, 11.75, 5], "texture": "#3"},
				"up": {"uv": [8.25, 11, 7.25, 10], "texture": "#3"},
				"down": {"uv": [9.25, 10, 8.25, 11], "texture": "#3"}
			}
		},
		{
			"from": [5.5, 4.1, 8],
			"to": [10.5, 9.1, 13],
			"rotation": {"angle": 0, "axis": "y", "origin": [1.5, -0.5, 5]},
			"faces": {
				"north": {"uv": [7.5, 0, 8.75, 1.25], "texture": "#3"},
				"east": {"uv": [7.5, 1.25, 8.75, 2.5], "texture": "#3"},
				"south": {"uv": [7.25, 7.5, 8.5, 8.75], "texture": "#3"},
				"west": {"uv": [3.25, 8.25, 4.5, 9.5], "texture": "#3"},
				"up": {"uv": [5.75, 9.5, 4.5, 8.25], "texture": "#3"},
				"down": {"uv": [1.25, 8.5, 0, 9.75], "texture": "#3"}
			}
		},
		{
			"from": [6, 4.6, 13],
			"to": [10, 8.6, 18],
			"rotation": {"angle": 0, "axis": "z", "origin": [2, -0.5, 5]},
			"faces": {
				"north": {"uv": [9.75, 4.25, 10.75, 5.25], "texture": "#3"},
				"east": {"uv": [8.5, 7.75, 9.75, 8.75], "texture": "#3"},
				"south": {"uv": [5.25, 9.75, 6.25, 10.75], "texture": "#3"},
				"west": {"uv": [8.75, 0, 10, 1], "texture": "#3"},
				"up": {"uv": [9.75, 2.25, 8.75, 1], "texture": "#3"},
				"down": {"uv": [8, 8.75, 7, 10], "texture": "#3"}
			}
		},
		{
			"from": [6, 9.7, 0.2],
			"to": [10, 11.7, 1.2],
			"rotation": {"angle": 22.5, "axis": "x", "origin": [8, 11, 0.7]},
			"faces": {
				"north": {"uv": [6.25, 2.5, 7.25, 3], "texture": "#3"},
				"east": {"uv": [3.75, 7.75, 4, 8.25], "texture": "#3"},
				"south": {"uv": [5, 10.75, 6, 11.25], "texture": "#3"},
				"west": {"uv": [5.75, 11.5, 6, 12], "texture": "#3"},
				"up": {"uv": [9.75, 2.5, 8.75, 2.25], "texture": "#3"},
				"down": {"uv": [12.25, 2.25, 11.25, 2.5], "texture": "#3"}
			}
		},
		{
			"from": [6.001, 9.45637, 0.43082],
			"to": [9.999, 11.45437, 1.42882],
			"rotation": {"angle": 0, "axis": "x", "origin": [8, 10.75537, 0.92982]},
			"faces": {
				"north": {"uv": [10.75, 5, 11.75, 5.5], "texture": "#3"},
				"east": {"uv": [11.5, 6.25, 11.75, 6.75], "texture": "#3"},
				"south": {"uv": [10.75, 5.5, 11.75, 6], "texture": "#3"},
				"west": {"uv": [11.5, 6.75, 11.75, 7.25], "texture": "#3"},
				"up": {"uv": [12.25, 2.75, 11.25, 2.5], "texture": "#3"},
				"down": {"uv": [12.25, 2.75, 11.25, 3], "texture": "#3"}
			}
		},
		{
			"from": [4, -2.5, 5],
			"to": [12, 10.5, 8],
			"rotation": {"angle": 0, "axis": "y", "origin": [1.5, 0, 5]},
			"faces": {
				"north": {"uv": [0, 3, 2, 6.25], "texture": "#3"},
				"east": {"uv": [1.75, 6.25, 2.5, 9.5], "texture": "#3"},
				"south": {"uv": [2, 3, 4, 6.25], "texture": "#3"},
				"west": {"uv": [2.5, 6.25, 3.25, 9.5], "texture": "#3"},
				"up": {"uv": [10.5, 7, 8.5, 6.25], "texture": "#3"},
				"down": {"uv": [10.5, 7, 8.5, 7.75], "texture": "#3"}
			}
		},
		{
			"from": [5, 3.1, 8],
			"to": [11, 4.1, 19],
			"rotation": {"angle": 0, "axis": "y", "origin": [1.5, 0, 5]},
			"faces": {
				"north": {"uv": [10.75, 2, 12.25, 2.25], "texture": "#3"},
				"east": {"uv": [10.5, 7.25, 13.25, 7.5], "texture": "#3"},
				"south": {"uv": [10.75, 6, 12.25, 6.25], "texture": "#3"},
				"west": {"uv": [10.5, 7.5, 13.25, 7.75], "texture": "#3"},
				"up": {"uv": [7.25, 5.75, 5.75, 3], "texture": "#3"},
				"down": {"uv": [7.25, 5.75, 5.75, 8.5], "texture": "#3"}
			}
		},
		{
			"from": [5.501, 1.501, 10.501],
			"to": [10.499, 2.499, 15.499],
			"rotation": {"angle": -22.5, "axis": "x", "origin": [8, 2, 11.2]},
			"faces": {
				"north": {"uv": [10.75, 8.5, 12, 8.75], "texture": "#3"},
				"east": {"uv": [11, 0, 12.25, 0.25], "texture": "#3"},
				"south": {"uv": [11, 0.25, 12.25, 0.5], "texture": "#3"},
				"west": {"uv": [11, 0.5, 12.25, 0.75], "texture": "#3"},
				"up": {"uv": [9.75, 3.75, 8.5, 2.5], "texture": "#3"},
				"down": {"uv": [9.75, 3.75, 8.5, 5], "texture": "#3"}
			}
		},
		{
			"from": [6.001, 0.501, 10.501],
			"to": [9.999, 1.499, 15.499],
			"rotation": {"angle": -22.5, "axis": "x", "origin": [7.5, 2, 11.2]},
			"faces": {
				"north": {"uv": [11.25, 3, 12.25, 3.25], "texture": "#3"},
				"east": {"uv": [11, 3.75, 12.25, 4], "texture": "#3"},
				"south": {"uv": [11.25, 3.25, 12.25, 3.5], "texture": "#3"},
				"west": {"uv": [11, 4, 12.25, 4.25], "texture": "#3"},
				"up": {"uv": [9, 10, 8, 8.75], "texture": "#3"},
				"down": {"uv": [10, 8.75, 9, 10], "texture": "#3"}
			}
		},
		{
			"from": [6, 2.1836, 15.36402],
			"to": [10, 3.5836, 18.96402],
			"rotation": {"angle": 0, "axis": "x", "origin": [7.5, 3.6836, 13.06402]},
			"faces": {
				"north": {"uv": [5, 11.25, 6, 11.5], "texture": "#3"},
				"east": {"uv": [7, 11.25, 8, 11.5], "texture": "#3"},
				"south": {"uv": [11.25, 7.75, 12.25, 8], "texture": "#3"},
				"west": {"uv": [8, 11.25, 9, 11.5], "texture": "#3"},
				"up": {"uv": [10.75, 6.25, 9.75, 5.25], "texture": "#3"},
				"down": {"uv": [10.75, 7.75, 9.75, 8.75], "texture": "#3"}
			}
		},
		{
			"from": [5.5, -3.07162, 10.00336],
			"to": [10.5, 1.92838, 11.00336],
			"rotation": {"angle": 45, "axis": "x", "origin": [8, 1.62838, 10.50336]},
			"faces": {
				"north": {"uv": [8.5, 5, 9.75, 6.25], "texture": "#3"},
				"east": {"uv": [11, 2.25, 11.25, 3.5], "texture": "#3"},
				"south": {"uv": [5.75, 8.5, 7, 9.75], "texture": "#3"},
				"west": {"uv": [6.25, 11, 6.5, 12.25], "texture": "#3"},
				"up": {"uv": [12.25, 1, 11, 0.75], "texture": "#3"},
				"down": {"uv": [12.25, 3.5, 11, 3.75], "texture": "#3"}
			}
		},
		{
			"from": [6, -3.07162, 11.00336],
			"to": [10, 1.92838, 12.00336],
			"rotation": {"angle": 45, "axis": "x", "origin": [7.5, 1.62838, 10.50336]},
			"faces": {
				"north": {"uv": [1.25, 9.5, 2.25, 10.75], "texture": "#3"},
				"east": {"uv": [6.5, 11, 6.75, 12.25], "texture": "#3"},
				"south": {"uv": [2.25, 9.5, 3.25, 10.75], "texture": "#3"},
				"west": {"uv": [6.75, 11, 7, 12.25], "texture": "#3"},
				"up": {"uv": [12.25, 8.25, 11.25, 8], "texture": "#3"},
				"down": {"uv": [12.25, 8.25, 11.25, 8.5], "texture": "#3"}
			}
		}
	],
	"display": {
		"thirdperson_righthand": {
			"rotation": [64.6, 1.42, -2.17],
			"translation": [2.5, 3.25, 18.25]
		},
		"thirdperson_lefthand": {
			"rotation": [64.6, 1.42, -2.17],
			"translation": [2.5, 3.25, 18.25]
		},
		"firstperson_righthand": {
			"rotation": [4.67, 8.25, 0.35],
			"translation": [3.75, 10.25, 1.75],
			"scale": [0.8, 0.8, 0.8]
		},
		"firstperson_lefthand": {
			"rotation": [3.98, 8.6, 4.87],
			"translation": [3.75, 10.25, 1.75],
			"scale": [0.8, 0.8, 0.8]
		},
		"ground": {
			"rotation": [-6.33, 1.85, -32.49],
			"translation": [0, 14, 0],
			"scale": [0.7, 0.7, 0.7]
		},
		"gui": {
			"rotation": [-128.69, -43.94, -144.04],
			"translation": [0.5, 5.25, -4.25],
			"scale": [0.7, 0.7, 0.7]
		},
		"head": {
			"rotation": [-81.15, 50.91, 79.69],
			"translation": [-1.75, -10, 7.25]
		},
		"fixed": {
			"rotation": [-90, -45, -90],
			"translation": [2.75, 5.25, -4.25],
			"scale": [0.8, 0.8, 0.8]
		}
	}
}