{"textures":{"0":"modelengine:entity/dummy_teemo_blue"},"elements":[{"from":[6.330706,6.504093,8.0],"to":[9.187849,9.361237,10.857143],"rotation":{"angle":0.0,"axis":"y","origin":[7.473563,5.9326644,10.285714]},"faces":{"east":{"uv":[3.25,8.5,4.5,9.75],"rotation":0,"texture":"#0","tintindex":0},"south":{"uv":[4.5,8.5,5.75,9.75],"rotation":0,"texture":"#0","tintindex":0},"north":{"uv":[8.5,1.5,9.75,2.75],"rotation":0,"texture":"#0","tintindex":0},"west":{"uv":[5.75,8.5,7.0,9.75],"rotation":0,"texture":"#0","tintindex":0},"up":{"uv":[8.25,9.75,7.0,8.5],"rotation":0,"texture":"#0","tintindex":0},"down":{"uv":[9.5,8.5,8.25,9.75],"rotation":0,"texture":"#0","tintindex":0}}},{"from":[7.29599,9.055565,8.571428],"to":[9.010276,11.912708,10.285714],"rotation":{"angle":-22.5,"axis":"z","origin":[7.867419,10.198422,9.142858]},"faces":{"east":{"uv":[5.0,10.75,5.75,12.0],"rotation":0,"texture":"#0","tintindex":0},"south":{"uv":[5.75,10.75,6.5,12.0],"rotation":0,"texture":"#0","tintindex":0},"north":{"uv":[10.75,4.5,11.5,5.75],"rotation":0,"texture":"#0","tintindex":0},"west":{"uv":[10.75,5.75,11.5,7.0],"rotation":0,"texture":"#0","tintindex":0},"up":{"uv":[12.25,6.75,11.5,6.0],"rotation":0,"texture":"#0","tintindex":0},"down":{"uv":[12.25,7.25,11.5,8.0],"rotation":0,"texture":"#0","tintindex":0}}}],"display":{"head":{"translation":[0.0,-6.4,0.0],"scale":[4.0,4.0,4.0]}}}