{"textures":{"0":"modelengine:entity/frog"},"elements":[{"from":[6.285714,5.953292,7.017954],"to":[9.714286,8.239006,12.73224],"rotation":{"angle":45.0,"axis":"x","origin":[8.0,7.713454,8.391444]},"faces":{"east":{"uv":[0.0,0.0,4.0,2.5],"rotation":0,"texture":"#0","tintindex":0},"south":{"uv":[0.0,0.0,2.75,5.0],"rotation":0,"texture":"#0","tintindex":0},"north":{"uv":[0.0,0.0,2.75,5.0],"rotation":0,"texture":"#0","tintindex":0},"west":{"uv":[0.0,0.0,4.0,2.5],"rotation":0,"texture":"#0","tintindex":0},"up":{"uv":[0.0,0.0,2.75,5.0],"rotation":0,"texture":"#0","tintindex":0},"down":{"uv":[0.0,0.0,2.75,5.0],"rotation":0,"texture":"#0","tintindex":0}}},{"from":[6.857143,3.1432304,3.7226424],"to":[9.142858,7.714659,6.008357],"rotation":{"angle":45.0,"axis":"x","origin":[6.857143,-0.9944296,5.0618243]},"faces":{"east":{"uv":[0.0,0.0,4.0,8.0],"rotation":0,"texture":"#0","tintindex":0},"south":{"uv":[0.0,0.0,2.75,5.0],"rotation":0,"texture":"#0","tintindex":0},"north":{"uv":[0.0,0.0,4.0,8.0],"rotation":0,"texture":"#0","tintindex":0},"west":{"uv":[0.0,0.0,4.0,8.0],"rotation":0,"texture":"#0","tintindex":0},"up":{"uv":[0.0,0.0,4.0,8.0],"rotation":0,"texture":"#0","tintindex":0},"down":{"uv":[0.0,0.0,4.0,8.0],"rotation":0,"texture":"#0","tintindex":0}}},{"from":[5.714286,2.776999,2.490396],"to":[10.285714,3.919856,7.061825],"rotation":{"angle":22.5,"axis":"x","origin":[6.857143,-2.1372871,3.9189672]},"faces":{"east":{"uv":[0.0,0.0,4.0,1.0],"rotation":0,"texture":"#0","tintindex":0},"south":{"uv":[0.0,0.0,4.0,1.0],"rotation":0,"texture":"#0","tintindex":0},"north":{"uv":[0.0,0.0,4.0,1.0],"rotation":0,"texture":"#0","tintindex":0},"west":{"uv":[0.0,0.0,4.0,1.0],"rotation":0,"texture":"#0","tintindex":0},"up":{"uv":[0.0,0.0,2.75,5.0],"rotation":0,"texture":"#0","tintindex":0},"down":{"uv":[0.0,0.0,2.75,5.0],"rotation":0,"texture":"#0","tintindex":0}}}],"display":{"head":{"translation":[0.0,-6.4,0.0],"scale":[4.0,4.0,4.0]}}}