{"model":{"type":"range_dispatch","property":"custom_model_data","index":0,"fallback":{"type":"model","tints":[{"type":"dye","default":-6265536}],"model":"item/leather_horse_armor"},"entries":[{"threshold":10000,"model":{"type":"model","tints":[{"type":"dye","default":-6265536}],"model":"omstore:valentine2024/teddy_bear"}},{"threshold":10001,"model":{"type":"model","tints":[{"type":"dye","default":-6265536}],"model":"omstore:valentine2024/teddy_bear2"}},{"threshold":10002,"model":{"type":"model","tints":[{"type":"dye","default":-6265536}],"model":"omstore:valentine2024/rosepot"}},{"threshold":10003,"model":{"type":"model","tints":[{"type":"dye","default":-6265536}],"model":"omstore:valentine2024/roseleaves"}},{"threshold":10004,"model":{"type":"model","tints":[{"type":"dye","default":-6265536}],"model":"omstore:valentine2024/roseleaves_giant"}},{"threshold":10005,"model":{"type":"model","tints":[{"type":"dye","default":-6265536}],"model":"item/leather_horse_armor"}}]}}