{
  "parent": "minecraft:item/generated",
  "textures": {
    "layer0": "minecraft:item/cookie"
  },
  "overrides": [
  	{
        "predicate": {
                "custom_model_data": 1
            },
            "model": "onedestiny/choco_cookie"
  },
  {
        "predicate": {
                "custom_model_data": 2
            },
            "model": "onedestiny/sugar_cookie"
  },
  {
      "predicate": {
                "custom_model_data": 1
            },
            "model": "onedestiny/golden_cookie"
        }
    ]
}