{
  "parent": "minecraft:item/generated",
  "textures": {
    "layer0": "minecraft:item/book"
  },
  "overrides": [
  	{
        "predicate": {
                "custom_model_data": 1
            },
            "model": "onedestiny/book_of_enchantment"
        },
 	{
        "predicate": {
                "custom_model_data": 2
            },
            "model": "onedestiny/book_of_fire"
        },
 	{
        "predicate": {
                "custom_model_data": 3
            },
            "model": "onedestiny/book_of_sapphire"
        }
    ]
}