{
  "parent": "minecraft:item/generated",
  "textures": {
    "layer0": "minecraft:item/glass_bottle"
  },
  "overrides": [
  	{
        "predicate": {
                "custom_model_data": 1
            },
            "model": "onedestiny/cup"
        },
  	{
        "predicate": {
                "custom_model_data": 2
            },
            "model": "onedestiny/plastic_bottle"
        },
  	{
        "predicate": {
                "custom_model_data": 3
            },
            "model": "onedestiny/circular_plastic_bottle"
        },
  	{
        "predicate": {
                "custom_model_data": 4
            },
            "model": "onedestiny/camellia_sinensis"
        },
  	{
        "predicate": {
                "custom_model_data": 5
            },
            "model": "onedestiny/camellia_black_tea"
       },
  	{
        "predicate": {
                "custom_model_data": 6
            },
            "model": "onedestiny/herbal_mix"
      },
      {
        "predicate": {
                "custom_model_data": 7
            },
            "model": "onedestiny/tapioca_pearls"
      },
      {
        "predicate": {
                "custom_model_data": 8
            },
            "model": "onedestiny/ice_blocks"

        },
	{
        "predicate": {
                "custom_model_data": 9
            },
            "model": "onedestiny/sugar_in_bottle"

        },
	{
        "predicate": {
                "custom_model_data": 10
            },
            "model": "onedestiny/caramel"
        },
	{
        "predicate": {
                "custom_model_data": 11
            },
            "model": "onedestiny/bolsita"
        },
	{
        "predicate": {
                "custom_model_data": 12
            },
            "model": "onedestiny/vanilla_in_bottle"

        }
    ]
}