{
	"parent": "item/generated",
	"textures": {
	  "layer0": "item/leather_leggings",
	  "layer1": "item/leather_leggings_overlay"
	},
	"overrides": [
		{ "predicate": { "custom_model_data": 1}, "model": "onedestiny/ectoplasm_leggings" },
		{ "predicate": { "custom_model_data": 2}, "model": "onedestiny/pink_leggings" },
		{ "predicate": { "custom_model_data": 3}, "model": "onedestiny/redstone_leggings" },
		{ "predicate": { "custom_model_data": 4}, "model": "onedestiny/diamonds_leggings" },
		{ "predicate": { "custom_model_data": 5}, "model": "onedestiny/tornasol_leggings" },
                { "predicate": { "custom_model_data": 6}, "model": "onedestiny/pumpkin_leggings" },
                { "predicate": { "custom_model_data": 7}, "model": "onedestiny/prismarine_leggings" },
                { "predicate": { "custom_model_data": 8}, "model": "onedestiny/conduit_leggings" },
                { "predicate": { "custom_model_data": 9}, "model": "onedestiny/meat_leggings" },
                { "predicate": { "custom_model_data": 10}, "model": "onedestiny/energytite_leggings" },
                { "predicate": { "custom_model_data": 11}, "model": "onedestiny/corrudium_leggings" },
		{ "predicate": { "custom_model_data": 2001}, "model": "custom/armor/amethyst_leggings" },
		{ "predicate": { "custom_model_data": 2004}, "model": "custom/armor/ender_leggings" }
	]
}