{
	"parent": "item/generated",
	"textures": {
	  "layer0": "item/leather_boots",
	  "layer1": "item/leather_boots_overlay"
	},
	"overrides": [
		{ "predicate": { "custom_model_data": 1}, "model": "onedestiny/ectoplasm_boots" },
		{ "predicate": { "custom_model_data": 2}, "model": "onedestiny/pink_boots" },
		{ "predicate": { "custom_model_data": 3}, "model": "onedestiny/redstone_boots" },
		{ "predicate": { "custom_model_data": 4}, "model": "onedestiny/diamonds_boots" },
		{ "predicate": { "custom_model_data": 5}, "model": "onedestiny/hermes_boots" },
                { "predicate": { "custom_model_data": 6}, "model": "onedestiny/tornasol_boots" },
                { "predicate": { "custom_model_data": 7}, "model": "onedestiny/pumpkin_boots" },
                { "predicate": { "custom_model_data": 8}, "model": "onedestiny/prismarine_boots" },
                { "predicate": { "custom_model_data": 9}, "model": "onedestiny/conduit_boots" },
                { "predicate": { "custom_model_data": 10}, "model": "onedestiny/meat_boots" },
                { "predicate": { "custom_model_data": 11}, "model": "onedestiny/energytite_boots" },
                { "predicate": { "custom_model_data": 12}, "model": "onedestiny/corrudium_boots" },
	 	{ "predicate": { "custom_model_data": 2001}, "model": "custom/armor/amethyst_boots" },
		{ "predicate": { "custom_model_data": 2004}, "model": "custom/armor/ender_boots" }
	]
}