{
	"parent": "item/handheld",
	"textures": {
		"layer0": "item/stick"
	},
	"overrides": [{
			"predicate": {
				"custom_model_data": 1
			},
			"model": "wolf/toastcannon"
		},

		{
			"predicate": {
				"custom_model_data": 2
			},
			"model": "onedestiny/baston_de_corazones"
		},

		{
			"predicate": {
				"custom_model_data": 3
			},
			"model": "onedestiny/staff_of_pure_heart"
		},

		{
			"predicate": {
				"custom_model_data": 4
			},
			"model": "onedestiny/warped_stick"		
                },

		{
			"predicate": {
				"custom_model_data": 5
			},
			"model": "onedestiny/crimson_stick"
                },

		{
			"predicate": {
				"custom_model_data": 6
			},
			"model": "onedestiny/staff_of_sorrow"
		}
	]
}