{
	"parent": "item/generated",
	"textures": {
	  "layer0": "item/leather_helmet",
	  "layer1": "item/leather_helmet_overlay"
	},
	"overrides": [
		{ "predicate": { "custom_model_data": 1}, "model": "onedestiny/ectoplasm_helmet" },
                { "predicate": { "custom_model_data": 2}, "model": "onedestiny/pink_helmet" },
                { "predicate": { "custom_model_data": 3}, "model": "onedestiny/redstone_helmet" },
                { "predicate": { "custom_model_data": 4}, "model": "onedestiny/diamonds_helmet" },
		{ "predicate": { "custom_model_data": 2001}, "model": "custom/armor/amethyst_helmet" },
		{ "predicate": { "custom_model_data": 2004}, "model": "custom/armor/ender_helmet" }
	]
}