{"textures":{"0":"modelengine:entity/rocky"},"elements":[{"from":[-2.285715,10.571428,-7.4285717],"to":[4.142857,22.142857,-1.0],"rotation":{"angle":0.0,"axis":"y","origin":[8.0,8.0,8.0]},"faces":{"east":{"uv":[7.75,7.625,8.375,8.75],"rotation":0,"texture":"#0","tintindex":0},"south":{"uv":[7.875,6.0,8.5,7.125],"rotation":0,"texture":"#0","tintindex":0},"north":{"uv":[2.5,7.75,3.125,8.875],"rotation":0,"texture":"#0","tintindex":0},"west":{"uv":[8.0,0.75,8.625,1.875],"rotation":0,"texture":"#0","tintindex":0},"up":{"uv":[10.875,4.125,10.25,3.5],"rotation":0,"texture":"#0","tintindex":0},"down":{"uv":[4.25,10.375,3.625,11.0],"rotation":0,"texture":"#0","tintindex":0}}},{"from":[-1.0,20.857143,-6.1428576],"to":[2.8571424,27.285715,-2.285715],"rotation":{"angle":0.0,"axis":"y","origin":[8.0,8.0,8.0]},"faces":{"east":{"uv":[9.125,2.25,9.75,3.125],"rotation":0,"texture":"#0","tintindex":0},"south":{"uv":[3.0,9.125,3.625,10.0],"rotation":0,"texture":"#0","tintindex":0},"north":{"uv":[1.5,9.125,2.125,10.0],"rotation":0,"texture":"#0","tintindex":0},"west":{"uv":[4.875,9.125,5.5,10.0],"rotation":0,"texture":"#0","tintindex":0},"up":{"uv":[4.875,11.0,4.25,10.375],"rotation":0,"texture":"#0","tintindex":0},"down":{"uv":[6.125,10.375,5.5,11.0],"rotation":0,"texture":"#0","tintindex":0}}}],"display":{"head":{"translation":[0.0,-6.4,0.0],"scale":[4.0,4.0,4.0]}}}