{
  "parent": "minecraft:item/generated",
  "textures": {
    "layer0": "minecraft:item/gold_ingot"
  },
  "overrides": [
  	{
        "predicate": {
                "custom_model_data": 1
            },
            "model": "onedestiny/pink_gold_ingot"
        },
        {
        "predicate": {
                "custom_model_data": 2
            },
            "model": "onedestiny/coal_nugget"
        },
        {
        "predicate": {
                "custom_model_data": 3
            },
            "model": "onedestiny/charcoal_nugget"
        },
        {
        "predicate": {
                "custom_model_data": 4
            },
            "model": "onedestiny/mini_horno"
        },
        {
        "predicate": {
                "custom_model_data": 5
            },
            "model": "onedestiny/mini_smoker"
        }
    ]
}