{"textures":{"0":"modelengine:entity/frog"},"elements":[{"from":[4.0,3.4285712,6.857143],"to":[12.0,8.0,11.428572],"rotation":{"angle":-22.5,"axis":"x","origin":[6.857143,3.4285712,3.4285712]},"faces":{"east":{"uv":[0.0,0.0,2.75,5.0],"rotation":0,"texture":"#0","tintindex":0},"south":{"uv":[0.0,0.0,2.75,5.0],"rotation":0,"texture":"#0","tintindex":0},"north":{"uv":[0.0,0.0,2.75,5.0],"rotation":0,"texture":"#0","tintindex":0},"west":{"uv":[0.0,0.0,2.75,5.0],"rotation":0,"texture":"#0","tintindex":0},"up":{"uv":[0.0,0.0,2.75,2.75],"rotation":0,"texture":"#0","tintindex":0},"down":{"uv":[0.0,0.0,2.75,5.0],"rotation":0,"texture":"#0","tintindex":0}}},{"from":[5.142857,1.1428566,4.5714283],"to":[10.857143,5.714286,8.0],"rotation":{"angle":-22.5,"axis":"x","origin":[6.857143,1.1428566,0.0]},"faces":{"east":{"uv":[13.25,0.0,16.0,4.5],"rotation":0,"texture":"#0","tintindex":0},"south":{"uv":[13.25,0.0,16.0,5.0],"rotation":0,"texture":"#0","tintindex":0},"north":{"uv":[4.0,9.25,12.25,6.75],"rotation":0,"texture":"#0","tintindex":0},"west":{"uv":[13.25,5.0,16.0,9.5],"rotation":0,"texture":"#0","tintindex":0},"up":{"uv":[0.25,0.0,3.0,2.25],"rotation":0,"texture":"#0","tintindex":0},"down":{"uv":[5.0,0.0,11.5,3.75],"rotation":0,"texture":"#0","tintindex":0}}},{"from":[5.714286,0.0,2.2857141],"to":[10.285714,3.4285712,5.714286],"rotation":{"angle":-22.5,"axis":"x","origin":[8.0,-1.1428576,-4.5714293]},"faces":{"east":{"uv":[5.0,9.5,9.5,7.5],"rotation":0,"texture":"#0","tintindex":0},"south":{"uv":[0.0,0.0,2.75,5.0],"rotation":0,"texture":"#0","tintindex":0},"north":{"uv":[5.0,9.5,9.5,7.5],"rotation":0,"texture":"#0","tintindex":0},"west":{"uv":[5.0,9.5,9.5,7.5],"rotation":0,"texture":"#0","tintindex":0},"up":{"uv":[0.0,0.0,2.75,2.75],"rotation":0,"texture":"#0","tintindex":0},"down":{"uv":[6.75,0.0,9.75,4.25],"rotation":0,"texture":"#0","tintindex":0}}}],"display":{"head":{"translation":[0.0,-6.4,0.0],"scale":[4.0,4.0,4.0]}}}