{"textures":{"2":"modelengine:entity/teemo"},"elements":[{"from":[7.633062,7.3179665,7.50002],"to":[8.418745,8.103649,8.49998],"rotation":{"angle":0.0,"axis":"y","origin":[8.045546,7.9036264,8.0]},"faces":{"east":{"uv":[6.5,7.0,6.9375,7.34375],"rotation":0,"texture":"#2","tintindex":0},"south":{"uv":[7.5,7.0,7.84375,7.34375],"rotation":0,"texture":"#2","tintindex":0},"north":{"uv":[7.0,7.5,7.34375,7.84375],"rotation":0,"texture":"#2","tintindex":0},"west":{"uv":[7.0,7.0,7.4375,7.34375],"rotation":0,"texture":"#2","tintindex":0},"up":{"uv":[0.34375,7.6875,0.0,7.25],"rotation":0,"texture":"#2","tintindex":0},"down":{"uv":[0.84375,7.25,0.5,7.6875],"rotation":0,"texture":"#2","tintindex":0}}}],"display":{"head":{"translation":[0.0,-6.4,0.0],"scale":[4.0,4.0,4.0]}}}