{"textures":{"2":"modelengine:entity/teemo"},"elements":[{"from":[8.0973,7.4952116,7.9464307],"to":[8.668705,8.423746,8.160707],"rotation":{"angle":0.0,"axis":"y","origin":[4.615859,8.001947,8.3392725]},"faces":{"east":{"uv":[8.25,0.25,8.34375,0.65625],"rotation":0,"texture":"#2","tintindex":0},"south":{"uv":[4.0,7.75,4.25,8.15625],"rotation":0,"texture":"#2","tintindex":0},"north":{"uv":[7.75,3.75,8.0,4.15625],"rotation":0,"texture":"#2","tintindex":0},"west":{"uv":[0.5,8.25,0.59375,8.65625],"rotation":0,"texture":"#2","tintindex":0},"up":{"uv":[3.0,8.34375,2.75,8.25],"rotation":0,"texture":"#2","tintindex":0},"down":{"uv":[8.5,2.75,8.25,2.84375],"rotation":0,"texture":"#2","tintindex":0}}},{"from":[7.964966,7.507679,7.9453764],"to":[9.322054,8.4362135,7.947485],"rotation":{"angle":0.0,"axis":"y","origin":[8.157796,7.9719462,7.9464307]},"faces":{"east":{"uv":[8.25,4.25,8.28125,4.65625],"rotation":0,"texture":"#2","tintindex":0},"south":{"uv":[6.0,5.25,6.59375,5.65625],"rotation":0,"texture":"#2","tintindex":0},"north":{"uv":[5.0,6.0,5.59375,6.40625],"rotation":0,"texture":"#2","tintindex":0},"west":{"uv":[4.75,8.25,4.78125,8.65625],"rotation":0,"texture":"#2","tintindex":0},"up":{"uv":[8.84375,3.53125,8.25,3.5],"rotation":0,"texture":"#2","tintindex":0},"down":{"uv":[8.84375,3.75,8.25,3.78125],"rotation":0,"texture":"#2","tintindex":0}}}],"display":{"head":{"translation":[0.0,-6.4,0.0],"scale":[4.0,4.0,4.0]}}}