{"textures":{"2":"modelengine:entity/teemo"},"elements":[{"from":[7.839857,7.0562673,7.5795293],"to":[8.4112625,8.199079,8.436638],"rotation":{"angle":0.0,"axis":"y","origin":[8.172852,8.091397,8.0]},"faces":{"east":{"uv":[6.5,3.5,6.875,4.0],"rotation":0,"texture":"#2","tintindex":0},"south":{"uv":[5.75,7.5,6.0,8.0],"rotation":0,"texture":"#2","tintindex":0},"north":{"uv":[5.5,7.5,5.75,8.0],"rotation":0,"texture":"#2","tintindex":0},"west":{"uv":[6.5,4.0,6.875,4.5],"rotation":0,"texture":"#2","tintindex":0},"up":{"uv":[8.0,6.125,7.75,5.75],"rotation":0,"texture":"#2","tintindex":0},"down":{"uv":[8.0,6.5,7.75,6.875],"rotation":0,"texture":"#2","tintindex":0}}}],"display":{"head":{"translation":[0.0,-6.4,0.0],"scale":[4.0,4.0,4.0]}}}