{
	"credit": "Made with Blockbench",
	"textures": {
		"0": "item/ender_texture/ender_shadow_a",
		"particle": "item/ender_texture/ender_shadow_a"
	},
	"elements": [
		{
			"from": [-12, 7.5, -13],
			"to": [30, 7.5, 29],
			"rotation": {"angle": 0, "axis": "y", "origin": [9, 7.5, 8]},
			"faces": {
				"north": {"uv": [0, 0, 16, 0], "texture": "#0"},
				"east": {"uv": [0, 0, 16, 0], "texture": "#0"},
				"south": {"uv": [0, 0, 16, 0], "texture": "#0"},
				"west": {"uv": [0, 0, 16, 0], "texture": "#0"},
				"up": {"uv": [0, 0, 16, 16], "texture": "#0"},
				"down": {"uv": [0, 16, 16, 0], "texture": "#0"}
			}
		}
	],
	"display": {
		"head": {
			"translation": [-1.5, -40.25, 0],
			"scale": [3.5, 3.5, 3.5]
		}
	}
}