{"textures":{"2":"modelengine:entity/teemo"},"elements":[{"from":[7.5357327,7.8571486,8.0],"to":[8.464267,8.142852,8.0],"rotation":{"angle":0.0,"axis":"z","origin":[8.0,8.0,8.0]},"faces":{"east":{"uv":[0.0,0.0,0.0,0.125],"rotation":0,"texture":"#2","tintindex":0},"south":{"uv":[8.0,7.25,8.40625,7.375],"rotation":0,"texture":"#2","tintindex":0},"north":{"uv":[7.25,8.0,7.65625,8.125],"rotation":0,"texture":"#2","tintindex":0},"west":{"uv":[0.0,0.0,0.0,0.125],"rotation":0,"texture":"#2","tintindex":0},"up":{"uv":[0.40625,0.0,0.0,0.0],"rotation":0,"texture":"#2","tintindex":0},"down":{"uv":[0.40625,0.0,0.0,0.0],"rotation":0,"texture":"#2","tintindex":0}}}],"display":{"head":{"translation":[0.0,-6.4,0.0],"scale":[4.0,4.0,4.0]}}}