{"textures":{"2":"modelengine:entity/teemo"},"elements":[{"from":[7.39287,7.6286545,6.8762217],"to":[8.39283,8.20006,8.304736],"rotation":{"angle":0.0,"axis":"y","origin":[7.8749933,8.1715,7.933336]},"faces":{"east":{"uv":[7.0,2.5,7.625,2.75],"rotation":0,"texture":"#2","tintindex":0},"south":{"uv":[3.5,7.75,3.9375,8.0],"rotation":0,"texture":"#2","tintindex":0},"north":{"uv":[3.0,7.75,3.4375,8.0],"rotation":0,"texture":"#2","tintindex":0},"west":{"uv":[7.0,2.75,7.625,3.0],"rotation":0,"texture":"#2","tintindex":0},"up":{"uv":[6.4375,4.375,6.0,3.75],"rotation":0,"texture":"#2","tintindex":0},"down":{"uv":[6.4375,4.5,6.0,5.125],"rotation":0,"texture":"#2","tintindex":0}}}],"display":{"head":{"translation":[0.0,-6.4,0.0],"scale":[4.0,4.0,4.0]}}}