{"textures":{"2":"modelengine:entity/teemo"},"elements":[{"from":[7.785808,7.224118,7.5804796],"to":[8.285789,8.081226,8.430446],"rotation":{"angle":0.0,"axis":"y","origin":[7.989368,8.081226,8.5197315]},"faces":{"east":{"uv":[4.5,7.25,4.875,7.625],"rotation":0,"texture":"#2","tintindex":0},"south":{"uv":[8.0,4.25,8.21875,4.625],"rotation":0,"texture":"#2","tintindex":0},"north":{"uv":[8.0,3.75,8.21875,4.125],"rotation":0,"texture":"#2","tintindex":0},"west":{"uv":[7.25,4.75,7.625,5.125],"rotation":0,"texture":"#2","tintindex":0},"up":{"uv":[8.21875,5.125,8.0,4.75],"rotation":0,"texture":"#2","tintindex":0},"down":{"uv":[5.21875,8.0,5.0,8.375],"rotation":0,"texture":"#2","tintindex":0}}},{"from":[7.6774044,6.4154186,7.51336],"to":[8.391662,7.272527,8.51332],"rotation":{"angle":0.0,"axis":"y","origin":[8.071885,7.269289,7.9761295]},"faces":{"east":{"uv":[6.75,5.25,7.1875,5.625],"rotation":0,"texture":"#2","tintindex":0},"south":{"uv":[1.5,7.75,1.8125,8.125],"rotation":0,"texture":"#2","tintindex":0},"north":{"uv":[7.75,1.0,8.0625,1.375],"rotation":0,"texture":"#2","tintindex":0},"west":{"uv":[6.75,5.75,7.1875,6.125],"rotation":0,"texture":"#2","tintindex":0},"up":{"uv":[7.8125,4.6875,7.5,4.25],"rotation":0,"texture":"#2","tintindex":0},"down":{"uv":[5.3125,7.5,5.0,7.9375],"rotation":0,"texture":"#2","tintindex":0}}}],"display":{"head":{"translation":[0.0,-6.4,0.0],"scale":[4.0,4.0,4.0]}}}