{"textures":{"2":"modelengine:entity/teemo"},"elements":[{"from":[7.7857227,7.960357,7.8656397],"to":[8.214277,8.388911,8.5084715],"rotation":{"angle":0.0,"axis":"y","origin":[8.0,7.9155498,7.8456635]},"faces":{"east":{"uv":[6.5,8.0,6.78125,8.1875],"rotation":0,"texture":"#2","tintindex":0},"south":{"uv":[1.25,8.25,1.4375,8.4375],"rotation":0,"texture":"#2","tintindex":0},"north":{"uv":[1.0,8.25,1.1875,8.4375],"rotation":0,"texture":"#2","tintindex":0},"west":{"uv":[8.0,6.5,8.28125,6.6875],"rotation":0,"texture":"#2","tintindex":0},"up":{"uv":[8.1875,7.03125,8.0,6.75],"rotation":0,"texture":"#2","tintindex":0},"down":{"uv":[7.1875,8.0,7.0,8.28125],"rotation":0,"texture":"#2","tintindex":0}}}],"display":{"head":{"translation":[0.0,-6.4,0.0],"scale":[4.0,4.0,4.0]}}}