{
  "parent": "minecraft:item/generated",
  "textures": {
    "layer0": "minecraft:item/clay_ball"
  },
  "overrides": [
  	{
        "predicate": {
                "custom_model_data": 1
            },
            "model": "onedestiny/bismuth"
  },

  	{
        "predicate": {
                "custom_model_data": 2
            },
            "model": "onedestiny/rubi"
  },
  	{
        "predicate": {
                "custom_model_data": 3
            },
            "model": "onedestiny/sapphire"
  }, 
	{
        "predicate": {
                "custom_model_data": 4
            },
            "model": "onedestiny/rose_quarz"
  }, 
	{
        "predicate": {
                "custom_model_data": 5
            },
            "model": "onedestiny/pearl"
  }, 
	{
        "predicate": {
                "custom_model_data": 6
            },
            "model": "onedestiny/cream"
  }, 
	{
        "predicate": {
                "custom_model_data": 7
            },
            "model": "onedestiny/tea_suc"
  }, 
	{
        "predicate": {
                "custom_model_data": 8
            },
            "model": "onedestiny/tea"
  }, 
	{
        "predicate": {
                "custom_model_data": 9
            },
            "model": "onedestiny/tea_strewberry"
  }, 
	{
        "predicate": {
                "custom_model_data": 10
            },
            "model": "onedestiny/tea_blueberry"
  }, 
	{
        "predicate": {
                "custom_model_data": 11
            },
            "model": "onedestiny/tea_green"
  }, 
	{
        "predicate": {
                "custom_model_data": 12
            },
            "model": "onedestiny/tea_herbal"
  }, 
	{
        "predicate": {
                "custom_model_data": 13
            },
            "model": "onedestiny/tea_black"
  }, 
	{
        "predicate": {
                "custom_model_data": 14
            },
            "model": "onedestiny/coffe_beans"
        }
    ]
}