{
   "parent":"item/generated",
   "textures":{
      "layer0":"item/leather_chestplate",
      "layer1":"item/leather_chestplate_overlay"
   },
   "overrides":[
      {
         "predicate":{
            "custom_model_data":1
         },
         "model":"onedestiny/ectoplasm_chest"
      },
      {
         "predicate":{
            "custom_model_data":2
         },
         "model":"onedestiny/pink_chestplate"
      },
      {
         "predicate":{
            "custom_model_data":3
         },
         "model":"onedestiny/redstone_chestplate"
      },
      {
         "predicate":{
            "custom_model_data":4
         },
         "model":"onedestiny/diamonds_chestplate"
      },
      {
         "predicate":{
            "custom_model_data":5
         },
         "model":"onedestiny/battle_chestplate" 
      },
      {
         "predicate":{
            "custom_model_data":2001
         },
         "model":"custom/armor/amethyst_chestplate"
      },
      {
         "predicate":{
            "custom_model_data":2004
         },
         "model":"custom/armor/ender_chestplate"
      }
   ]
}