{
    "parent": "item/generated",
    "textures": {
        "layer0": "item/paper"
    },
	"overrides": [	
		{"predicate": {"custom_model_data":2008}, "model": "amethyst_model/amethyst_pierce_1"},
		{"predicate": {"custom_model_data":2009}, "model": "amethyst_model/amethyst_pierce_2"},
		{"predicate": {"custom_model_data":2010}, "model": "amethyst_model/amethyst_pierce_3"},
		{"predicate": {"custom_model_data":2011}, "model": "amethyst_model/amethyst_pierce_4"},
		{"predicate": {"custom_model_data":2012}, "model": "amethyst_model/amethyst_pierce_5"},
		{"predicate": {"custom_model_data":2013}, "model": "amethyst_model/amethyst_pierce_6"},
		{"predicate": {"custom_model_data":2014}, "model": "amethyst_model/amethyst_pierce_7"},
		{"predicate": {"custom_model_data":2015}, "model": "amethyst_model/amethyst_meteor"},
		{"predicate": {"custom_model_data":2030}, "model": "ender_model/ender_ball"},
		{"predicate": {"custom_model_data":2031}, "model": "ender_model/ender_circle"},
		{"predicate": {"custom_model_data":2032}, "model": "ender_model/ender_circle_2"},
		{"predicate": {"custom_model_data":2033}, "model": "ender_model/ender_circle_3"},
		{"predicate": {"custom_model_data":2034}, "model": "ender_model/ender_circle_4"},
		{"predicate": {"custom_model_data":2035}, "model": "ender_model/ender_shadow"},
{
        "predicate": {
                "custom_model_data": 1
            },
            "model": "onedestiny/nebulo"
    }
    ]
}