{
   "providers":[
      {
         "type":"bitmap",
         "file":"emojis/0.png",
         "ascent":10,
         "height":10,
         "chars":[
            "\u3200"
         ]
      },
      {
         "type":"bitmap",
         "file":"emojis/1.png",
         "ascent":10,
         "height":10,
         "chars":[
            "\u3201"
         ]
      },
      {
         "type":"bitmap",
         "file":"emojis/2.png",
         "ascent":10,
         "height":10,
         "chars":[
            "\u3202"
         ]
      },
      {
         "type":"bitmap",
         "file":"emojis/3.png",
         "ascent":10,
         "height":10,
         "chars":[
            "\u3203"
         ]
      },
      {
         "type":"bitmap",
         "file":"emojis/4.png",
         "ascent":10,
         "height":10,
         "chars":[
            "\u3204"
         ]
      },
      {
         "type":"bitmap",
         "file":"emojis/5.png",
         "ascent":10,
         "height":10,
         "chars":[
            "\u3205"
         ]
      },
      {
         "type":"bitmap",
         "file":"emojis/6.png",
         "ascent":10,
         "height":10,
         "chars":[
            "\u3206"
         ]
      },
      {
         "type":"bitmap",
         "file":"emojis/7.png",
         "ascent":10,
         "height":10,
         "chars":[
            "\u3207"
         ]
      },
      {
         "type":"bitmap",
         "file":"emojis/8.png",
         "ascent":10,
         "height":10,
         "chars":[
            "\u3208"
         ]
      },
      {
         "type":"bitmap",
         "file":"emojis/9.png",
         "ascent":10,
         "height":10,
         "chars":[
            "\u3209"
         ]
      },
      {
         "type":"bitmap",
         "file":"emojis/10.png",
         "ascent":10,
         "height":10,
         "chars":[
            "\u3210"
         ]
      },
      {
         "type":"bitmap",
         "file":"emojis/one_destiny_logo.png",
         "ascent":24,
         "height":48,
         "chars":[
            "\uE000"
         ]
      }
   ]
}