{"textures":{"2":"modelengine:entity/teemo"},"elements":[{"from":[7.7675047,7.234009,7.5804796],"to":[8.267485,8.091118,8.430446],"rotation":{"angle":0.0,"axis":"y","origin":[8.017495,7.6625633,8.005463]},"faces":{"east":{"uv":[3.5,7.25,3.875,7.625],"rotation":0,"texture":"#2","tintindex":0},"south":{"uv":[3.25,8.0,3.46875,8.375],"rotation":0,"texture":"#2","tintindex":0},"north":{"uv":[3.0,8.0,3.21875,8.375],"rotation":0,"texture":"#2","tintindex":0},"west":{"uv":[4.0,7.25,4.375,7.625],"rotation":0,"texture":"#2","tintindex":0},"up":{"uv":[3.71875,8.375,3.5,8.0],"rotation":0,"texture":"#2","tintindex":0},"down":{"uv":[3.96875,8.0,3.75,8.375],"rotation":0,"texture":"#2","tintindex":0}}}],"display":{"head":{"translation":[0.0,-6.4,0.0],"scale":[4.0,4.0,4.0]}}}