{"textures":{"2":"modelengine:entity/teemo"},"elements":[{"from":[7.00004,7.6286416,7.2857428],"to":[8.99996,8.2000475,8.714257],"rotation":{"angle":0.0,"axis":"y","origin":[8.0,8.2000475,8.0]},"faces":{"east":{"uv":[6.5,6.75,7.125,7.0],"rotation":0,"texture":"#2","tintindex":0},"south":{"uv":[6.25,2.0,7.125,2.25],"rotation":0,"texture":"#2","tintindex":0},"north":{"uv":[6.25,1.75,7.125,2.0],"rotation":0,"texture":"#2","tintindex":0},"west":{"uv":[7.0,0.0,7.625,0.25],"rotation":0,"texture":"#2","tintindex":0},"up":{"uv":[0.875,5.125,0.0,4.5],"rotation":0,"texture":"#2","tintindex":0},"down":{"uv":[5.375,0.0,4.5,0.625],"rotation":0,"texture":"#2","tintindex":0}}},{"from":[7.457143,7.6570845,9.285714],"to":[7.742857,10.228513,9.571428],"rotation":{"angle":22.5,"axis":"z","origin":[7.428571,8.942799,9.428572]},"faces":{"east":{"uv":[4.75,5.5,5.0,6.75],"rotation":0,"texture":"#2","tintindex":0},"south":{"uv":[2.25,5.75,2.5,7.0],"rotation":0,"texture":"#2","tintindex":0},"north":{"uv":[4.5,5.5,4.75,6.75],"rotation":0,"texture":"#2","tintindex":0},"west":{"uv":[2.5,5.75,2.75,7.0],"rotation":0,"texture":"#2","tintindex":0},"up":{"uv":[4.5,7.25,4.25,7.0],"rotation":0,"texture":"#2","tintindex":0},"down":{"uv":[7.25,4.75,7.0,5.0],"rotation":0,"texture":"#2","tintindex":0}}},{"from":[7.8285713,7.742799,9.257143],"to":[8.171429,10.257084,9.6],"rotation":{"angle":45.0,"axis":"y","origin":[8.0,8.942799,9.428572]},"faces":{"east":{"uv":[0.75,6.0,1.0,7.1875],"rotation":0,"texture":"#2","tintindex":0},"south":{"uv":[1.0,6.0,1.25,7.1875],"rotation":0,"texture":"#2","tintindex":0},"north":{"uv":[0.5,6.0,0.75,7.1875],"rotation":0,"texture":"#2","tintindex":0},"west":{"uv":[6.0,1.0,6.25,2.1875],"rotation":0,"texture":"#2","tintindex":0},"up":{"uv":[7.75,2.5,7.5,2.25],"rotation":0,"texture":"#2","tintindex":0},"down":{"uv":[5.5,8.0,5.25,8.25],"rotation":0,"texture":"#2","tintindex":0}}},{"from":[7.542857,7.57137,9.428572],"to":[7.7714286,10.085656,9.657143],"rotation":{"angle":22.5,"axis":"x","origin":[7.6571426,8.942799,9.771429]},"faces":{"east":{"uv":[3.0,5.75,3.25,7.0],"rotation":0,"texture":"#2","tintindex":0},"south":{"uv":[3.25,5.75,3.5,7.0],"rotation":0,"texture":"#2","tintindex":0},"north":{"uv":[2.75,5.75,3.0,7.0],"rotation":0,"texture":"#2","tintindex":0},"west":{"uv":[3.5,5.75,3.75,7.0],"rotation":0,"texture":"#2","tintindex":0},"up":{"uv":[5.75,8.25,5.5,8.0],"rotation":0,"texture":"#2","tintindex":0},"down":{"uv":[6.0,8.0,5.75,8.25],"rotation":0,"texture":"#2","tintindex":0}}},{"from":[8.314285,7.628513,9.457143],"to":[8.542857,9.799942,9.685715],"rotation":{"angle":22.5,"axis":"x","origin":[8.285714,8.885655,9.714286]},"faces":{"east":{"uv":[1.5,6.0,1.75,7.1875],"rotation":0,"texture":"#2","tintindex":0},"south":{"uv":[1.75,6.0,2.0,7.1875],"rotation":0,"texture":"#2","tintindex":0},"north":{"uv":[1.25,6.0,1.5,7.1875],"rotation":0,"texture":"#2","tintindex":0},"west":{"uv":[2.0,6.0,2.25,7.1875],"rotation":0,"texture":"#2","tintindex":0},"up":{"uv":[8.25,6.0,8.0,5.75],"rotation":0,"texture":"#2","tintindex":0},"down":{"uv":[6.25,8.0,6.0,8.25],"rotation":0,"texture":"#2","tintindex":0}}},{"from":[8.154285,7.554227,9.1828575],"to":[8.531428,10.217085,9.56],"rotation":{"angle":-22.5,"axis":"z","origin":[8.571428,8.942799,9.257143]},"faces":{"east":{"uv":[5.75,5.25,6.0,6.5],"rotation":0,"texture":"#2","tintindex":0},"south":{"uv":[0.0,6.0,0.25,7.25],"rotation":0,"texture":"#2","tintindex":0},"north":{"uv":[3.75,5.75,4.0,7.0],"rotation":0,"texture":"#2","tintindex":0},"west":{"uv":[0.25,6.0,0.5,7.25],"rotation":0,"texture":"#2","tintindex":0},"up":{"uv":[8.25,6.25,8.0,6.0],"rotation":0,"texture":"#2","tintindex":0},"down":{"uv":[6.5,8.0,6.25,8.25],"rotation":0,"texture":"#2","tintindex":0}}},{"from":[7.1071844,7.6286645,8.535745],"to":[8.892816,9.348664,9.892827],"rotation":{"angle":0.0,"axis":"y","origin":[8.0,7.4857903,8.0]},"faces":{"east":{"uv":[2.25,3.5,2.84375,4.25],"rotation":0,"texture":"#2","tintindex":0},"south":{"uv":[4.0,3.25,4.78125,4.0],"rotation":0,"texture":"#2","tintindex":0},"north":{"uv":[4.0,2.5,4.78125,3.25],"rotation":0,"texture":"#2","tintindex":0},"west":{"uv":[0.0,5.25,0.59375,6.0],"rotation":0,"texture":"#2","tintindex":0},"up":{"uv":[2.78125,5.59375,2.0,5.0],"rotation":0,"texture":"#2","tintindex":0},"down":{"uv":[5.78125,2.25,5.0,2.84375],"rotation":0,"texture":"#2","tintindex":0}}},{"from":[7.057183,8.771499,8.542886],"to":[8.942818,9.342904,9.9714],"rotation":{"angle":0.0,"axis":"y","origin":[8.0,8.2000475,8.0]},"faces":{"east":{"uv":[7.0,3.75,7.625,4.0],"rotation":0,"texture":"#2","tintindex":0},"south":{"uv":[6.5,2.25,7.3125,2.5],"rotation":0,"texture":"#2","tintindex":0},"north":{"uv":[6.0,6.25,6.8125,6.5],"rotation":0,"texture":"#2","tintindex":0},"west":{"uv":[7.0,4.0,7.625,4.25],"rotation":0,"texture":"#2","tintindex":0},"up":{"uv":[5.5625,1.375,4.75,0.75],"rotation":0,"texture":"#2","tintindex":0},"down":{"uv":[4.8125,4.75,4.0,5.375],"rotation":0,"texture":"#2","tintindex":0}}}],"display":{"head":{"translation":[0.0,-6.4,0.0],"scale":[4.0,4.0,4.0]}}}