{"textures":{"2":"modelengine:entity/teemo"},"elements":[{"from":[7.5785584,7.485797,6.990507],"to":[8.578518,8.057203,8.419022],"rotation":{"angle":0.0,"axis":"y","origin":[8.125007,8.028643,8.047622]},"faces":{"east":{"uv":[7.0,0.25,7.625,0.5],"rotation":0,"texture":"#2","tintindex":0},"south":{"uv":[7.75,2.75,8.1875,3.0],"rotation":0,"texture":"#2","tintindex":0},"north":{"uv":[2.5,2.25,2.9375,2.5],"rotation":0,"texture":"#2","tintindex":0},"west":{"uv":[2.25,7.0,2.875,7.25],"rotation":0,"texture":"#2","tintindex":0},"up":{"uv":[6.4375,2.875,6.0,2.25],"rotation":0,"texture":"#2","tintindex":0},"down":{"uv":[6.4375,3.0,6.0,3.625],"rotation":0,"texture":"#2","tintindex":0}}}],"display":{"head":{"translation":[0.0,-6.4,0.0],"scale":[4.0,4.0,4.0]}}}