{"textures":{"2":"modelengine:entity/teemo"},"elements":[{"from":[8.171429,7.885714,6.457143],"to":[8.4,8.114285,9.542857],"rotation":{"angle":0.0,"axis":"y","origin":[8.0,8.0,8.0]},"faces":{"east":{"uv":[0.75,5.75,2.25,6.0],"rotation":0,"texture":"#2","tintindex":0},"south":{"uv":[4.75,1.5,5.0,1.75],"rotation":0,"texture":"#2","tintindex":0},"north":{"uv":[4.5,0.75,4.75,1.0],"rotation":0,"texture":"#2","tintindex":0},"west":{"uv":[5.75,0.75,7.25,1.0],"rotation":0,"texture":"#2","tintindex":0},"up":{"uv":[4.25,7.0,4.0,5.5],"rotation":0,"texture":"#2","tintindex":0},"down":{"uv":[4.5,5.5,4.25,7.0],"rotation":0,"texture":"#2","tintindex":0}}}],"display":{"head":{"translation":[0.0,-6.4,0.0],"scale":[4.0,4.0,4.0]}}}