{"textures":{"2":"modelengine:entity/teemo"},"elements":[{"from":[6.857143,9.085714,6.6571426],"to":[9.142858,10.3714285,9.257143],"rotation":{"angle":22.5,"axis":"x","origin":[8.0,9.142858,8.0]},"faces":{"east":{"uv":[1.0,3.5,2.125,4.0625],"rotation":0,"texture":"#2","tintindex":0},"south":{"uv":[3.0,4.25,4.0,4.8125],"rotation":0,"texture":"#2","tintindex":0},"north":{"uv":[2.0,4.25,3.0,4.8125],"rotation":0,"texture":"#2","tintindex":0},"west":{"uv":[3.5,1.0,4.625,1.5625],"rotation":0,"texture":"#2","tintindex":0},"up":{"uv":[1.0,3.625,0.0,2.5],"rotation":0,"texture":"#2","tintindex":0},"down":{"uv":[3.5,0.0,2.5,1.125],"rotation":0,"texture":"#2","tintindex":0}}},{"from":[7.0,9.314285,6.457143],"to":[7.857143,10.057143,6.6571426],"rotation":{"angle":22.5,"axis":"x","origin":[8.0,9.142858,8.0]},"faces":{"east":{"uv":[2.0,8.25,2.09375,8.5625],"rotation":0,"texture":"#2","tintindex":0},"south":{"uv":[2.0,7.75,2.375,8.0625],"rotation":0,"texture":"#2","tintindex":0},"north":{"uv":[7.75,1.5,8.125,1.8125],"rotation":0,"texture":"#2","tintindex":0},"west":{"uv":[2.25,8.25,2.34375,8.5625],"rotation":0,"texture":"#2","tintindex":0},"up":{"uv":[8.625,1.34375,8.25,1.25],"rotation":0,"texture":"#2","tintindex":0},"down":{"uv":[1.875,8.25,1.5,8.34375],"rotation":0,"texture":"#2","tintindex":0}}},{"from":[8.142858,9.314285,6.457143],"to":[9.0,10.057143,6.6571426],"rotation":{"angle":22.5,"axis":"x","origin":[8.0,9.142858,8.0]},"faces":{"east":{"uv":[8.25,2.25,8.34375,2.5625],"rotation":0,"texture":"#2","tintindex":0},"south":{"uv":[2.5,7.75,2.875,8.0625],"rotation":0,"texture":"#2","tintindex":0},"north":{"uv":[7.75,2.25,8.125,2.5625],"rotation":0,"texture":"#2","tintindex":0},"west":{"uv":[2.5,8.25,2.59375,8.5625],"rotation":0,"texture":"#2","tintindex":0},"up":{"uv":[8.625,1.59375,8.25,1.5],"rotation":0,"texture":"#2","tintindex":0},"down":{"uv":[8.625,1.75,8.25,1.84375],"rotation":0,"texture":"#2","tintindex":0}}},{"from":[6.714286,8.942857,6.5142856],"to":[9.285714,9.228572,9.4],"rotation":{"angle":22.5,"axis":"x","origin":[8.0,9.142858,8.0]},"faces":{"east":{"uv":[3.0,7.0,4.25,7.125],"rotation":0,"texture":"#2","tintindex":0},"south":{"uv":[7.25,2.0,8.375,2.125],"rotation":0,"texture":"#2","tintindex":0},"north":{"uv":[7.0,6.25,8.125,6.375],"rotation":0,"texture":"#2","tintindex":0},"west":{"uv":[7.0,3.0,8.25,3.125],"rotation":0,"texture":"#2","tintindex":0},"up":{"uv":[1.125,1.25,0.0,0.0],"rotation":0,"texture":"#2","tintindex":0},"down":{"uv":[1.125,1.25,0.0,2.5],"rotation":0,"texture":"#2","tintindex":0}}},{"from":[6.742857,9.542857,6.542857],"to":[9.257143,9.771429,9.3714285],"rotation":{"angle":22.5,"axis":"x","origin":[8.0,9.142858,8.0]},"faces":{"east":{"uv":[7.0,3.25,8.25,3.375],"rotation":0,"texture":"#2","tintindex":0},"south":{"uv":[7.25,5.5,8.375,5.625],"rotation":0,"texture":"#2","tintindex":0},"north":{"uv":[7.25,5.25,8.375,5.375],"rotation":0,"texture":"#2","tintindex":0},"west":{"uv":[7.0,3.5,8.25,3.625],"rotation":0,"texture":"#2","tintindex":0},"up":{"uv":[2.375,1.25,1.25,0.0],"rotation":0,"texture":"#2","tintindex":0},"down":{"uv":[2.375,1.25,1.25,2.5],"rotation":0,"texture":"#2","tintindex":0}}},{"from":[6.928614,8.000037,6.928614],"to":[9.071385,9.999957,9.071385],"rotation":{"angle":0.0,"axis":"y","origin":[8.0,7.9857144,8.0]},"faces":{"east":{"uv":[3.0,2.25,3.9375,3.125],"rotation":0,"texture":"#2","tintindex":0},"south":{"uv":[3.0,3.25,3.9375,4.125],"rotation":0,"texture":"#2","tintindex":0},"north":{"uv":[2.0,2.5,2.9375,3.375],"rotation":0,"texture":"#2","tintindex":0},"west":{"uv":[3.5,0.0,4.4375,0.875],"rotation":0,"texture":"#2","tintindex":0},"up":{"uv":[1.9375,3.4375,1.0,2.5],"rotation":0,"texture":"#2","tintindex":0},"down":{"uv":[3.4375,1.25,2.5,2.1875],"rotation":0,"texture":"#2","tintindex":0}}}],"display":{"head":{"translation":[0.0,-6.4,0.0],"scale":[4.0,4.0,4.0]}}}