{"textures":{"2":"modelengine:entity/teemo"},"elements":[{"from":[7.331295,7.4952116,7.9464307],"to":[7.9027004,8.423746,8.160707],"rotation":{"angle":0.0,"axis":"y","origin":[11.384141,8.001947,8.3392725]},"faces":{"east":{"uv":[0.75,8.25,0.84375,8.65625],"rotation":0,"texture":"#2","tintindex":0},"south":{"uv":[4.5,7.75,4.75,8.15625],"rotation":0,"texture":"#2","tintindex":0},"north":{"uv":[4.25,7.75,4.5,8.15625],"rotation":0,"texture":"#2","tintindex":0},"west":{"uv":[8.25,0.75,8.34375,1.15625],"rotation":0,"texture":"#2","tintindex":0},"up":{"uv":[8.5,3.09375,8.25,3.0],"rotation":0,"texture":"#2","tintindex":0},"down":{"uv":[8.5,3.25,8.25,3.34375],"rotation":0,"texture":"#2","tintindex":0}}},{"from":[6.56366,7.507679,7.9453764],"to":[7.9207487,8.4362135,7.947485],"rotation":{"angle":0.0,"axis":"y","origin":[7.7993474,7.9719462,8.410698]},"faces":{"east":{"uv":[8.25,4.75,8.28125,5.15625],"rotation":0,"texture":"#2","tintindex":0},"south":{"uv":[6.25,0.0,6.84375,0.40625],"rotation":0,"texture":"#2","tintindex":0},"north":{"uv":[6.0,5.75,6.59375,6.15625],"rotation":0,"texture":"#2","tintindex":0},"west":{"uv":[5.25,8.25,5.28125,8.65625],"rotation":0,"texture":"#2","tintindex":0},"up":{"uv":[4.59375,8.28125,4.0,8.25],"rotation":0,"texture":"#2","tintindex":0},"down":{"uv":[8.84375,4.0,8.25,4.03125],"rotation":0,"texture":"#2","tintindex":0}}}],"display":{"head":{"translation":[0.0,-6.4,0.0],"scale":[4.0,4.0,4.0]}}}