{"textures":{"0":"modelengine:entity/kindletronsr4"},"elements":[{"from":[7.428571,3.9428568,8.0],"to":[9.142858,8.0,9.142858],"rotation":{"angle":0.0,"axis":"y","origin":[8.285714,6.4142857,9.142858]},"faces":{"east":{"uv":[10.625,6.5,10.875,7.375],"rotation":0,"texture":"#0","tintindex":0},"south":{"uv":[12.25,8.25,12.625,9.125],"rotation":0,"texture":"#0","tintindex":0},"north":{"uv":[6.375,12.25,6.75,13.125],"rotation":0,"texture":"#0","tintindex":0},"west":{"uv":[11.375,12.25,11.625,13.125],"rotation":0,"texture":"#0","tintindex":0},"up":{"uv":[12.875,7.5,12.5,7.25],"rotation":0,"texture":"#0","tintindex":0},"down":{"uv":[12.875,7.5,12.5,7.75],"rotation":0,"texture":"#0","tintindex":0}}},{"from":[7.428571,5.714286,9.142858],"to":[9.142858,8.0,10.285714],"rotation":{"angle":0.0,"axis":"y","origin":[8.285714,6.4142857,9.142858]},"faces":{"east":{"uv":[1.0,12.5,1.25,13.0],"rotation":0,"texture":"#0","tintindex":0},"south":{"uv":[7.125,8.5,7.5,9.0],"rotation":0,"texture":"#0","tintindex":0},"north":{"uv":[7.375,0.75,7.75,1.25],"rotation":0,"texture":"#0","tintindex":0},"west":{"uv":[4.375,12.5,4.625,13.0],"rotation":0,"texture":"#0","tintindex":0},"up":{"uv":[12.875,8.0,12.5,7.75],"rotation":0,"texture":"#0","tintindex":0},"down":{"uv":[12.875,8.0,12.5,8.25],"rotation":0,"texture":"#0","tintindex":0}}}],"display":{"head":{"translation":[0.0,-6.4,0.0],"scale":[4.0,4.0,4.0]}}}