{
  "parent": "minecraft:item/generated",
  "textures": {
    "layer0": "minecraft:item/totem_of_undying"
  },
  "overrides": [
  	{
        "predicate": {
                "custom_model_data": 1
            },
            "model": "onedestiny/emerald_totem"
        },
  	{
        "predicate": {
                "custom_model_data": 2
            },
            "model": "onedestiny/pink_totem"
       },
       {
        "predicate": {
                "custom_model_data": 3
            },
            "model": "onedestiny/redstone_totem"
       },
       {
        "predicate": {
                "custom_model_data": 4
            },
            "model": "onedestiny/diamond_totem"
       },
       {
        "predicate": {
                "custom_model_data": 5
            },
            "model": "onedestiny/ender_totem"
       },
       {
        "predicate": {
                "custom_model_data": 6
            },
            "model": "onedestiny/amethyst_totem"
       },
       {
        "predicate": {
                "custom_model_data": 7
            },
            "model": "onedestiny/candy_totem"
        }
    ]
}