{"textures":{"0":"modelengine:entity/dummy_teemo_red"},"elements":[{"from":[4.5714283,7.9717813,4.408163],"to":[11.428572,8.54321,11.265306],"rotation":{"angle":0.0,"axis":"y","origin":[8.0,1.1146383,7.836735]},"faces":{"east":{"uv":[11.0,1.0,14.0,1.25],"rotation":0,"texture":"#0","tintindex":0},"south":{"uv":[11.0,1.25,14.0,1.5],"rotation":0,"texture":"#0","tintindex":0},"north":{"uv":[11.0,0.75,14.0,1.0],"rotation":0,"texture":"#0","tintindex":0},"west":{"uv":[6.5,11.0,9.5,11.25],"rotation":0,"texture":"#0","tintindex":0},"up":{"uv":[3.0,3.0,0.0,0.0],"rotation":0,"texture":"#0","tintindex":0},"down":{"uv":[3.0,3.0,0.0,6.0],"rotation":0,"texture":"#0","tintindex":0}}},{"from":[5.714286,8.54321,5.5510206],"to":[10.285714,10.257496,10.122449],"rotation":{"angle":0.0,"axis":"y","origin":[8.0,1.1146383,7.836735]},"faces":{"east":{"uv":[0.0,9.0,2.0,9.75],"rotation":0,"texture":"#0","tintindex":0},"south":{"uv":[9.5,7.25,11.5,8.0],"rotation":0,"texture":"#0","tintindex":0},"north":{"uv":[8.5,2.75,10.5,3.5],"rotation":0,"texture":"#0","tintindex":0},"west":{"uv":[9.5,8.0,11.5,8.75],"rotation":0,"texture":"#0","tintindex":0},"up":{"uv":[5.0,6.0,3.0,4.0],"rotation":0,"texture":"#0","tintindex":0},"down":{"uv":[7.0,0.0,5.0,2.0],"rotation":0,"texture":"#0","tintindex":0}}},{"from":[6.857143,10.257496,6.693877],"to":[9.142858,12.54321,8.979592],"rotation":{"angle":0.0,"axis":"y","origin":[8.0,1.1146383,7.836735]},"faces":{"east":{"uv":[0.5,10.75,1.5,11.75],"rotation":0,"texture":"#0","tintindex":0},"south":{"uv":[10.75,1.5,11.75,2.5],"rotation":0,"texture":"#0","tintindex":0},"north":{"uv":[10.5,2.5,11.5,3.5],"rotation":0,"texture":"#0","tintindex":0},"west":{"uv":[3.0,10.75,4.0,11.75],"rotation":0,"texture":"#0","tintindex":0},"up":{"uv":[11.75,4.5,10.75,3.5],"rotation":0,"texture":"#0","tintindex":0},"down":{"uv":[5.0,10.75,4.0,11.75],"rotation":0,"texture":"#0","tintindex":0}}},{"from":[9.714286,8.54321,7.836735],"to":[10.857143,11.4003525,8.408163],"rotation":{"angle":0.0,"axis":"y","origin":[8.0,1.1146383,7.836735]},"faces":{"east":{"uv":[4.75,6.0,5.0,7.25],"rotation":0,"texture":"#0","tintindex":0},"south":{"uv":[9.5,11.0,10.0,12.25],"rotation":0,"texture":"#0","tintindex":0},"north":{"uv":[11.0,9.25,11.5,10.5],"rotation":0,"texture":"#0","tintindex":0},"west":{"uv":[9.0,11.25,9.25,12.5],"rotation":0,"texture":"#0","tintindex":0},"up":{"uv":[0.5,12.25,0.0,12.0],"rotation":0,"texture":"#0","tintindex":0},"down":{"uv":[2.5,12.5,2.0,12.75],"rotation":0,"texture":"#0","tintindex":0}}},{"from":[9.145846,9.6854725,7.836735],"to":[9.717275,11.399758,8.408163],"rotation":{"angle":-22.5,"axis":"z","origin":[9.4315605,9.971187,8.122449]},"faces":{"east":{"uv":[3.0,9.0,3.25,9.75],"rotation":0,"texture":"#0","tintindex":0},"south":{"uv":[7.25,12.25,7.5,13.0],"rotation":0,"texture":"#0","tintindex":0},"north":{"uv":[3.25,7.75,3.5,8.5],"rotation":0,"texture":"#0","tintindex":0},"west":{"uv":[12.0,12.25,12.25,13.0],"rotation":0,"texture":"#0","tintindex":0},"up":{"uv":[8.5,1.75,8.25,1.5],"rotation":0,"texture":"#0","tintindex":0},"down":{"uv":[8.5,1.75,8.25,2.0],"rotation":0,"texture":"#0","tintindex":0}}},{"from":[6.282725,9.6854725,7.836735],"to":[6.8541536,11.399758,8.408163],"rotation":{"angle":22.5,"axis":"z","origin":[6.5684395,9.971187,8.122449]},"faces":{"east":{"uv":[0.0,12.5,0.25,13.25],"rotation":0,"texture":"#0","tintindex":0},"south":{"uv":[0.25,12.5,0.5,13.25],"rotation":0,"texture":"#0","tintindex":0},"north":{"uv":[12.25,12.25,12.5,13.0],"rotation":0,"texture":"#0","tintindex":0},"west":{"uv":[0.5,12.5,0.75,13.25],"rotation":0,"texture":"#0","tintindex":0},"up":{"uv":[11.75,3.5,11.5,3.25],"rotation":0,"texture":"#0","tintindex":0},"down":{"uv":[1.0,12.5,0.75,12.75],"rotation":0,"texture":"#0","tintindex":0}}},{"from":[5.142857,8.54321,7.836735],"to":[6.285714,11.4003525,8.408163],"rotation":{"angle":0.0,"axis":"y","origin":[8.0,1.1146383,7.836735]},"faces":{"east":{"uv":[9.25,11.25,9.5,12.5],"rotation":0,"texture":"#0","tintindex":0},"south":{"uv":[2.0,11.25,2.5,12.5],"rotation":0,"texture":"#0","tintindex":0},"north":{"uv":[11.0,10.5,11.5,11.75],"rotation":0,"texture":"#0","tintindex":0},"west":{"uv":[7.5,11.75,7.75,13.0],"rotation":0,"texture":"#0","tintindex":0},"up":{"uv":[3.0,12.75,2.5,12.5],"rotation":0,"texture":"#0","tintindex":0},"down":{"uv":[3.5,12.5,3.0,12.75],"rotation":0,"texture":"#0","tintindex":0}}}],"display":{"head":{"translation":[0.0,-6.4,0.0],"scale":[4.0,4.0,4.0]}}}