{"textures":{"2":"modelengine:entity/teemo"},"elements":[{"from":[7.5768085,7.261983,7.50002],"to":[8.362492,8.047666,8.49998],"rotation":{"angle":0.0,"axis":"y","origin":[7.96965,7.9976816,8.0]},"faces":{"east":{"uv":[7.0,4.25,7.4375,4.59375],"rotation":0,"texture":"#2","tintindex":0},"south":{"uv":[6.5,7.5,6.84375,7.84375],"rotation":0,"texture":"#2","tintindex":0},"north":{"uv":[6.0,7.5,6.34375,7.84375],"rotation":0,"texture":"#2","tintindex":0},"west":{"uv":[5.0,7.0,5.4375,7.34375],"rotation":0,"texture":"#2","tintindex":0},"up":{"uv":[5.84375,7.4375,5.5,7.0],"rotation":0,"texture":"#2","tintindex":0},"down":{"uv":[6.34375,7.0,6.0,7.4375],"rotation":0,"texture":"#2","tintindex":0}}}],"display":{"head":{"translation":[0.0,-6.4,0.0],"scale":[4.0,4.0,4.0]}}}