{"textures":{"2":"modelengine:entity/teemo"},"elements":[{"from":[7.637509,7.261983,7.50002],"to":[8.423192,8.047666,8.49998],"rotation":{"angle":0.0,"axis":"y","origin":[8.030351,7.9976816,8.0]},"faces":{"east":{"uv":[7.25,1.5,7.6875,1.84375],"rotation":0,"texture":"#2","tintindex":0},"south":{"uv":[0.5,7.75,0.84375,8.09375],"rotation":0,"texture":"#2","tintindex":0},"north":{"uv":[7.75,0.0,8.09375,0.34375],"rotation":0,"texture":"#2","tintindex":0},"west":{"uv":[2.0,7.25,2.4375,7.59375],"rotation":0,"texture":"#2","tintindex":0},"up":{"uv":[2.84375,7.6875,2.5,7.25],"rotation":0,"texture":"#2","tintindex":0},"down":{"uv":[3.34375,7.25,3.0,7.6875],"rotation":0,"texture":"#2","tintindex":0}}}],"display":{"head":{"translation":[0.0,-6.4,0.0],"scale":[4.0,4.0,4.0]}}}