{"textures":{"2":"modelengine:entity/teemo"},"elements":[{"from":[7.7321534,7.7321534,8.0],"to":[8.267846,8.267846,8.0],"rotation":{"angle":0.0,"axis":"y","origin":[8.0,8.0,8.0]},"faces":{"east":{"uv":[0.0,0.0,0.0,0.21875],"rotation":0,"texture":"#2","tintindex":0},"south":{"uv":[0.25,8.25,0.46875,8.46875],"rotation":0,"texture":"#2","tintindex":0},"north":{"uv":[8.25,0.0,8.46875,0.21875],"rotation":0,"texture":"#2","tintindex":0},"west":{"uv":[0.0,0.0,0.0,0.21875],"rotation":0,"texture":"#2","tintindex":0},"up":{"uv":[0.21875,0.0,0.0,0.0],"rotation":0,"texture":"#2","tintindex":0},"down":{"uv":[0.21875,0.0,0.0,0.0],"rotation":0,"texture":"#2","tintindex":0}}}],"display":{"head":{"translation":[0.0,-6.4,0.0],"scale":[4.0,4.0,4.0]}}}