{"textures":{"0":"modelengine:entity/frog"},"elements":[{"from":[6.285714,5.734616,7.545885],"to":[9.714286,8.02033,13.260171],"rotation":{"angle":45.0,"axis":"x","origin":[8.0,7.494777,8.919375]},"faces":{"east":{"uv":[0.0,0.0,4.0,2.5],"rotation":0,"texture":"#0","tintindex":0},"south":{"uv":[0.0,0.0,2.75,5.0],"rotation":0,"texture":"#0","tintindex":0},"north":{"uv":[0.0,0.0,2.75,5.0],"rotation":0,"texture":"#0","tintindex":0},"west":{"uv":[0.0,0.0,4.0,2.5],"rotation":0,"texture":"#0","tintindex":0},"up":{"uv":[0.0,0.0,2.75,5.0],"rotation":0,"texture":"#0","tintindex":0},"down":{"uv":[0.0,0.0,2.75,5.0],"rotation":0,"texture":"#0","tintindex":0}}},{"from":[6.857143,2.9245539,4.2505736],"to":[9.142858,7.4959826,6.536288],"rotation":{"angle":45.0,"axis":"x","origin":[9.142858,-1.2131062,5.5897555]},"faces":{"east":{"uv":[0.0,0.0,2.75,5.0],"rotation":0,"texture":"#0","tintindex":0},"south":{"uv":[0.0,0.0,4.0,8.0],"rotation":0,"texture":"#0","tintindex":0},"north":{"uv":[0.0,0.0,4.0,8.0],"rotation":0,"texture":"#0","tintindex":0},"west":{"uv":[0.0,0.0,4.0,8.0],"rotation":0,"texture":"#0","tintindex":0},"up":{"uv":[0.0,0.0,4.0,8.0],"rotation":0,"texture":"#0","tintindex":0},"down":{"uv":[0.0,0.0,4.0,8.0],"rotation":0,"texture":"#0","tintindex":0}}},{"from":[5.714286,2.5583224,3.0183268],"to":[10.285714,3.70118,7.5897555],"rotation":{"angle":22.5,"axis":"x","origin":[9.142858,-2.3559628,4.4468985]},"faces":{"east":{"uv":[0.0,0.0,4.0,1.0],"rotation":0,"texture":"#0","tintindex":0},"south":{"uv":[0.0,0.0,4.0,1.0],"rotation":0,"texture":"#0","tintindex":0},"north":{"uv":[0.0,0.0,4.0,1.0],"rotation":0,"texture":"#0","tintindex":0},"west":{"uv":[0.0,0.0,4.0,1.0],"rotation":0,"texture":"#0","tintindex":0},"up":{"uv":[0.0,0.0,2.75,5.0],"rotation":0,"texture":"#0","tintindex":0},"down":{"uv":[0.0,0.0,2.75,5.0],"rotation":0,"texture":"#0","tintindex":0}}}],"display":{"head":{"translation":[0.0,-6.4,0.0],"scale":[4.0,4.0,4.0]}}}