{"textures":{"0":"modelengine:entity/toast"},"elements":[{"from":[5.714286,8.0,7.428571],"to":[10.285714,12.571428,8.571428],"rotation":{"angle":0.0,"axis":"y","origin":[7.428571,8.0,8.0]},"faces":{"east":{"uv":[7.0,0.0,8.0,4.0],"rotation":0,"texture":"#0","tintindex":0},"south":{"uv":[0.0,4.0,4.0,8.0],"rotation":0,"texture":"#0","tintindex":0},"north":{"uv":[0.0,0.0,4.0,4.0],"rotation":0,"texture":"#0","tintindex":0},"west":{"uv":[4.0,7.0,5.0,11.0],"rotation":0,"texture":"#0","tintindex":0},"up":{"uv":[9.0,8.0,5.0,7.0],"rotation":0,"texture":"#0","tintindex":0},"down":{"uv":[4.0,8.0,0.0,9.0],"rotation":0,"texture":"#0","tintindex":0}}},{"from":[9.137143,11.422857,7.4228573],"to":[11.434286,13.72,8.577143],"rotation":{"angle":0.0,"axis":"y","origin":[8.0,8.0,8.0]},"faces":{"east":{"uv":[7.0,8.0,8.0,10.0],"rotation":0,"texture":"#0","tintindex":0},"south":{"uv":[8.0,2.0,10.0,4.0],"rotation":0,"texture":"#0","tintindex":0},"north":{"uv":[8.0,0.0,10.0,2.0],"rotation":0,"texture":"#0","tintindex":0},"west":{"uv":[8.0,8.0,9.0,10.0],"rotation":0,"texture":"#0","tintindex":0},"up":{"uv":[10.0,7.0,8.0,6.0],"rotation":0,"texture":"#0","tintindex":0},"down":{"uv":[2.0,9.0,0.0,10.0],"rotation":0,"texture":"#0","tintindex":0}}},{"from":[4.565714,11.422857,7.4228573],"to":[6.862857,13.72,8.577143],"rotation":{"angle":0.0,"axis":"y","origin":[8.0,8.0,8.0]},"faces":{"east":{"uv":[2.0,9.0,3.0,11.0],"rotation":0,"texture":"#0","tintindex":0},"south":{"uv":[5.0,8.0,7.0,10.0],"rotation":0,"texture":"#0","tintindex":0},"north":{"uv":[8.0,4.0,10.0,6.0],"rotation":0,"texture":"#0","tintindex":0},"west":{"uv":[3.0,9.0,4.0,11.0],"rotation":0,"texture":"#0","tintindex":0},"up":{"uv":[11.0,8.0,9.0,7.0],"rotation":0,"texture":"#0","tintindex":0},"down":{"uv":[11.0,8.0,9.0,9.0],"rotation":0,"texture":"#0","tintindex":0}}}],"display":{"head":{"translation":[0.0,-6.4,0.0],"scale":[4.0,4.0,4.0]}}}