{"textures":{"0":"modelengine:entity/toast"},"elements":[{"from":[8.0,7.142857,8.0],"to":[11.428572,9.428572,8.0],"rotation":{"angle":0.0,"axis":"y","origin":[5.142857,6.0,8.0]},"faces":{"east":{"uv":[0.0,0.0,0.0,2.0],"rotation":0,"texture":"#0","tintindex":0},"south":{"uv":[7.0,0.0,4.0,2.0],"rotation":0,"texture":"#0","tintindex":0},"north":{"uv":[4.0,0.0,7.0,2.0],"rotation":0,"texture":"#0","tintindex":0},"west":{"uv":[0.0,0.0,0.0,2.0],"rotation":0,"texture":"#0","tintindex":0},"up":{"uv":[3.0,0.0,0.0,0.0],"rotation":0,"texture":"#0","tintindex":0},"down":{"uv":[3.0,0.0,0.0,0.0],"rotation":0,"texture":"#0","tintindex":0}}}],"display":{"head":{"translation":[0.0,-6.4,0.0],"scale":[4.0,4.0,4.0]}}}