{"textures":{"2":"modelengine:entity/teemo"},"elements":[{"from":[6.8532925,8.005364,6.7721286],"to":[8.803214,8.005364,8.0220785],"rotation":{"angle":0.0,"axis":"y","origin":[7.676976,8.456916,7.806306]},"faces":{"east":{"uv":[0.0,0.0,0.53125,0.0],"rotation":0,"texture":"#2","tintindex":0},"south":{"uv":[0.0,0.0,0.84375,0.0],"rotation":0,"texture":"#2","tintindex":0},"north":{"uv":[0.0,0.0,0.84375,0.0],"rotation":0,"texture":"#2","tintindex":0},"west":{"uv":[0.0,0.0,0.53125,0.0],"rotation":0,"texture":"#2","tintindex":0},"up":{"uv":[3.84375,5.53125,3.0,5.0],"rotation":0,"texture":"#2","tintindex":0},"down":{"uv":[5.84375,3.0,5.0,3.53125],"rotation":0,"texture":"#2","tintindex":0}}},{"from":[6.857811,8.021538,5.532428],"to":[8.807734,8.021538,6.7823777],"rotation":{"angle":-45.0,"axis":"x","origin":[7.717208,8.099787,6.7349205]},"faces":{"east":{"uv":[0.0,0.0,0.53125,0.0],"rotation":0,"texture":"#2","tintindex":0},"south":{"uv":[0.0,0.0,0.84375,0.0],"rotation":0,"texture":"#2","tintindex":0},"north":{"uv":[0.0,0.0,0.84375,0.0],"rotation":0,"texture":"#2","tintindex":0},"west":{"uv":[0.0,0.0,0.53125,0.0],"rotation":0,"texture":"#2","tintindex":0},"up":{"uv":[5.84375,4.28125,5.0,3.75],"rotation":0,"texture":"#2","tintindex":0},"down":{"uv":[5.84375,4.5,5.0,5.03125],"rotation":0,"texture":"#2","tintindex":0}}}],"display":{"head":{"translation":[0.0,-6.4,0.0],"scale":[4.0,4.0,4.0]}}}