{"textures":{"2":"modelengine:entity/teemo"},"elements":[{"from":[7.5825057,7.1418457,7.5795293],"to":[8.153912,8.2846575,8.436638],"rotation":{"angle":0.0,"axis":"y","origin":[7.820917,8.176976,8.0]},"faces":{"east":{"uv":[6.5,2.5,6.875,3.0],"rotation":0,"texture":"#2","tintindex":0},"south":{"uv":[5.75,1.0,6.0,1.5],"rotation":0,"texture":"#2","tintindex":0},"north":{"uv":[0.75,5.25,1.0,5.75],"rotation":0,"texture":"#2","tintindex":0},"west":{"uv":[6.5,3.0,6.875,3.5],"rotation":0,"texture":"#2","tintindex":0},"up":{"uv":[5.0,8.125,4.75,7.75],"rotation":0,"texture":"#2","tintindex":0},"down":{"uv":[8.0,4.75,7.75,5.125],"rotation":0,"texture":"#2","tintindex":0}}}],"display":{"head":{"translation":[0.0,-6.4,0.0],"scale":[4.0,4.0,4.0]}}}