{"textures":{"2":"modelengine:entity/teemo"},"elements":[{"from":[6.964327,7.415993,7.25003],"to":[9.035673,7.987399,8.74997],"rotation":{"angle":0.0,"axis":"y","origin":[8.0,7.8445477,8.0]},"faces":{"east":{"uv":[6.5,5.0,7.15625,5.25],"rotation":0,"texture":"#2","tintindex":0},"south":{"uv":[6.25,1.5,7.15625,1.75],"rotation":0,"texture":"#2","tintindex":0},"north":{"uv":[6.25,0.5,7.15625,0.75],"rotation":0,"texture":"#2","tintindex":0},"west":{"uv":[6.5,6.5,7.15625,6.75],"rotation":0,"texture":"#2","tintindex":0},"up":{"uv":[0.90625,4.40625,0.0,3.75],"rotation":0,"texture":"#2","tintindex":0},"down":{"uv":[4.90625,1.75,4.0,2.40625],"rotation":0,"texture":"#2","tintindex":0}}}],"display":{"head":{"translation":[0.0,-6.4,0.0],"scale":[4.0,4.0,4.0]}}}