{
	"credit": "Made with Blockbench",
	"texture_size": [32, 32],
	"textures": {
		"0": "item/amethyst_texture/amethyst_meteor",
		"particle": "item/amethyst_texture/amethyst_meteor"
	},
	"elements": [
		{
			"from": [6, 6, 5.25],
			"to": [10, 14, 10.25],
			"rotation": {"angle": 0, "axis": "x", "origin": [8, 8, 8]},
			"faces": {
				"north": {"uv": [5, 4.5, 7, 8.5], "texture": "#0"},
				"east": {"uv": [0, 0, 2.5, 4], "texture": "#0"},
				"south": {"uv": [6, 0, 8, 4], "texture": "#0"},
				"west": {"uv": [3, 0, 5.5, 4], "texture": "#0"},
				"up": {"uv": [4, 11.5, 2, 9], "texture": "#0"},
				"down": {"uv": [6.5, 9, 4.5, 11.5], "texture": "#0"}
			}
		},
		{
			"from": [8, 9, 4.25],
			"to": [11, 15, 9.25],
			"rotation": {"angle": 0, "axis": "x", "origin": [8, 8, 8]},
			"faces": {
				"north": {"uv": [10.5, 0, 12, 3], "texture": "#0"},
				"east": {"uv": [7.5, 4.5, 10, 7.5], "texture": "#0"},
				"south": {"uv": [10.5, 3.5, 12, 6.5], "texture": "#0"},
				"west": {"uv": [7.5, 8, 10, 11], "texture": "#0"},
				"up": {"uv": [12, 9.5, 10.5, 7], "texture": "#0"},
				"down": {"uv": [12, 10, 10.5, 12.5], "texture": "#0"}
			}
		},
		{
			"from": [7, 2, 6.25],
			"to": [9, 6, 9.25],
			"rotation": {"angle": 0, "axis": "x", "origin": [8, 8, 8]},
			"faces": {
				"north": {"uv": [9, 11.5, 10, 13.5], "texture": "#0"},
				"east": {"uv": [4, 12, 5.5, 14], "texture": "#0"},
				"south": {"uv": [12.5, 2.5, 13.5, 4.5], "texture": "#0"},
				"west": {"uv": [12.5, 0, 14, 2], "texture": "#0"},
				"up": {"uv": [13.5, 6.5, 12.5, 5], "texture": "#0"},
				"down": {"uv": [13.5, 7, 12.5, 8.5], "texture": "#0"}
			}
		},
		{
			"from": [5, 8, 7.25],
			"to": [8, 16, 11.25],
			"rotation": {"angle": 0, "axis": "x", "origin": [8, 8, 8]},
			"faces": {
				"north": {"uv": [8.5, 0, 10, 4], "texture": "#0"},
				"east": {"uv": [0, 4.5, 2, 8.5], "texture": "#0"},
				"south": {"uv": [0, 9, 1.5, 13], "texture": "#0"},
				"west": {"uv": [2.5, 4.5, 4.5, 8.5], "texture": "#0"},
				"up": {"uv": [8.5, 13.5, 7, 11.5], "texture": "#0"},
				"down": {"uv": [3.5, 12, 2, 14], "texture": "#0"}
			}
		}
	],
	"display": {
		"head": {
			"rotation": [46, 60, 0],
			"translation": [0, -19.25, 0],
			"scale": [3, 3, 3]
		}
	}
}