{"parent":"minecraft:item/generated","textures":{"layer0":"minecraft:item/book"},"overrides":[{"predicate":{"custom_model_data":1},"model":"onedestiny/book_of_enchantment"},{"predicate":{"custom_model_data":1},"model":"onedestiny_mi:ia_auto_gen/tome_tome_of_enchantment"},{"predicate":{"custom_model_data":2},"model":"onedestiny/book_of_fire"},{"predicate":{"custom_model_data":2},"model":"onedestiny_mi:ia_auto_gen/tome_tome_of_fire"},{"predicate":{"custom_model_data":3},"model":"onedestiny/book_of_sapphire"},{"predicate":{"custom_model_data":3},"model":"onedestiny_mi:ia_auto_gen/tome_tome_of_sapphire"},{"predicate":{"custom_model_data":10004},"model":"new_items:ia_auto_gen/book_of_copper"},{"predicate":{"custom_model_data":10005},"model":"item/book"}]}