{"parent":"minecraft:item/generated","textures":{"layer0":"minecraft:item/clay_ball"},"overrides":[{"predicate":{"custom_model_data":1},"model":"onedestiny/bismuth"},{"predicate":{"custom_model_data":1},"model":"onedestiny_mi:ia_auto_gen/material_bismuth"},{"predicate":{"custom_model_data":2},"model":"onedestiny/rubi"},{"predicate":{"custom_model_data":2},"model":"onedestiny_mi:ia_auto_gen/gem_stone_gem_rubi"},{"predicate":{"custom_model_data":2},"model":"onedestiny_mi:ia_auto_gen/material_rubi"},{"predicate":{"custom_model_data":3},"model":"onedestiny/sapphire"},{"predicate":{"custom_model_data":3},"model":"onedestiny_mi:ia_auto_gen/gem_stone_gema_fria"},{"predicate":{"custom_model_data":3},"model":"onedestiny_mi:ia_auto_gen/material_sapphire"},{"predicate":{"custom_model_data":4},"model":"onedestiny/rose_quarz"},{"predicate":{"custom_model_data":4},"model":"onedestiny_mi:ia_auto_gen/gem_stone_good_luck"},{"predicate":{"custom_model_data":4},"model":"onedestiny_mi:ia_auto_gen/material_rose_quarz"},{"predicate":{"custom_model_data":5},"model":"onedestiny/pearl"},{"predicate":{"custom_model_data":5},"model":"onedestiny_mi:ia_auto_gen/material_pearl"},{"predicate":{"custom_model_data":6},"model":"onedestiny/cream"},{"predicate":{"custom_model_data":6},"model":"onedestiny_mi:ia_auto_gen/material_cream"},{"predicate":{"custom_model_data":7},"model":"onedestiny/tea_suc"},{"predicate":{"custom_model_data":7},"model":"onedestiny_mi:ia_auto_gen/material_tea_suc"},{"predicate":{"custom_model_data":8},"model":"onedestiny/tea"},{"predicate":{"custom_model_data":8},"model":"onedestiny_mi:ia_auto_gen/material_tea"},{"predicate":{"custom_model_data":9},"model":"onedestiny/tea_strewberry"},{"predicate":{"custom_model_data":9},"model":"onedestiny_mi:ia_auto_gen/material_tea_strewberry"},{"predicate":{"custom_model_data":10},"model":"onedestiny/tea_blueberry"},{"predicate":{"custom_model_data":10},"model":"onedestiny_mi:ia_auto_gen/material_tea_blueberry"},{"predicate":{"custom_model_data":11},"model":"onedestiny/tea_green"},{"predicate":{"custom_model_data":11},"model":"onedestiny_mi:ia_auto_gen/material_tea_green"},{"predicate":{"custom_model_data":12},"model":"onedestiny/tea_herbal"},{"predicate":{"custom_model_data":12},"model":"onedestiny_mi:ia_auto_gen/material_tea_herbal"},{"predicate":{"custom_model_data":13},"model":"onedestiny/tea_black"},{"predicate":{"custom_model_data":13},"model":"onedestiny_mi:ia_auto_gen/material_tea_black"},{"predicate":{"custom_model_data":14},"model":"onedestiny/coffe_beans"},{"predicate":{"custom_model_data":14},"model":"onedestiny_mi:ia_auto_gen/material_coffe_beans"},{"predicate":{"custom_model_data":15},"model":"onedestiny/thunder_energy"},{"predicate":{"custom_model_data":15},"model":"onedestiny_mi:ia_auto_gen/material_thunder_energy"},{"predicate":{"custom_model_data":16},"model":"onedestiny/alloy_table"},{"predicate":{"custom_model_data":16},"model":"onedestiny_mi:ia_auto_gen/material_alloy_table"},{"predicate":{"custom_model_data":17},"model":"onedestiny/cristalized_meat"},{"predicate":{"custom_model_data":17},"model":"onedestiny_mi:ia_auto_gen/material_cristalized_meat"},{"predicate":{"custom_model_data":18},"model":"onedestiny/garnet"},{"predicate":{"custom_model_data":18},"model":"onedestiny_mi:ia_auto_gen/gem_stone_gema_fuerza"},{"predicate":{"custom_model_data":18},"model":"onedestiny_mi:ia_auto_gen/material_garnet"},{"predicate":{"custom_model_data":19},"model":"onedestiny/jasper"},{"predicate":{"custom_model_data":19},"model":"onedestiny_mi:ia_auto_gen/gem_stone_gem_of_virtue"},{"predicate":{"custom_model_data":19},"model":"onedestiny_mi:ia_auto_gen/material_jasper"},{"predicate":{"custom_model_data":20},"model":"onedestiny/gem_of_sound"},{"predicate":{"custom_model_data":20},"model":"onedestiny_mi:ia_auto_gen/gem_stone_gem_of_sounds"},{"predicate":{"custom_model_data":21},"model":"item/clay_ball"}]}