{"parent":"minecraft:item/generated","textures":{"layer0":"minecraft:item/honey_bottle"},"overrides":[{"predicate":{"custom_model_data":1},"model":"onedestiny/cup_of_coffe"},{"predicate":{"custom_model_data":1},"model":"onedestiny_mi:ia_auto_gen/consumable_taza_de_cafe"},{"predicate":{"custom_model_data":2},"model":"onedestiny/cup_of_water"},{"predicate":{"custom_model_data":2},"model":"onedestiny_mi:ia_auto_gen/consumable_cup_of_water"},{"predicate":{"custom_model_data":3},"model":"onedestiny/cup_of_catffe"},{"predicate":{"custom_model_data":3},"model":"onedestiny_mi:ia_auto_gen/consumable_cup_of_catffe"},{"predicate":{"custom_model_data":4},"model":"onedestiny/cup_of_dogffe"},{"predicate":{"custom_model_data":4},"model":"onedestiny_mi:ia_auto_gen/consumable_cup_of_dogffe"},{"predicate":{"custom_model_data":5},"model":"onedestiny/cup_of_bonffe"},{"predicate":{"custom_model_data":5},"model":"onedestiny_mi:ia_auto_gen/consumable_cup_of_bonffe"},{"predicate":{"custom_model_data":6},"model":"onedestiny/cup_of_foxffe"},{"predicate":{"custom_model_data":6},"model":"onedestiny_mi:ia_auto_gen/consumable_cup_of_foxffe"},{"predicate":{"custom_model_data":7},"model":"onedestiny/cup_of_camelffe"},{"predicate":{"custom_model_data":7},"model":"onedestiny_mi:ia_auto_gen/consumable_cup_of_camelffe"},{"predicate":{"custom_model_data":8},"model":"onedestiny/cup_of_sniffe"},{"predicate":{"custom_model_data":8},"model":"onedestiny_mi:ia_auto_gen/consumable_cup_of_sniffe"},{"predicate":{"custom_model_data":9},"model":"onedestiny/cup_of_dragonffe"},{"predicate":{"custom_model_data":9},"model":"onedestiny_mi:ia_auto_gen/consumable_cup_of_dragonffe"},{"predicate":{"custom_model_data":10},"model":"onedestiny/cup_of_pandaffe"},{"predicate":{"custom_model_data":10},"model":"onedestiny_mi:ia_auto_gen/consumable_cup_of_pandaffe"},{"predicate":{"custom_model_data":11},"model":"onedestiny/cup_of_axoffe"},{"predicate":{"custom_model_data":11},"model":"onedestiny_mi:ia_auto_gen/consumable_cup_of_axoffe"},{"predicate":{"custom_model_data":12},"model":"onedestiny/cup_of_strawberry"},{"predicate":{"custom_model_data":12},"model":"onedestiny_mi:ia_auto_gen/consumable_cup_of_strawberry"},{"predicate":{"custom_model_data":13},"model":"onedestiny/cup_of_blueberry"},{"predicate":{"custom_model_data":13},"model":"onedestiny_mi:ia_auto_gen/consumable_cup_of_blueberry"},{"predicate":{"custom_model_data":14},"model":"onedestiny/cup_of_green_tea"},{"predicate":{"custom_model_data":14},"model":"onedestiny_mi:ia_auto_gen/consumable_cup_of_green_tea"},{"predicate":{"custom_model_data":15},"model":"onedestiny/cup_of_black_tea"},{"predicate":{"custom_model_data":15},"model":"onedestiny_mi:ia_auto_gen/consumable_cup_of_black_tea"},{"predicate":{"custom_model_data":16},"model":"onedestiny/cup_of_herbal_tea"},{"predicate":{"custom_model_data":16},"model":"onedestiny_mi:ia_auto_gen/consumable_cup_of_herbal_tea"},{"predicate":{"custom_model_data":17},"model":"onedestiny/cup_of_tea"},{"predicate":{"custom_model_data":17},"model":"onedestiny_mi:ia_auto_gen/consumable_cup_of_tea"},{"predicate":{"custom_model_data":18},"model":"onedestiny/banana_smoothie"},{"predicate":{"custom_model_data":18},"model":"onedestiny_mi:ia_auto_gen/consumable_banana_smoothie"},{"predicate":{"custom_model_data":19},"model":"onedestiny/beetroot_smoothie"},{"predicate":{"custom_model_data":19},"model":"onedestiny_mi:ia_auto_gen/consumable_beetroot_smoothie"},{"predicate":{"custom_model_data":20},"model":"onedestiny/melon_smoothie"},{"predicate":{"custom_model_data":20},"model":"onedestiny_mi:ia_auto_gen/consumable_melon_smoothie"},{"predicate":{"custom_model_data":21},"model":"onedestiny/strawberry_smoothie"},{"predicate":{"custom_model_data":21},"model":"onedestiny_mi:ia_auto_gen/consumable_strawberry_smoothie"},{"predicate":{"custom_model_data":22},"model":"onedestiny/blueberry_smoothie"},{"predicate":{"custom_model_data":22},"model":"onedestiny_mi:ia_auto_gen/consumable_blueberry_smoothie"},{"predicate":{"custom_model_data":23},"model":"onedestiny/banana_bubble"},{"predicate":{"custom_model_data":23},"model":"onedestiny_mi:ia_auto_gen/consumable_banana_bubble"},{"predicate":{"custom_model_data":24},"model":"onedestiny/melon_bubble"},{"predicate":{"custom_model_data":24},"model":"onedestiny_mi:ia_auto_gen/consumable_melon_bubble"},{"predicate":{"custom_model_data":25},"model":"onedestiny/strawberry_bubble"},{"predicate":{"custom_model_data":25},"model":"onedestiny_mi:ia_auto_gen/consumable_strawberry_bubble"},{"predicate":{"custom_model_data":26},"model":"onedestiny/blueberry_bubble"},{"predicate":{"custom_model_data":26},"model":"onedestiny_mi:ia_auto_gen/consumable_blueberry_bubble"},{"predicate":{"custom_model_data":27},"model":"onedestiny/dragon_smoothie"},{"predicate":{"custom_model_data":27},"model":"onedestiny_mi:ia_auto_gen/consumable_dargon_smoothie"},{"predicate":{"custom_model_data":28},"model":"onedestiny/white_chocolate_smoothie"},{"predicate":{"custom_model_data":28},"model":"onedestiny_mi:ia_auto_gen/consumable_white_chocolate_smoothie"},{"predicate":{"custom_model_data":29},"model":"onedestiny/chocolate_smoothie"},{"predicate":{"custom_model_data":29},"model":"onedestiny_mi:ia_auto_gen/consumable_chocolate_smoothie"},{"predicate":{"custom_model_data":30},"model":"onedestiny/peach_smoothie"},{"predicate":{"custom_model_data":30},"model":"onedestiny_mi:ia_auto_gen/consumable_peach_smoothie"},{"predicate":{"custom_model_data":31},"model":"onedestiny/vanilla_smoothie"},{"predicate":{"custom_model_data":31},"model":"onedestiny_mi:ia_auto_gen/consumable_vanilla_smoothie"},{"predicate":{"custom_model_data":32},"model":"onedestiny/dragon_bubble"},{"predicate":{"custom_model_data":33},"model":"onedestiny/white_chocolate_bubble"},{"predicate":{"custom_model_data":34},"model":"onedestiny/chocolate_bubble"},{"predicate":{"custom_model_data":35},"model":"onedestiny/peach_bubble"},{"predicate":{"custom_model_data":36},"model":"onedestiny/vanilla_bubble"},{"predicate":{"custom_model_data":37},"model":"onedestiny/cloudy_smoothie"},{"predicate":{"custom_model_data":37},"model":"onedestiny_mi:ia_auto_gen/consumable_cloud_smoothie"},{"predicate":{"custom_model_data":38},"model":"onedestiny/cloudy_bubble"},{"predicate":{"custom_model_data":39},"model":"item/honey_bottle"}]}