{"parent":"minecraft:item/generated","textures":{"layer0":"minecraft:item/iron_ingot"},"overrides":[{"predicate":{"custom_model_data":1},"model":"onedestiny/ectoplasm_ingot"},{"predicate":{"custom_model_data":2},"model":"onedestiny/tornasol_ingot"},{"predicate":{"custom_model_data":2},"model":"onedestiny_mi:ia_auto_gen/material_tornasol_ingot"},{"predicate":{"custom_model_data":3},"model":"onedestiny/prismarine_ingot"},{"predicate":{"custom_model_data":3},"model":"onedestiny_mi:ia_auto_gen/material_prismarine_ingot"},{"predicate":{"custom_model_data":4},"model":"onedestiny/neutrontite_ingot"},{"predicate":{"custom_model_data":4},"model":"onedestiny_mi:ia_auto_gen/material_neutrontite_ingot"},{"predicate":{"custom_model_data":5},"model":"onedestiny/protontite_ingot"},{"predicate":{"custom_model_data":5},"model":"onedestiny_mi:ia_auto_gen/material_protontite_ingot"},{"predicate":{"custom_model_data":6},"model":"onedestiny/electrontite_ingot"},{"predicate":{"custom_model_data":6},"model":"onedestiny_mi:ia_auto_gen/material_electrontite_ingot"},{"predicate":{"custom_model_data":7},"model":"onedestiny/energytite_ingot"},{"predicate":{"custom_model_data":7},"model":"onedestiny_mi:ia_auto_gen/material_electrytite_ingot"},{"predicate":{"custom_model_data":8},"model":"onedestiny/meat_ingot"},{"predicate":{"custom_model_data":8},"model":"onedestiny_mi:ia_auto_gen/material_meat_ingot"},{"predicate":{"custom_model_data":9},"model":"onedestiny/empty_ingot"},{"predicate":{"custom_model_data":9},"model":"onedestiny_mi:ia_auto_gen/material_empty_ingot"},{"predicate":{"custom_model_data":10},"model":"onedestiny/corrudium_ingot"},{"predicate":{"custom_model_data":10},"model":"onedestiny_mi:ia_auto_gen/material_corrudium_ingot"},{"predicate":{"custom_model_data":10021},"model":"new_items:ia_auto_gen/material_ectoplasm_ingot"},{"predicate":{"custom_model_data":10022},"model":"item/iron_ingot"}]}