{"parent":"item/generated","textures":{"layer0":"item/paper"},"overrides":[{"predicate":{"custom_model_data":1},"model":"onedestiny/nebulo"},{"predicate":{"custom_model_data":1},"model":"onedestiny_mi:ia_auto_gen/material_nebulo"},{"predicate":{"custom_model_data":2008},"model":"amethyst_model/amethyst_pierce_1"},{"predicate":{"custom_model_data":2009},"model":"amethyst_model/amethyst_pierce_2"},{"predicate":{"custom_model_data":2010},"model":"amethyst_model/amethyst_pierce_3"},{"predicate":{"custom_model_data":2011},"model":"amethyst_model/amethyst_pierce_4"},{"predicate":{"custom_model_data":2012},"model":"amethyst_model/amethyst_pierce_5"},{"predicate":{"custom_model_data":2013},"model":"amethyst_model/amethyst_pierce_6"},{"predicate":{"custom_model_data":2014},"model":"amethyst_model/amethyst_pierce_7"},{"predicate":{"custom_model_data":2015},"model":"amethyst_model/amethyst_meteor"},{"predicate":{"custom_model_data":2030},"model":"ender_model/ender_ball"},{"predicate":{"custom_model_data":2031},"model":"ender_model/ender_circle"},{"predicate":{"custom_model_data":2032},"model":"ender_model/ender_circle_2"},{"predicate":{"custom_model_data":2033},"model":"ender_model/ender_circle_3"},{"predicate":{"custom_model_data":2034},"model":"ender_model/ender_circle_4"},{"predicate":{"custom_model_data":2035},"model":"ender_model/ender_shadow"},{"predicate":{"custom_model_data":10000},"model":"_iainternal:ia_auto_gen/icon_left_blue"},{"predicate":{"custom_model_data":10001},"model":"_iainternal:ia_auto_gen/icon_right_blue"},{"predicate":{"custom_model_data":10002},"model":"_iainternal:ia_auto_gen/icon_search"},{"predicate":{"custom_model_data":10003},"model":"_iainternal:ia_auto_gen/icon_cancel"},{"predicate":{"custom_model_data":10004},"model":"_iainternal:ia_auto_gen/icon_arrow_chest"},{"predicate":{"custom_model_data":10005},"model":"_iainternal:ia_auto_gen/icon_back_orange"},{"predicate":{"custom_model_data":10006},"model":"_iainternal:ia_auto_gen/icon_next_orange"},{"predicate":{"custom_model_data":10110},"model":"new_items:ia_auto_gen/magic_cloth"},{"predicate":{"custom_model_data":10111},"model":"item/paper"}]}