{"parent":"minecraft:item/template_skull","overrides":[{"predicate":{"custom_model_data":1},"model":"onedestiny_mi:ia_auto_gen/fragment_mystic"},{"predicate":{"custom_model_data":1},"model":"onedestiny_mi:ia_auto_gen/fragment_corrupt"},{"predicate":{"custom_model_data":2},"model":"onedestiny_mi:ia_auto_gen/fragment_old"},{"predicate":{"custom_model_data":10000},"model":"_iainternal:entity/player/phead_0"},{"predicate":{"custom_model_data":10001},"model":"_iainternal:entity/player/parm_left_3"},{"predicate":{"custom_model_data":10002},"model":"_iainternal:entity/player/pbody_2"},{"predicate":{"custom_model_data":10003},"model":"_iainternal:entity/player/pleg_left_1"},{"predicate":{"custom_model_data":10004},"model":"_iainternal:entity/player/pleg_right_5"},{"predicate":{"custom_model_data":10005},"model":"_iainternal:entity/player/parm_right_4"},{"predicate":{"custom_model_data":10006},"model":"item/player_head"}]}