{"parent":"item/handheld","textures":{"layer0":"item/stone_sword"},"overrides":[{"predicate":{"custom_model_data":1},"model":"onedestiny/chuchillo"},{"predicate":{"custom_model_data":2001},"model":"amethyst_model/amethyst_spear"},{"predicate":{"custom_model_data":2001},"model":"onedestiny_mi:ia_auto_gen/sword_amethyst_spear"},{"predicate":{"custom_model_data":2004},"model":"ender_model/ender_staff"},{"predicate":{"custom_model_data":2004},"model":"onedestiny_mi:ia_auto_gen/sword_ender_staff"},{"predicate":{"custom_model_data":2005},"model":"item/stone_sword"}]}