{"parent":"minecraft:item/generated","textures":{"layer0":"minecraft:item/totem_of_undying"},"overrides":[{"predicate":{"custom_model_data":1},"model":"onedestiny/emerald_totem"},{"predicate":{"custom_model_data":1},"model":"onedestiny_mi:ia_auto_gen/talisman_totem_de_esmeralda"},{"predicate":{"custom_model_data":2},"model":"onedestiny/pink_totem"},{"predicate":{"custom_model_data":2},"model":"onedestiny_mi:ia_auto_gen/talisman_pink_totem"},{"predicate":{"custom_model_data":3},"model":"onedestiny/redstone_totem"},{"predicate":{"custom_model_data":3},"model":"onedestiny_mi:ia_auto_gen/talisman_redstone_totem"},{"predicate":{"custom_model_data":3},"model":"onedestiny_mi:ia_auto_gen/talisman_redstone_mk2"},{"predicate":{"custom_model_data":4},"model":"onedestiny/diamond_totem"},{"predicate":{"custom_model_data":4},"model":"onedestiny_mi:ia_auto_gen/talisman_diamond_totem"},{"predicate":{"custom_model_data":5},"model":"onedestiny/ender_totem"},{"predicate":{"custom_model_data":5},"model":"onedestiny_mi:ia_auto_gen/talisman_ender_totem"},{"predicate":{"custom_model_data":6},"model":"onedestiny/amethyst_totem"},{"predicate":{"custom_model_data":6},"model":"onedestiny_mi:ia_auto_gen/talisman_amethyst_totem"},{"predicate":{"custom_model_data":6},"model":"onedestiny_mi:ia_auto_gen/talisman_amatista_mk2"},{"predicate":{"custom_model_data":7},"model":"onedestiny/candy_totem"},{"predicate":{"custom_model_data":8},"model":"onedestiny/bubble_totem"},{"predicate":{"custom_model_data":8},"model":"onedestiny_mi:ia_auto_gen/talisman_bubble_totem"},{"predicate":{"custom_model_data":9},"model":"onedestiny/prismarine_totem"},{"predicate":{"custom_model_data":9},"model":"onedestiny_mi:ia_auto_gen/talisman_prismarine_totem"},{"predicate":{"custom_model_data":10},"model":"onedestiny/totem_of_the_dragon"},{"predicate":{"custom_model_data":10},"model":"onedestiny_mi:ia_auto_gen/talisman_totem_of_the_dragon"},{"predicate":{"custom_model_data":10},"model":"onedestiny_mi:ia_auto_gen/talisman_dragon_mk2"},{"predicate":{"custom_model_data":11},"model":"item/totem_of_undying"}]}