{"textures":{"2":"modelengine:entity/teemo"},"elements":[{"from":[7.5812554,7.3179665,7.50002],"to":[8.366939,8.103649,8.49998],"rotation":{"angle":0.0,"axis":"y","origin":[7.954455,7.9036264,8.0]},"faces":{"east":{"uv":[7.25,0.5,7.6875,0.84375],"rotation":0,"texture":"#2","tintindex":0},"south":{"uv":[0.0,7.75,0.34375,8.09375],"rotation":0,"texture":"#2","tintindex":0},"north":{"uv":[7.5,7.5,7.84375,7.84375],"rotation":0,"texture":"#2","tintindex":0},"west":{"uv":[1.0,7.25,1.4375,7.59375],"rotation":0,"texture":"#2","tintindex":0},"up":{"uv":[7.59375,1.4375,7.25,1.0],"rotation":0,"texture":"#2","tintindex":0},"down":{"uv":[1.84375,7.25,1.5,7.6875],"rotation":0,"texture":"#2","tintindex":0}}}],"display":{"head":{"translation":[0.0,-6.4,0.0],"scale":[4.0,4.0,4.0]}}}