{"textures":{"2":"modelengine:entity/teemo"},"elements":[{"from":[7.035753,7.9943705,7.3214555],"to":[8.964247,9.565736,8.678544],"rotation":{"angle":0.0,"axis":"y","origin":[8.0,8.780053,8.0]},"faces":{"east":{"uv":[5.0,5.25,5.59375,5.9375],"rotation":0,"texture":"#2","tintindex":0},"south":{"uv":[1.0,4.25,1.84375,4.9375],"rotation":0,"texture":"#2","tintindex":0},"north":{"uv":[4.0,4.0,4.84375,4.6875],"rotation":0,"texture":"#2","tintindex":0},"west":{"uv":[5.5,0.0,6.09375,0.6875],"rotation":0,"texture":"#2","tintindex":0},"up":{"uv":[1.84375,5.59375,1.0,5.0],"rotation":0,"texture":"#2","tintindex":0},"down":{"uv":[5.84375,1.5,5.0,2.09375],"rotation":0,"texture":"#2","tintindex":0}}},{"from":[7.428594,9.280033,7.4643073],"to":[8.571405,10.165702,8.535693],"rotation":{"angle":0.0,"axis":"y","origin":[8.0,9.822836,8.0]},"faces":{"east":{"uv":[5.5,6.5,5.96875,6.875],"rotation":0,"texture":"#2","tintindex":0},"south":{"uv":[5.0,6.5,5.5,6.875],"rotation":0,"texture":"#2","tintindex":0},"north":{"uv":[6.5,4.5,7.0,4.875],"rotation":0,"texture":"#2","tintindex":0},"west":{"uv":[6.0,6.5,6.46875,6.875],"rotation":0,"texture":"#2","tintindex":0},"up":{"uv":[4.0,2.21875,3.5,1.75],"rotation":0,"texture":"#2","tintindex":0},"down":{"uv":[6.75,1.0,6.25,1.46875],"rotation":0,"texture":"#2","tintindex":0}}}],"display":{"head":{"translation":[0.0,-6.4,0.0],"scale":[4.0,4.0,4.0]}}}