{"textures":{"0":"modelengine:entity/frog"},"elements":[{"from":[6.857143,1.1428566,5.142857],"to":[9.142858,8.0,9.714286],"rotation":{"angle":0.0,"axis":"y","origin":[5.714286,1.1428566,5.142857]},"faces":{"east":{"uv":[0.0,0.0,2.75,5.0],"rotation":0,"texture":"#0","tintindex":0},"south":{"uv":[0.0,0.0,2.75,5.0],"rotation":0,"texture":"#0","tintindex":0},"north":{"uv":[0.0,0.0,2.75,5.0],"rotation":0,"texture":"#0","tintindex":0},"west":{"uv":[0.0,0.0,2.75,5.0],"rotation":0,"texture":"#0","tintindex":0},"up":{"uv":[0.0,0.0,2.75,5.0],"rotation":0,"texture":"#0","tintindex":0},"down":{"uv":[0.0,0.0,2.75,5.0],"rotation":0,"texture":"#0","tintindex":0}}},{"from":[5.714286,4.5714283,6.285714],"to":[9.142858,9.142858,10.857143],"rotation":{"angle":-45.0,"axis":"x","origin":[5.714286,5.714286,7.428571]},"faces":{"east":{"uv":[0.0,0.0,4.0,4.0],"rotation":0,"texture":"#0","tintindex":0},"south":{"uv":[0.0,0.0,4.0,4.0],"rotation":0,"texture":"#0","tintindex":0},"north":{"uv":[0.0,0.0,4.0,4.0],"rotation":0,"texture":"#0","tintindex":0},"west":{"uv":[0.0,0.0,4.0,4.0],"rotation":0,"texture":"#0","tintindex":0},"up":{"uv":[0.0,0.0,4.0,4.0],"rotation":0,"texture":"#0","tintindex":0},"down":{"uv":[0.0,0.0,4.0,4.0],"rotation":0,"texture":"#0","tintindex":0}}}],"display":{"head":{"translation":[0.0,-6.4,0.0],"scale":[4.0,4.0,4.0]}}}