{"textures":{"0":"modelengine:entity/frog"},"elements":[{"from":[5.142857,2.8571424,3.4285712],"to":[10.857143,8.571428,12.571428],"rotation":{"angle":22.5,"axis":"x","origin":[5.714286,2.8571424,11.428572]},"faces":{"east":{"uv":[0.0,0.0,4.0,8.0],"rotation":0,"texture":"#0","tintindex":0},"south":{"uv":[0.0,0.0,4.0,8.0],"rotation":0,"texture":"#0","tintindex":0},"north":{"uv":[0.0,0.0,4.0,8.0],"rotation":0,"texture":"#0","tintindex":0},"west":{"uv":[0.0,0.0,4.0,8.0],"rotation":0,"texture":"#0","tintindex":0},"up":{"uv":[0.0,0.0,4.0,8.0],"rotation":0,"texture":"#0","tintindex":0},"down":{"uv":[4.0,0.0,12.0,8.0],"rotation":0,"texture":"#0","tintindex":0}}},{"from":[4.0,4.0,0.0],"to":[12.0,10.857143,8.0],"rotation":{"angle":22.5,"axis":"x","origin":[5.714286,4.0,8.0]},"faces":{"east":{"uv":[0.0,0.0,4.0,8.0],"rotation":0,"texture":"#0","tintindex":0},"south":{"uv":[4.0,9.5,12.5,6.25],"rotation":0,"texture":"#0","tintindex":0},"north":{"uv":[0.0,0.0,4.0,8.0],"rotation":0,"texture":"#0","tintindex":0},"west":{"uv":[0.0,0.0,4.0,8.0],"rotation":0,"texture":"#0","tintindex":0},"up":{"uv":[0.0,0.0,4.0,5.25],"rotation":0,"texture":"#0","tintindex":0},"down":{"uv":[4.0,0.0,12.0,8.0],"rotation":0,"texture":"#0","tintindex":0}}},{"from":[2.8571424,2.8571424,-1.1428576],"to":[13.142858,9.714286,6.857143],"rotation":{"angle":22.5,"axis":"x","origin":[5.714286,4.0,8.0]},"faces":{"east":{"uv":[0.0,0.0,4.0,8.0],"rotation":0,"texture":"#0","tintindex":0},"south":{"uv":[4.0,9.5,12.5,6.25],"rotation":0,"texture":"#0","tintindex":0},"north":{"uv":[0.0,0.0,4.0,8.0],"rotation":0,"texture":"#0","tintindex":0},"west":{"uv":[0.0,0.0,4.0,8.0],"rotation":0,"texture":"#0","tintindex":0},"up":{"uv":[0.0,0.0,4.0,8.0],"rotation":0,"texture":"#0","tintindex":0},"down":{"uv":[4.0,0.0,12.0,8.0],"rotation":0,"texture":"#0","tintindex":0}}},{"from":[4.5714283,2.8571424,11.428572],"to":[11.428572,9.142858,17.142857],"rotation":{"angle":-22.5,"axis":"x","origin":[5.714286,2.8571424,14.857143]},"faces":{"east":{"uv":[0.0,0.0,4.0,8.0],"rotation":0,"texture":"#0","tintindex":0},"south":{"uv":[4.25,9.5,12.0,4.75],"rotation":0,"texture":"#0","tintindex":0},"north":{"uv":[3.5,9.5,12.5,6.0],"rotation":0,"texture":"#0","tintindex":0},"west":{"uv":[0.0,0.0,4.0,8.0],"rotation":0,"texture":"#0","tintindex":0},"up":{"uv":[0.0,0.0,4.0,8.0],"rotation":0,"texture":"#0","tintindex":0},"down":{"uv":[4.0,0.0,12.0,8.0],"rotation":0,"texture":"#0","tintindex":0}}}],"display":{"head":{"translation":[0.0,-6.4,0.0],"scale":[4.0,4.0,4.0]}}}