{"textures":{"0":"modelengine:entity/skeleton1"},"elements":[{"from":[5.714286,8.0,5.714286],"to":[10.285714,12.571428,10.285714],"rotation":{"angle":0.0,"axis":"y","origin":[8.0,-5.714287,8.0]},"faces":{"east":{"uv":[0.0,2.0,2.0,4.0],"rotation":0,"texture":"#0","tintindex":0},"south":{"uv":[6.0,2.0,8.0,4.0],"rotation":0,"texture":"#0","tintindex":0},"north":{"uv":[2.0,2.0,4.0,4.0],"rotation":0,"texture":"#0","tintindex":0},"west":{"uv":[4.0,2.0,6.0,4.0],"rotation":0,"texture":"#0","tintindex":0},"up":{"uv":[4.0,2.0,2.0,0.0],"rotation":0,"texture":"#0","tintindex":0},"down":{"uv":[6.0,0.0,4.0,2.0],"rotation":0,"texture":"#0","tintindex":0}}},{"from":[5.5714283,8.0,5.5714283],"to":[10.428572,8.714286,5.714286],"rotation":{"angle":0.0,"axis":"y","origin":[8.0,-0.57142925,5.428571]},"faces":{"east":{"uv":[0.0,8.25,0.0,8.5],"rotation":0,"texture":"#0","tintindex":0},"south":{"uv":[2.0,8.25,4.0,8.5],"rotation":0,"texture":"#0","tintindex":0},"north":{"uv":[0.0,8.25,2.0,8.5],"rotation":0,"texture":"#0","tintindex":0},"west":{"uv":[2.0,8.25,2.0,8.5],"rotation":0,"texture":"#0","tintindex":0},"up":{"uv":[2.0,8.25,0.0,8.25],"rotation":0,"texture":"#0","tintindex":0},"down":{"uv":[4.0,8.25,2.0,8.25],"rotation":0,"texture":"#0","tintindex":0}}},{"from":[5.5714283,8.0,10.285714],"to":[10.428572,8.714286,10.428572],"rotation":{"angle":0.0,"axis":"y","origin":[8.0,-0.57142925,10.142858]},"faces":{"east":{"uv":[0.0,8.25,0.0,8.5],"rotation":0,"texture":"#0","tintindex":0},"south":{"uv":[2.0,8.25,4.0,8.5],"rotation":0,"texture":"#0","tintindex":0},"north":{"uv":[0.0,8.25,2.0,8.5],"rotation":0,"texture":"#0","tintindex":0},"west":{"uv":[2.0,8.25,2.0,8.5],"rotation":0,"texture":"#0","tintindex":0},"up":{"uv":[2.0,8.25,0.0,8.25],"rotation":0,"texture":"#0","tintindex":0},"down":{"uv":[4.0,8.25,2.0,8.25],"rotation":0,"texture":"#0","tintindex":0}}},{"from":[5.5714283,10.285714,5.5714283],"to":[10.428572,11.0,5.714286],"rotation":{"angle":0.0,"axis":"y","origin":[8.0,1.7142854,5.428571]},"faces":{"east":{"uv":[0.0,8.25,0.0,8.5],"rotation":0,"texture":"#0","tintindex":0},"south":{"uv":[2.0,8.25,4.0,8.5],"rotation":0,"texture":"#0","tintindex":0},"north":{"uv":[0.0,8.25,2.0,8.5],"rotation":0,"texture":"#0","tintindex":0},"west":{"uv":[2.0,8.25,2.0,8.5],"rotation":0,"texture":"#0","tintindex":0},"up":{"uv":[2.0,8.25,0.0,8.25],"rotation":0,"texture":"#0","tintindex":0},"down":{"uv":[4.0,8.25,2.0,8.25],"rotation":0,"texture":"#0","tintindex":0}}},{"from":[5.5714283,9.571428,10.285714],"to":[10.428572,10.285714,10.428572],"rotation":{"angle":0.0,"axis":"y","origin":[8.0,0.9999995,10.142858]},"faces":{"east":{"uv":[3.5,8.5,3.5,8.75],"rotation":0,"texture":"#0","tintindex":0},"south":{"uv":[5.5,8.5,7.5,8.75],"rotation":0,"texture":"#0","tintindex":0},"north":{"uv":[3.5,8.5,5.5,8.75],"rotation":0,"texture":"#0","tintindex":0},"west":{"uv":[5.5,8.5,5.5,8.75],"rotation":0,"texture":"#0","tintindex":0},"up":{"uv":[5.5,8.5,3.5,8.5],"rotation":0,"texture":"#0","tintindex":0},"down":{"uv":[7.5,8.5,5.5,8.5],"rotation":0,"texture":"#0","tintindex":0}}},{"from":[5.5714283,8.714286,10.285714],"to":[10.428572,9.571428,10.428572],"rotation":{"angle":0.0,"axis":"y","origin":[8.0,0.28571415,10.142858]},"faces":{"east":{"uv":[3.0,8.75,3.0,9.0],"rotation":0,"texture":"#0","tintindex":0},"south":{"uv":[5.0,8.75,7.0,9.0],"rotation":0,"texture":"#0","tintindex":0},"north":{"uv":[3.0,8.75,5.0,9.0],"rotation":0,"texture":"#0","tintindex":0},"west":{"uv":[5.0,8.75,5.0,9.0],"rotation":0,"texture":"#0","tintindex":0},"up":{"uv":[5.0,8.75,3.0,8.75],"rotation":0,"texture":"#0","tintindex":0},"down":{"uv":[7.0,8.75,5.0,8.75],"rotation":0,"texture":"#0","tintindex":0}}},{"from":[5.5714283,10.285714,10.285714],"to":[10.428572,11.0,10.428572],"rotation":{"angle":0.0,"axis":"y","origin":[8.0,1.7142854,10.142858]},"faces":{"east":{"uv":[0.0,8.25,0.0,8.5],"rotation":0,"texture":"#0","tintindex":0},"south":{"uv":[2.0,8.25,4.0,8.5],"rotation":0,"texture":"#0","tintindex":0},"north":{"uv":[0.0,8.25,2.0,8.5],"rotation":0,"texture":"#0","tintindex":0},"west":{"uv":[2.0,8.25,2.0,8.5],"rotation":0,"texture":"#0","tintindex":0},"up":{"uv":[2.0,8.25,0.0,8.25],"rotation":0,"texture":"#0","tintindex":0},"down":{"uv":[4.0,8.25,2.0,8.25],"rotation":0,"texture":"#0","tintindex":0}}},{"from":[5.5714283,11.714286,5.5714283],"to":[10.428572,12.142858,5.714286],"rotation":{"angle":0.0,"axis":"y","origin":[8.0,2.8571424,5.428571]},"faces":{"south":{"uv":[2.0,8.25,4.0,8.25],"rotation":0,"texture":"#0","tintindex":0},"north":{"uv":[0.0,8.25,2.0,8.25],"rotation":0,"texture":"#0","tintindex":0},"up":{"uv":[2.0,8.25,0.0,8.25],"rotation":0,"texture":"#0","tintindex":0},"down":{"uv":[4.0,8.25,2.0,8.25],"rotation":0,"texture":"#0","tintindex":0}}},{"from":[5.5714283,11.714286,10.285714],"to":[10.428572,12.142858,10.428572],"rotation":{"angle":0.0,"axis":"y","origin":[8.0,2.8571424,10.142858]},"faces":{"south":{"uv":[2.0,8.25,4.0,8.25],"rotation":0,"texture":"#0","tintindex":0},"north":{"uv":[0.0,8.25,2.0,8.25],"rotation":0,"texture":"#0","tintindex":0},"up":{"uv":[2.0,8.25,0.0,8.25],"rotation":0,"texture":"#0","tintindex":0},"down":{"uv":[4.0,8.25,2.0,8.25],"rotation":0,"texture":"#0","tintindex":0}}},{"from":[10.285714,8.0,5.714286],"to":[10.428572,8.714286,10.285714],"rotation":{"angle":0.0,"axis":"y","origin":[8.0,-0.57142925,6.0]},"faces":{"east":{"uv":[1.25,9.0,3.25,9.25],"rotation":0,"texture":"#0","tintindex":0},"south":{"uv":[5.25,9.0,5.25,9.25],"rotation":0,"texture":"#0","tintindex":0},"north":{"uv":[3.25,9.0,3.25,9.25],"rotation":0,"texture":"#0","tintindex":0},"west":{"uv":[3.25,9.0,5.25,9.25],"rotation":0,"texture":"#0","tintindex":0},"up":{"uv":[3.25,9.0,3.25,7.0],"rotation":0,"texture":"#0","tintindex":0},"down":{"uv":[3.25,7.0,3.25,9.0],"rotation":0,"texture":"#0","tintindex":0}}},{"from":[5.5714283,8.0,5.714286],"to":[5.714286,8.714286,10.285714],"rotation":{"angle":0.0,"axis":"y","origin":[3.2857141,-0.57142925,6.0]},"faces":{"east":{"uv":[1.25,9.0,3.25,9.25],"rotation":0,"texture":"#0","tintindex":0},"south":{"uv":[5.25,9.0,5.25,9.25],"rotation":0,"texture":"#0","tintindex":0},"north":{"uv":[3.25,9.0,3.25,9.25],"rotation":0,"texture":"#0","tintindex":0},"west":{"uv":[3.25,9.0,5.25,9.25],"rotation":0,"texture":"#0","tintindex":0},"up":{"uv":[3.25,9.0,3.25,7.0],"rotation":0,"texture":"#0","tintindex":0},"down":{"uv":[3.25,7.0,3.25,9.0],"rotation":0,"texture":"#0","tintindex":0}}},{"from":[10.285714,9.428572,5.714286],"to":[10.428572,10.142858,10.285714],"rotation":{"angle":0.0,"axis":"y","origin":[8.0,0.85714245,6.0]},"faces":{"east":{"uv":[1.25,8.5,3.25,8.75],"rotation":0,"texture":"#0","tintindex":0},"south":{"uv":[5.25,8.5,5.25,8.75],"rotation":0,"texture":"#0","tintindex":0},"north":{"uv":[3.25,8.5,3.25,8.75],"rotation":0,"texture":"#0","tintindex":0},"west":{"uv":[3.25,8.5,5.25,8.75],"rotation":0,"texture":"#0","tintindex":0},"up":{"uv":[3.25,8.5,3.25,6.5],"rotation":0,"texture":"#0","tintindex":0},"down":{"uv":[3.25,6.5,3.25,8.5],"rotation":0,"texture":"#0","tintindex":0}}},{"from":[5.5714283,9.428572,5.714286],"to":[5.714286,10.142858,10.285714],"rotation":{"angle":0.0,"axis":"y","origin":[3.2857141,0.85714245,6.0]},"faces":{"east":{"uv":[1.25,8.5,3.25,8.75],"rotation":0,"texture":"#0","tintindex":0},"south":{"uv":[5.25,8.5,5.25,8.75],"rotation":0,"texture":"#0","tintindex":0},"north":{"uv":[3.25,8.5,3.25,8.75],"rotation":0,"texture":"#0","tintindex":0},"west":{"uv":[3.25,8.5,5.25,8.75],"rotation":0,"texture":"#0","tintindex":0},"up":{"uv":[3.25,8.5,3.25,6.5],"rotation":0,"texture":"#0","tintindex":0},"down":{"uv":[3.25,6.5,3.25,8.5],"rotation":0,"texture":"#0","tintindex":0}}},{"from":[10.285714,11.542857,5.714286],"to":[10.428572,12.028572,10.285714],"rotation":{"angle":0.0,"axis":"y","origin":[8.0,2.9714284,6.0]},"faces":{"east":{"uv":[1.25,8.5,3.25,8.5],"rotation":0,"texture":"#0","tintindex":0},"west":{"uv":[3.25,8.5,5.25,8.5],"rotation":0,"texture":"#0","tintindex":0},"up":{"uv":[3.25,8.5,3.25,6.5],"rotation":0,"texture":"#0","tintindex":0},"down":{"uv":[3.25,6.5,3.25,8.5],"rotation":0,"texture":"#0","tintindex":0}}},{"from":[5.5714283,11.542857,5.714286],"to":[5.714286,12.028572,10.285714],"rotation":{"angle":0.0,"axis":"y","origin":[3.2857141,2.9714284,6.0]},"faces":{"east":{"uv":[1.25,8.5,3.25,8.5],"rotation":0,"texture":"#0","tintindex":0},"west":{"uv":[3.25,8.5,5.25,8.5],"rotation":0,"texture":"#0","tintindex":0},"up":{"uv":[3.25,8.5,3.25,6.5],"rotation":0,"texture":"#0","tintindex":0},"down":{"uv":[3.25,6.5,3.25,8.5],"rotation":0,"texture":"#0","tintindex":0}}},{"from":[10.285714,8.714286,5.714286],"to":[10.428572,9.428572,10.285714],"rotation":{"angle":0.0,"axis":"y","origin":[8.0,0.1428566,6.0]},"faces":{"east":{"uv":[1.25,9.0,3.25,9.25],"rotation":0,"texture":"#0","tintindex":0},"south":{"uv":[5.25,9.0,5.25,9.25],"rotation":0,"texture":"#0","tintindex":0},"north":{"uv":[3.25,9.0,3.25,9.25],"rotation":0,"texture":"#0","tintindex":0},"west":{"uv":[3.25,9.0,5.25,9.25],"rotation":0,"texture":"#0","tintindex":0},"up":{"uv":[3.25,9.0,3.25,7.0],"rotation":0,"texture":"#0","tintindex":0},"down":{"uv":[3.25,7.0,3.25,9.0],"rotation":0,"texture":"#0","tintindex":0}}},{"from":[5.5714283,8.714286,5.714286],"to":[5.714286,9.428572,10.285714],"rotation":{"angle":0.0,"axis":"y","origin":[3.2857141,0.1428566,6.0]},"faces":{"east":{"uv":[1.25,9.0,3.25,9.25],"rotation":0,"texture":"#0","tintindex":0},"south":{"uv":[5.25,9.0,5.25,9.25],"rotation":0,"texture":"#0","tintindex":0},"north":{"uv":[3.25,9.0,3.25,9.25],"rotation":0,"texture":"#0","tintindex":0},"west":{"uv":[3.25,9.0,5.25,9.25],"rotation":0,"texture":"#0","tintindex":0},"up":{"uv":[3.25,9.0,3.25,7.0],"rotation":0,"texture":"#0","tintindex":0},"down":{"uv":[3.25,7.0,3.25,9.0],"rotation":0,"texture":"#0","tintindex":0}}},{"from":[10.285714,10.828571,5.714286],"to":[10.428572,11.542857,10.285714],"rotation":{"angle":0.0,"axis":"y","origin":[8.0,2.2571425,6.0]},"faces":{"east":{"uv":[1.25,9.0,3.25,9.25],"rotation":0,"texture":"#0","tintindex":0},"south":{"uv":[5.25,9.0,5.25,9.25],"rotation":0,"texture":"#0","tintindex":0},"north":{"uv":[3.25,9.0,3.25,9.25],"rotation":0,"texture":"#0","tintindex":0},"west":{"uv":[3.25,9.0,5.25,9.25],"rotation":0,"texture":"#0","tintindex":0},"up":{"uv":[3.25,9.0,3.25,7.0],"rotation":0,"texture":"#0","tintindex":0},"down":{"uv":[3.25,7.0,3.25,9.0],"rotation":0,"texture":"#0","tintindex":0}}},{"from":[5.5714283,10.828571,5.714286],"to":[5.714286,11.542857,10.285714],"rotation":{"angle":0.0,"axis":"y","origin":[3.2857141,2.2571425,6.0]},"faces":{"east":{"uv":[1.25,9.0,3.25,9.25],"rotation":0,"texture":"#0","tintindex":0},"south":{"uv":[5.25,9.0,5.25,9.25],"rotation":0,"texture":"#0","tintindex":0},"north":{"uv":[3.25,9.0,3.25,9.25],"rotation":0,"texture":"#0","tintindex":0},"west":{"uv":[3.25,9.0,5.25,9.25],"rotation":0,"texture":"#0","tintindex":0},"up":{"uv":[3.25,9.0,3.25,7.0],"rotation":0,"texture":"#0","tintindex":0},"down":{"uv":[3.25,7.0,3.25,9.0],"rotation":0,"texture":"#0","tintindex":0}}},{"from":[10.285714,10.142858,5.714286],"to":[10.428572,10.857143,10.285714],"rotation":{"angle":0.0,"axis":"y","origin":[8.0,1.5714283,6.0]},"faces":{"east":{"uv":[6.5,10.0,8.5,10.25],"rotation":0,"texture":"#0","tintindex":0},"south":{"uv":[10.5,10.0,10.5,10.25],"rotation":0,"texture":"#0","tintindex":0},"north":{"uv":[8.5,10.0,8.5,10.25],"rotation":0,"texture":"#0","tintindex":0},"west":{"uv":[8.5,10.0,10.5,10.25],"rotation":0,"texture":"#0","tintindex":0},"up":{"uv":[8.5,10.0,8.5,8.0],"rotation":0,"texture":"#0","tintindex":0},"down":{"uv":[8.5,8.0,8.5,10.0],"rotation":0,"texture":"#0","tintindex":0}}},{"from":[5.5714283,10.142858,5.714286],"to":[5.714286,10.857143,10.285714],"rotation":{"angle":0.0,"axis":"y","origin":[3.2857141,1.5714283,6.0]},"faces":{"east":{"uv":[6.5,10.0,8.5,10.25],"rotation":0,"texture":"#0","tintindex":0},"south":{"uv":[10.5,10.0,10.5,10.25],"rotation":0,"texture":"#0","tintindex":0},"north":{"uv":[8.5,10.0,8.5,10.25],"rotation":0,"texture":"#0","tintindex":0},"west":{"uv":[8.5,10.0,10.5,10.25],"rotation":0,"texture":"#0","tintindex":0},"up":{"uv":[8.5,10.0,8.5,8.0],"rotation":0,"texture":"#0","tintindex":0},"down":{"uv":[8.5,8.0,8.5,10.0],"rotation":0,"texture":"#0","tintindex":0}}},{"from":[10.285714,12.028572,5.714286],"to":[10.428572,12.742857,10.285714],"rotation":{"angle":0.0,"axis":"y","origin":[8.0,3.6857138,6.0]},"faces":{"east":{"uv":[6.5,10.0,8.5,10.25],"rotation":0,"texture":"#0","tintindex":0},"south":{"uv":[10.5,10.0,10.5,10.25],"rotation":0,"texture":"#0","tintindex":0},"north":{"uv":[8.5,10.0,8.5,10.25],"rotation":0,"texture":"#0","tintindex":0},"west":{"uv":[8.5,10.0,10.5,10.25],"rotation":0,"texture":"#0","tintindex":0},"up":{"uv":[8.5,10.0,8.5,8.0],"rotation":0,"texture":"#0","tintindex":0},"down":{"uv":[8.5,8.0,8.5,10.0],"rotation":0,"texture":"#0","tintindex":0}}},{"from":[5.5714283,12.028572,5.714286],"to":[5.714286,12.742857,10.285714],"rotation":{"angle":0.0,"axis":"y","origin":[3.2857141,3.6857138,6.0]},"faces":{"east":{"uv":[6.5,10.0,8.5,10.25],"rotation":0,"texture":"#0","tintindex":0},"south":{"uv":[10.5,10.0,10.5,10.25],"rotation":0,"texture":"#0","tintindex":0},"north":{"uv":[8.5,10.0,8.5,10.25],"rotation":0,"texture":"#0","tintindex":0},"west":{"uv":[8.5,10.0,10.5,10.25],"rotation":0,"texture":"#0","tintindex":0},"up":{"uv":[8.5,10.0,8.5,8.0],"rotation":0,"texture":"#0","tintindex":0},"down":{"uv":[8.5,8.0,8.5,10.0],"rotation":0,"texture":"#0","tintindex":0}}},{"from":[5.5714283,8.714286,5.5714283],"to":[10.428572,9.428572,5.714286],"rotation":{"angle":0.0,"axis":"y","origin":[8.0,0.1428566,5.428571]},"faces":{"east":{"uv":[1.0,8.25,1.0,8.5],"rotation":0,"texture":"#0","tintindex":0},"south":{"uv":[3.0,8.25,5.0,8.5],"rotation":0,"texture":"#0","tintindex":0},"north":{"uv":[1.0,8.25,3.0,8.5],"rotation":0,"texture":"#0","tintindex":0},"west":{"uv":[3.0,8.25,3.0,8.5],"rotation":0,"texture":"#0","tintindex":0},"up":{"uv":[3.0,8.25,1.0,8.25],"rotation":0,"texture":"#0","tintindex":0},"down":{"uv":[5.0,8.25,3.0,8.25],"rotation":0,"texture":"#0","tintindex":0}}},{"from":[5.5714283,11.0,5.5714283],"to":[10.428572,11.714286,5.714286],"rotation":{"angle":0.0,"axis":"y","origin":[8.0,2.4285712,5.428571]},"faces":{"east":{"uv":[1.0,8.25,1.0,8.5],"rotation":0,"texture":"#0","tintindex":0},"south":{"uv":[3.0,8.25,5.0,8.5],"rotation":0,"texture":"#0","tintindex":0},"north":{"uv":[1.0,8.25,3.0,8.5],"rotation":0,"texture":"#0","tintindex":0},"west":{"uv":[3.0,8.25,3.0,8.5],"rotation":0,"texture":"#0","tintindex":0},"up":{"uv":[3.0,8.25,1.0,8.25],"rotation":0,"texture":"#0","tintindex":0},"down":{"uv":[5.0,8.25,3.0,8.25],"rotation":0,"texture":"#0","tintindex":0}}},{"from":[5.5714283,11.0,10.285714],"to":[10.428572,11.714286,10.428572],"rotation":{"angle":0.0,"axis":"y","origin":[8.0,2.4285712,10.142858]},"faces":{"east":{"uv":[1.0,8.25,1.0,8.5],"rotation":0,"texture":"#0","tintindex":0},"south":{"uv":[3.0,8.25,5.0,8.5],"rotation":0,"texture":"#0","tintindex":0},"north":{"uv":[1.0,8.25,3.0,8.5],"rotation":0,"texture":"#0","tintindex":0},"west":{"uv":[3.0,8.25,3.0,8.5],"rotation":0,"texture":"#0","tintindex":0},"up":{"uv":[3.0,8.25,1.0,8.25],"rotation":0,"texture":"#0","tintindex":0},"down":{"uv":[5.0,8.25,3.0,8.25],"rotation":0,"texture":"#0","tintindex":0}}},{"from":[5.5714283,12.142858,5.5714283],"to":[10.428572,12.742857,5.714286],"rotation":{"angle":0.0,"axis":"y","origin":[8.0,3.5714283,5.428571]},"faces":{"east":{"uv":[1.0,8.25,1.0,8.5],"rotation":0,"texture":"#0","tintindex":0},"south":{"uv":[3.0,8.25,5.0,8.5],"rotation":0,"texture":"#0","tintindex":0},"north":{"uv":[1.0,8.25,3.0,8.5],"rotation":0,"texture":"#0","tintindex":0},"west":{"uv":[3.0,8.25,3.0,8.5],"rotation":0,"texture":"#0","tintindex":0},"up":{"uv":[3.0,8.25,1.0,8.25],"rotation":0,"texture":"#0","tintindex":0},"down":{"uv":[5.0,8.25,3.0,8.25],"rotation":0,"texture":"#0","tintindex":0}}},{"from":[5.5714283,12.142858,10.285714],"to":[10.428572,12.742857,10.428572],"rotation":{"angle":0.0,"axis":"y","origin":[8.0,3.5714283,10.142858]},"faces":{"east":{"uv":[1.0,8.25,1.0,8.5],"rotation":0,"texture":"#0","tintindex":0},"south":{"uv":[3.0,8.25,5.0,8.5],"rotation":0,"texture":"#0","tintindex":0},"north":{"uv":[1.0,8.25,3.0,8.5],"rotation":0,"texture":"#0","tintindex":0},"west":{"uv":[3.0,8.25,3.0,8.5],"rotation":0,"texture":"#0","tintindex":0},"up":{"uv":[3.0,8.25,1.0,8.25],"rotation":0,"texture":"#0","tintindex":0},"down":{"uv":[5.0,8.25,3.0,8.25],"rotation":0,"texture":"#0","tintindex":0}}},{"from":[5.714286,12.571428,5.714286],"to":[10.285714,12.742857,10.285714],"rotation":{"angle":0.0,"axis":"y","origin":[8.0,3.5714283,9.571428]},"faces":{"east":{"uv":[1.0,10.25,3.0,10.25],"rotation":0,"texture":"#0","tintindex":0},"south":{"uv":[7.0,10.25,9.0,10.25],"rotation":0,"texture":"#0","tintindex":0},"north":{"uv":[3.0,10.25,5.0,10.25],"rotation":0,"texture":"#0","tintindex":0},"west":{"uv":[5.0,10.25,7.0,10.25],"rotation":0,"texture":"#0","tintindex":0},"up":{"uv":[5.0,10.25,3.0,8.25],"rotation":0,"texture":"#0","tintindex":0},"down":{"uv":[7.0,8.25,5.0,10.25],"rotation":0,"texture":"#0","tintindex":0}}}],"display":{"head":{"translation":[0.0,-6.4,0.0],"scale":[4.0,4.0,4.0]}}}