{"textures":{"0":"modelengine:entity/skeleton1"},"elements":[{"from":[7.5714283,7.9428573,6.485714],"to":[8.428572,8.085714,8.057143],"rotation":{"angle":0.0,"axis":"y","origin":[7.5714283,-0.62857246,7.7714286]},"faces":{"east":{"uv":[0.0,8.75,0.5,8.75],"rotation":0,"texture":"#0","tintindex":0},"south":{"uv":[1.25,8.75,1.5,8.75],"rotation":0,"texture":"#0","tintindex":0},"north":{"uv":[0.5,8.75,0.75,8.75],"rotation":0,"texture":"#0","tintindex":0},"west":{"uv":[0.75,8.75,1.25,8.75],"rotation":0,"texture":"#0","tintindex":0},"up":{"uv":[0.75,8.75,0.5,8.25],"rotation":0,"texture":"#0","tintindex":0},"down":{"uv":[1.0,8.25,0.75,8.75],"rotation":0,"texture":"#0","tintindex":0}}}],"display":{"head":{"translation":[0.0,-6.4,0.0],"scale":[4.0,4.0,4.0]}}}