{"textures":{"0":"modelengine:entity/skeleton1"},"elements":[{"from":[7.5714283,7.9428573,7.9142857],"to":[8.428572,8.085714,9.485714],"rotation":{"angle":0.0,"axis":"y","origin":[7.5714283,-0.62857246,9.2]},"faces":{"east":{"uv":[4.75,8.75,5.25,8.75],"rotation":0,"texture":"#0","tintindex":0},"south":{"uv":[6.0,8.75,6.25,8.75],"rotation":0,"texture":"#0","tintindex":0},"north":{"uv":[5.25,8.75,5.5,8.75],"rotation":0,"texture":"#0","tintindex":0},"west":{"uv":[5.5,8.75,6.0,8.75],"rotation":0,"texture":"#0","tintindex":0},"up":{"uv":[5.5,8.75,5.25,8.25],"rotation":0,"texture":"#0","tintindex":0},"down":{"uv":[5.75,8.25,5.5,8.75],"rotation":0,"texture":"#0","tintindex":0}}}],"display":{"head":{"translation":[0.0,-6.4,0.0],"scale":[4.0,4.0,4.0]}}}