{
	"credit": "Made with Blockbench",
	"texture_size": [32, 32],
	"textures": {
		"1": "modelengine:entity/toast"
	},
	"elements": [
		{
			"from": [4, 2, 7],
			"to": [12, 10, 9],
			"rotation": {"angle": 0, "axis": "y", "origin": [-1, 2, 0]},
			"faces": {
				"north": {"uv": [0, 0, 4, 4], "texture": "#1"},
				"east": {"uv": [7, 0, 8, 4], "texture": "#1"},
				"south": {"uv": [0, 4, 4, 8], "texture": "#1"},
				"west": {"uv": [4, 7, 5, 11], "texture": "#1"},
				"up": {"uv": [9, 8, 5, 7], "texture": "#1"},
				"down": {"uv": [4, 8, 0, 9], "texture": "#1"}
			}
		},
		{
			"from": [9.99, 7.99, 6.99],
			"to": [14.01, 12.01, 9.01],
			"rotation": {"angle": 0, "axis": "y", "origin": [0, 2, 0]},
			"faces": {
				"north": {"uv": [8, 0, 10, 2], "texture": "#1"},
				"east": {"uv": [7, 8, 8, 10], "texture": "#1"},
				"south": {"uv": [8, 2, 10, 4], "texture": "#1"},
				"west": {"uv": [8, 8, 9, 10], "texture": "#1"},
				"up": {"uv": [10, 7, 8, 6], "texture": "#1"},
				"down": {"uv": [2, 9, 0, 10], "texture": "#1"}
			}
		},
		{
			"from": [1.99, 7.99, 6.99],
			"to": [6.01, 12.01, 9.01],
			"rotation": {"angle": 0, "axis": "y", "origin": [0, 2, 0]},
			"faces": {
				"north": {"uv": [8, 4, 10, 6], "texture": "#1"},
				"east": {"uv": [2, 9, 3, 11], "texture": "#1"},
				"south": {"uv": [5, 8, 7, 10], "texture": "#1"},
				"west": {"uv": [3, 9, 4, 11], "texture": "#1"},
				"up": {"uv": [11, 8, 9, 7], "texture": "#1"},
				"down": {"uv": [11, 8, 9, 9], "texture": "#1"}
			}
		}
	],
	"display": {
		"thirdperson_righthand": {
			"rotation": [3, 180, 0],
			"translation": [0, 2.75, 0.5],
			"scale": [0.51, 0.51, 0.51]
		},
		"thirdperson_lefthand": {
			"rotation": [3, 180, 0],
			"translation": [0, 2.75, 0.5],
			"scale": [0.51, 0.51, 0.51]
		},
		"firstperson_righthand": {
			"rotation": [-26, 144, -29],
			"translation": [4.5, 1, -4]
		},
		"firstperson_lefthand": {
			"rotation": [-26, 144, -29],
			"translation": [4.5, 1, -4]
		},
		"ground": {
			"scale": [0.85, 0.85, 0.85]
		},
		"gui": {
			"rotation": [0, 180, 0],
			"translation": [0, 1.25, 0],
			"scale": [1.25, 1.25, 1.25]
		},
		"head": {
			"translation": [0, 1.25, -7],
			"scale": [1.25, 1.25, 1]
		},
		"fixed": {
			"translation": [0, 1.5, 0],
			"scale": [1.5, 1.5, 1]
		}
	}
}