{"textures":{"0":"modelengine:entity/kindletronjr"},"elements":[{"from":[6.428571,5.37551,7.0081635],"to":[9.571428,8.632653,9.008163],"rotation":{"angle":0.0,"axis":"y","origin":[8.028571,8.061225,7.922449]},"faces":{"east":{"uv":[0.0,5.0,3.0,10.0],"rotation":0,"texture":"#0","tintindex":0},"south":{"uv":[2.0,2.0,14.0,14.0],"rotation":0,"texture":"#0","tintindex":0},"north":{"uv":[4.0,2.0,12.0,12.0],"rotation":0,"texture":"#0","tintindex":0},"west":{"uv":[8.0,5.0,11.0,10.0],"rotation":0,"texture":"#0","tintindex":0},"up":{"uv":[8.0,5.0,3.0,2.0],"rotation":0,"texture":"#0","tintindex":0},"down":{"uv":[13.0,2.0,8.0,5.0],"rotation":0,"texture":"#0","tintindex":0}}},{"from":[6.542857,7.032653,7.4653063],"to":[9.457143,10.289796,9.293878],"rotation":{"angle":0.0,"axis":"y","origin":[8.028571,9.718368,7.922449]},"faces":{"east":{"uv":[0.0,5.0,3.0,10.0],"rotation":0,"texture":"#0","tintindex":0},"south":{"uv":[2.0,2.0,14.0,10.0],"rotation":0,"texture":"#0","tintindex":0},"north":{"uv":[4.0,2.0,12.0,12.0],"rotation":0,"texture":"#0","tintindex":0},"west":{"uv":[8.0,5.0,11.0,10.0],"rotation":0,"texture":"#0","tintindex":0},"up":{"uv":[8.0,5.0,3.0,2.0],"rotation":0,"texture":"#0","tintindex":0},"down":{"uv":[13.0,2.0,8.0,5.0],"rotation":0,"texture":"#0","tintindex":0}}}],"display":{"head":{"translation":[0.0,-6.4,0.0],"scale":[4.0,4.0,4.0]}}}