{"parent":"minecraft:item/generated","textures":{"layer0":"minecraft:item/leather_horse_armor"},"overrides":[{"predicate":{"custom_model_data":1},"model":"modelengine:rocky/body"},{"predicate":{"custom_model_data":2},"model":"modelengine:rocky/crystal3"},{"predicate":{"custom_model_data":3},"model":"modelengine:rocky/cryatla1"},{"predicate":{"custom_model_data":4},"model":"modelengine:rocky/leftarm"},{"predicate":{"custom_model_data":5},"model":"modelengine:rocky/cystal3"},{"predicate":{"custom_model_data":6},"model":"modelengine:rocky/crystal2"},{"predicate":{"custom_model_data":7},"model":"modelengine:rocky/lowerleftarm"},{"predicate":{"custom_model_data":8},"model":"modelengine:rocky/rightarm"},{"predicate":{"custom_model_data":9},"model":"modelengine:rocky/lowerrightarm"},{"predicate":{"custom_model_data":10},"model":"modelengine:rocky/head"},{"predicate":{"custom_model_data":11},"model":"modelengine:rocky/jaw"},{"predicate":{"custom_model_data":12},"model":"modelengine:rocky/leftleg"},{"predicate":{"custom_model_data":13},"model":"modelengine:rocky/rightleg4"},{"predicate":{"custom_model_data":14},"model":"modelengine:rocky/rightleg"},{"predicate":{"custom_model_data":15},"model":"modelengine:rocky/rightleg2"},{"predicate":{"custom_model_data":16},"model":"modelengine:shroom/shroom"},{"predicate":{"custom_model_data":17},"model":"modelengine:shroominvis/shroom"},{"predicate":{"custom_model_data":18},"model":"modelengine:teemo/head"},{"predicate":{"custom_model_data":19},"model":"modelengine:teemo/right_eyebrow"},{"predicate":{"custom_model_data":20},"model":"modelengine:teemo/left_eyebrow"},{"predicate":{"custom_model_data":21},"model":"modelengine:teemo/right_eye"},{"predicate":{"custom_model_data":22},"model":"modelengine:teemo/left_eye"},{"predicate":{"custom_model_data":23},"model":"modelengine:teemo/wood"},{"predicate":{"custom_model_data":24},"model":"modelengine:teemo/back_leaf"},{"predicate":{"custom_model_data":25},"model":"modelengine:teemo/left_ear"},{"predicate":{"custom_model_data":26},"model":"modelengine:teemo/right_ear"},{"predicate":{"custom_model_data":27},"model":"modelengine:teemo/torsoupper"},{"predicate":{"custom_model_data":28},"model":"modelengine:teemo/torsomiddle"},{"predicate":{"custom_model_data":29},"model":"modelengine:teemo/torsobottom"},{"predicate":{"custom_model_data":30},"model":"modelengine:teemo/left_leg"},{"predicate":{"custom_model_data":31},"model":"modelengine:teemo/left_lowerleg"},{"predicate":{"custom_model_data":32},"model":"modelengine:teemo/left_foot"},{"predicate":{"custom_model_data":33},"model":"modelengine:teemo/right_leg"},{"predicate":{"custom_model_data":34},"model":"modelengine:teemo/right_lowerleg"},{"predicate":{"custom_model_data":35},"model":"modelengine:teemo/right_foot"},{"predicate":{"custom_model_data":36},"model":"modelengine:teemo/left_arm"},{"predicate":{"custom_model_data":37},"model":"modelengine:teemo/left_lowerarm"},{"predicate":{"custom_model_data":38},"model":"modelengine:teemo/left_hand"},{"predicate":{"custom_model_data":39},"model":"modelengine:teemo/bamboo"},{"predicate":{"custom_model_data":40},"model":"modelengine:teemo/right_arm"},{"predicate":{"custom_model_data":41},"model":"modelengine:teemo/right_lowerarm"},{"predicate":{"custom_model_data":42},"model":"modelengine:dummy_teemo_blue/bone"},{"predicate":{"custom_model_data":43},"model":"modelengine:dummy_teemo_blue/bone2"},{"predicate":{"custom_model_data":44},"model":"modelengine:dummy_teemo_blue/bone3"},{"predicate":{"custom_model_data":45},"model":"modelengine:dummy_teemo_blue/bone4"},{"predicate":{"custom_model_data":46},"model":"modelengine:dummy_teemo_blue/bone5"},{"predicate":{"custom_model_data":47},"model":"modelengine:dummy_teemo_blue/bone6"},{"predicate":{"custom_model_data":48},"model":"modelengine:dummy_teemo_red/bone"},{"predicate":{"custom_model_data":49},"model":"modelengine:dummy_teemo_red/bone2"},{"predicate":{"custom_model_data":50},"model":"modelengine:dummy_teemo_red/bone3"},{"predicate":{"custom_model_data":51},"model":"modelengine:dummy_teemo_red/bone4"},{"predicate":{"custom_model_data":52},"model":"modelengine:dummy_teemo_red/bone5"},{"predicate":{"custom_model_data":53},"model":"modelengine:dummy_teemo_red/bone6"},{"predicate":{"custom_model_data":54},"model":"modelengine:forester/upper_body"},{"predicate":{"custom_model_data":55},"model":"modelengine:forester/head"},{"predicate":{"custom_model_data":56},"model":"modelengine:forester/flower"},{"predicate":{"custom_model_data":57},"model":"modelengine:forester/rightarm4"},{"predicate":{"custom_model_data":58},"model":"modelengine:forester/wine1_4"},{"predicate":{"custom_model_data":59},"model":"modelengine:forester/wine1_3"},{"predicate":{"custom_model_data":60},"model":"modelengine:forester/wine2"},{"predicate":{"custom_model_data":61},"model":"modelengine:forester/rightarm"},{"predicate":{"custom_model_data":62},"model":"modelengine:forester/leftarm3"},{"predicate":{"custom_model_data":63},"model":"modelengine:forester/wine1_2"},{"predicate":{"custom_model_data":64},"model":"modelengine:forester/wine1_1"},{"predicate":{"custom_model_data":65},"model":"modelengine:forester/wine1"},{"predicate":{"custom_model_data":66},"model":"modelengine:forester/leftarm"},{"predicate":{"custom_model_data":67},"model":"modelengine:forester/body"},{"predicate":{"custom_model_data":68},"model":"modelengine:forester/rightleg"},{"predicate":{"custom_model_data":69},"model":"modelengine:forester/rightleg1"},{"predicate":{"custom_model_data":70},"model":"modelengine:forester/leftleg"},{"predicate":{"custom_model_data":71},"model":"modelengine:forester/leftleg3"},{"predicate":{"custom_model_data":72},"model":"modelengine:freemob/torso"},{"predicate":{"custom_model_data":73},"model":"modelengine:freemob/froghead"},{"predicate":{"custom_model_data":74},"model":"modelengine:freemob/leftarm"},{"predicate":{"custom_model_data":75},"model":"modelengine:freemob/leftarm_low"},{"predicate":{"custom_model_data":76},"model":"modelengine:freemob/leftleg"},{"predicate":{"custom_model_data":77},"model":"modelengine:freemob/leftleg_low"},{"predicate":{"custom_model_data":78},"model":"modelengine:freemob/rightleg"},{"predicate":{"custom_model_data":79},"model":"modelengine:freemob/rightleg_low"},{"predicate":{"custom_model_data":80},"model":"modelengine:freemob/rightarm"},{"predicate":{"custom_model_data":81},"model":"modelengine:freemob/rightarm_low"},{"predicate":{"custom_model_data":82},"model":"modelengine:kindletronjr/torso"},{"predicate":{"custom_model_data":83},"model":"modelengine:kindletronjr/head"},{"predicate":{"custom_model_data":84},"model":"modelengine:kindletronjr/rightarm"},{"predicate":{"custom_model_data":85},"model":"modelengine:kindletronjr/leftarm"},{"predicate":{"custom_model_data":86},"model":"modelengine:kindletronjr/leftleg"},{"predicate":{"custom_model_data":87},"model":"modelengine:kindletronjr/rightleg"},{"predicate":{"custom_model_data":88},"model":"modelengine:kindletronsr/kindletronsr"},{"predicate":{"custom_model_data":89},"model":"modelengine:kindletronsr/head"},{"predicate":{"custom_model_data":90},"model":"modelengine:kindletronsr/rightarm"},{"predicate":{"custom_model_data":91},"model":"modelengine:kindletronsr/righthand"},{"predicate":{"custom_model_data":92},"model":"modelengine:kindletronsr/leftarm"},{"predicate":{"custom_model_data":93},"model":"modelengine:kindletronsr/lefthand"},{"predicate":{"custom_model_data":94},"model":"modelengine:kindletronsr/rightleg"},{"predicate":{"custom_model_data":95},"model":"modelengine:kindletronsr/rightfoot"},{"predicate":{"custom_model_data":96},"model":"modelengine:kindletronsr/leftleg"},{"predicate":{"custom_model_data":97},"model":"modelengine:kindletronsr/leftfoot"},{"predicate":{"custom_model_data":98},"model":"modelengine:ninja_skeleton/leftleg"},{"predicate":{"custom_model_data":99},"model":"modelengine:ninja_skeleton/leftleg1"},{"predicate":{"custom_model_data":100},"model":"modelengine:ninja_skeleton/rightleg1"},{"predicate":{"custom_model_data":101},"model":"modelengine:ninja_skeleton/rightleg"},{"predicate":{"custom_model_data":102},"model":"modelengine:ninja_skeleton/head"},{"predicate":{"custom_model_data":103},"model":"modelengine:ninja_skeleton/body"},{"predicate":{"custom_model_data":104},"model":"modelengine:ninja_skeleton/tail1"},{"predicate":{"custom_model_data":105},"model":"modelengine:ninja_skeleton/tail2"},{"predicate":{"custom_model_data":106},"model":"modelengine:ninja_skeleton/tail3"},{"predicate":{"custom_model_data":107},"model":"modelengine:ninja_skeleton/tail4"},{"predicate":{"custom_model_data":108},"model":"modelengine:ninja_skeleton/rightarm"},{"predicate":{"custom_model_data":109},"model":"modelengine:ninja_skeleton/rightarm1"},{"predicate":{"custom_model_data":110},"model":"modelengine:ninja_skeleton/leftarm"},{"predicate":{"custom_model_data":111},"model":"modelengine:ninja_skeleton/leftarm1"},{"predicate":{"custom_model_data":112},"model":"modelengine:ninja_skeleton/sword"},{"predicate":{"custom_model_data":113},"model":"modelengine:nocsy_otter_v2/body"},{"predicate":{"custom_model_data":114},"model":"modelengine:nocsy_otter_v2/tail"},{"predicate":{"custom_model_data":115},"model":"modelengine:nocsy_otter_v2/head"},{"predicate":{"custom_model_data":116},"model":"modelengine:nocsy_otter_v2/front_leg_left"},{"predicate":{"custom_model_data":117},"model":"modelengine:nocsy_otter_v2/front_leg_right"},{"predicate":{"custom_model_data":118},"model":"modelengine:nocsy_otter_v2/back_leg_left"},{"predicate":{"custom_model_data":119},"model":"modelengine:nocsy_otter_v2/back_leg_right"},{"predicate":{"custom_model_data":120},"model":"modelengine:scarecrow/lleg"},{"predicate":{"custom_model_data":121},"model":"modelengine:scarecrow/rleg"},{"predicate":{"custom_model_data":122},"model":"modelengine:scarecrow/hand"},{"predicate":{"custom_model_data":123},"model":"modelengine:scarecrow/body"},{"predicate":{"custom_model_data":124},"model":"modelengine:scarecrow/head"},{"predicate":{"custom_model_data":125},"model":"modelengine:scarecrow/face"},{"predicate":{"custom_model_data":126},"model":"modelengine:scarecrow/r_hand"},{"predicate":{"custom_model_data":127},"model":"modelengine:vs_chieftain/body"},{"predicate":{"custom_model_data":128},"model":"modelengine:vs_chieftain/head"},{"predicate":{"custom_model_data":129},"model":"modelengine:vs_chieftain/right_arm"},{"predicate":{"custom_model_data":130},"model":"modelengine:vs_chieftain/left_leg"},{"predicate":{"custom_model_data":131},"model":"modelengine:vs_chieftain/right_leg"},{"predicate":{"custom_model_data":132},"model":"modelengine:vs_chieftain/body2"},{"predicate":{"custom_model_data":133},"model":"modelengine:vs_chieftain/head2"},{"predicate":{"custom_model_data":134},"model":"modelengine:vs_chieftain/left_arm"},{"predicate":{"custom_model_data":135},"model":"modelengine:vs_chieftain/left_leg2"},{"predicate":{"custom_model_data":136},"model":"modelengine:vs_chieftain/right_leg2"},{"predicate":{"custom_model_data":1000},"model":"modelengine:toast/body"},{"predicate":{"custom_model_data":1001},"model":"modelengine:toast/right_arm"},{"predicate":{"custom_model_data":1002},"model":"modelengine:toast/right_leg"},{"predicate":{"custom_model_data":1003},"model":"modelengine:toast/left_leg"},{"predicate":{"custom_model_data":1004},"model":"modelengine:toast/left_arm"},{"predicate":{"custom_model_data":1005},"model":"modelengine:toast_vfx/body"},{"predicate":{"custom_model_data":1006},"model":"modelengine:toast_vfx/right_arm"},{"predicate":{"custom_model_data":1007},"model":"modelengine:toast_vfx/right_leg"},{"predicate":{"custom_model_data":1008},"model":"modelengine:toast_vfx/left_leg"},{"predicate":{"custom_model_data":1009},"model":"modelengine:toast_vfx/left_arm"}]}