{"textures":{"0":"modelengine:entity/dummy_teemo_blue"},"elements":[{"from":[6.857143,4.5714283,3.4285712],"to":[9.714286,5.1434283,6.285714],"rotation":{"angle":-45.0,"axis":"y","origin":[8.0,4.8571424,4.5714283]},"faces":{"east":{"uv":[11.5,6.75,12.75,7.0],"rotation":0,"texture":"#0","tintindex":0},"south":{"uv":[11.5,8.5,12.75,8.75],"rotation":0,"texture":"#0","tintindex":0},"north":{"uv":[8.5,3.5,9.75,3.75],"rotation":0,"texture":"#0","tintindex":0},"west":{"uv":[11.75,4.25,13.0,4.5],"rotation":0,"texture":"#0","tintindex":0},"up":{"uv":[4.75,7.25,3.5,6.0],"rotation":0,"texture":"#0","tintindex":0},"down":{"uv":[3.25,7.75,2.0,9.0],"rotation":0,"texture":"#0","tintindex":0}}},{"from":[4.5714283,4.5714283,6.857143],"to":[11.428572,5.142857,9.142858],"rotation":{"angle":0.0,"axis":"y","origin":[8.0,4.5714283,8.0]},"faces":{"east":{"uv":[9.75,5.5,10.75,5.75],"rotation":0,"texture":"#0","tintindex":0},"south":{"uv":[10.75,7.0,13.75,7.25],"rotation":0,"texture":"#0","tintindex":0},"north":{"uv":[6.5,10.75,9.5,11.0],"rotation":0,"texture":"#0","tintindex":0},"west":{"uv":[10.0,12.0,11.0,12.25],"rotation":0,"texture":"#0","tintindex":0},"up":{"uv":[9.75,4.75,6.75,3.75],"rotation":0,"texture":"#0","tintindex":0},"down":{"uv":[9.75,4.75,6.75,5.75],"rotation":0,"texture":"#0","tintindex":0}}},{"from":[6.857143,5.142857,6.857143],"to":[9.142858,6.285714,9.142858],"rotation":{"angle":0.0,"axis":"y","origin":[8.0,4.5714283,8.0]},"faces":{"east":{"uv":[11.5,9.25,12.5,9.75],"rotation":0,"texture":"#0","tintindex":0},"south":{"uv":[11.5,9.75,12.5,10.25],"rotation":0,"texture":"#0","tintindex":0},"north":{"uv":[11.5,8.0,12.5,8.5],"rotation":0,"texture":"#0","tintindex":0},"west":{"uv":[10.0,11.5,11.0,12.0],"rotation":0,"texture":"#0","tintindex":0},"up":{"uv":[4.0,10.75,3.0,9.75],"rotation":0,"texture":"#0","tintindex":0},"down":{"uv":[10.75,3.5,9.75,4.5],"rotation":0,"texture":"#0","tintindex":0}}},{"from":[6.857143,7.428571,6.857143],"to":[9.142858,8.0,9.142858],"rotation":{"angle":0.0,"axis":"y","origin":[8.0,4.5714283,8.0]},"faces":{"east":{"uv":[12.25,4.5,13.25,4.75],"rotation":0,"texture":"#0","tintindex":0},"south":{"uv":[12.25,4.75,13.25,5.0],"rotation":0,"texture":"#0","tintindex":0},"north":{"uv":[4.0,12.25,5.0,12.5],"rotation":0,"texture":"#0","tintindex":0},"west":{"uv":[12.25,5.0,13.25,5.25],"rotation":0,"texture":"#0","tintindex":0},"up":{"uv":[5.0,10.75,4.0,9.75],"rotation":0,"texture":"#0","tintindex":0},"down":{"uv":[10.75,4.5,9.75,5.5],"rotation":0,"texture":"#0","tintindex":0}}},{"from":[7.142857,6.285714,7.142857],"to":[8.857143,7.428571,8.857143],"rotation":{"angle":0.0,"axis":"y","origin":[8.285714,4.5714283,7.714286]},"faces":{"east":{"uv":[5.0,12.0,5.75,12.5],"rotation":0,"texture":"#0","tintindex":0},"south":{"uv":[5.75,12.0,6.5,12.5],"rotation":0,"texture":"#0","tintindex":0},"north":{"uv":[12.0,0.0,12.75,0.5],"rotation":0,"texture":"#0","tintindex":0},"west":{"uv":[8.25,12.0,9.0,12.5],"rotation":0,"texture":"#0","tintindex":0},"up":{"uv":[9.0,12.0,8.25,11.25],"rotation":0,"texture":"#0","tintindex":0},"down":{"uv":[12.25,2.5,11.5,3.25],"rotation":0,"texture":"#0","tintindex":0}}},{"from":[6.857143,4.5714283,9.142858],"to":[9.142858,5.142857,11.428572],"rotation":{"angle":0.0,"axis":"y","origin":[8.0,4.5714283,8.0]},"faces":{"east":{"uv":[0.0,12.25,1.0,12.5],"rotation":0,"texture":"#0","tintindex":0},"south":{"uv":[12.25,2.5,13.25,2.75],"rotation":0,"texture":"#0","tintindex":0},"north":{"uv":[12.0,12.0,13.0,12.25],"rotation":0,"texture":"#0","tintindex":0},"west":{"uv":[12.25,2.75,13.25,3.0],"rotation":0,"texture":"#0","tintindex":0},"up":{"uv":[1.5,10.75,0.5,9.75],"rotation":0,"texture":"#0","tintindex":0},"down":{"uv":[10.75,1.5,9.75,2.5],"rotation":0,"texture":"#0","tintindex":0}}},{"from":[6.857143,4.5714283,5.142857],"to":[9.142858,5.142857,6.857143],"rotation":{"angle":0.0,"axis":"y","origin":[8.0,4.5714283,8.0]},"faces":{"east":{"uv":[9.75,2.5,10.5,2.75],"rotation":0,"texture":"#0","tintindex":0},"south":{"uv":[12.25,3.0,13.25,3.25],"rotation":0,"texture":"#0","tintindex":0},"north":{"uv":[3.0,12.25,4.0,12.5],"rotation":0,"texture":"#0","tintindex":0},"west":{"uv":[12.25,7.75,13.0,8.0],"rotation":0,"texture":"#0","tintindex":0},"up":{"uv":[11.0,11.5,10.0,10.75],"rotation":0,"texture":"#0","tintindex":0},"down":{"uv":[12.0,0.0,11.0,0.75],"rotation":0,"texture":"#0","tintindex":0}}},{"from":[7.428571,8.0,7.428571],"to":[8.571428,13.142858,8.571428],"rotation":{"angle":0.0,"axis":"y","origin":[8.0,5.142857,8.0]},"faces":{"east":{"uv":[2.5,9.0,3.0,11.25],"rotation":0,"texture":"#0","tintindex":0},"south":{"uv":[9.5,8.75,10.0,11.0],"rotation":0,"texture":"#0","tintindex":0},"north":{"uv":[2.0,9.0,2.5,11.25],"rotation":0,"texture":"#0","tintindex":0},"west":{"uv":[0.0,9.75,0.5,12.0],"rotation":0,"texture":"#0","tintindex":0},"up":{"uv":[9.5,10.25,9.0,9.75],"rotation":0,"texture":"#0","tintindex":0},"down":{"uv":[9.5,10.25,9.0,10.75],"rotation":0,"texture":"#0","tintindex":0}}}],"display":{"head":{"translation":[0.0,-6.4,0.0],"scale":[4.0,4.0,4.0]}}}