{"textures":{"0":"modelengine:entity/skeleton1"},"elements":[{"from":[5.714286,1.1428566,6.857143],"to":[10.285714,8.0,9.142858],"rotation":{"angle":0.0,"axis":"y","origin":[8.0,-5.714287,8.0]},"faces":{"east":{"uv":[4.0,5.0,5.0,8.0],"rotation":0,"texture":"#0","tintindex":0},"south":{"uv":[8.0,5.0,10.0,8.0],"rotation":0,"texture":"#0","tintindex":0},"north":{"uv":[5.0,5.0,7.0,8.0],"rotation":0,"texture":"#0","tintindex":0},"west":{"uv":[7.0,5.0,8.0,8.0],"rotation":0,"texture":"#0","tintindex":0},"up":{"uv":[7.0,5.0,5.0,4.0],"rotation":0,"texture":"#0","tintindex":0},"down":{"uv":[9.0,4.0,7.0,5.0],"rotation":0,"texture":"#0","tintindex":0}}},{"from":[5.714286,1.1428566,9.142858],"to":[10.285714,1.7142854,9.285714],"rotation":{"angle":0.0,"axis":"y","origin":[8.0,-7.4285717,9.142858]},"faces":{"east":{"uv":[0.0,8.25,0.0,8.5],"rotation":0,"texture":"#0","tintindex":0},"south":{"uv":[2.0,8.25,4.0,8.5],"rotation":0,"texture":"#0","tintindex":0},"north":{"uv":[0.0,8.25,2.0,8.5],"rotation":0,"texture":"#0","tintindex":0},"west":{"uv":[2.0,8.25,2.0,8.5],"rotation":0,"texture":"#0","tintindex":0},"up":{"uv":[2.0,8.25,0.0,8.25],"rotation":0,"texture":"#0","tintindex":0},"down":{"uv":[4.0,8.25,2.0,8.25],"rotation":0,"texture":"#0","tintindex":0}}},{"from":[6.285714,1.7142854,9.142858],"to":[9.571428,2.2857141,9.285714],"rotation":{"angle":0.0,"axis":"y","origin":[8.0,-6.8571434,9.142858]},"faces":{"east":{"uv":[0.0,8.25,0.0,8.5],"rotation":0,"texture":"#0","tintindex":0},"south":{"uv":[1.25,8.25,2.5,8.5],"rotation":0,"texture":"#0","tintindex":0},"north":{"uv":[0.0,8.25,1.25,8.5],"rotation":0,"texture":"#0","tintindex":0},"west":{"uv":[1.25,8.25,1.25,8.5],"rotation":0,"texture":"#0","tintindex":0},"up":{"uv":[1.25,8.25,0.0,8.25],"rotation":0,"texture":"#0","tintindex":0},"down":{"uv":[2.5,8.25,1.25,8.25],"rotation":0,"texture":"#0","tintindex":0}}},{"from":[5.714286,1.1428566,6.714286],"to":[10.285714,1.7142854,6.857143],"rotation":{"angle":0.0,"axis":"y","origin":[8.0,-7.4285717,6.5714283]},"faces":{"east":{"uv":[0.0,8.25,0.0,8.5],"rotation":0,"texture":"#0","tintindex":0},"south":{"uv":[2.0,8.25,4.0,8.5],"rotation":0,"texture":"#0","tintindex":0},"north":{"uv":[0.0,8.25,2.0,8.5],"rotation":0,"texture":"#0","tintindex":0},"west":{"uv":[2.0,8.25,2.0,8.5],"rotation":0,"texture":"#0","tintindex":0},"up":{"uv":[2.0,8.25,0.0,8.25],"rotation":0,"texture":"#0","tintindex":0},"down":{"uv":[4.0,8.25,2.0,8.25],"rotation":0,"texture":"#0","tintindex":0}}},{"from":[5.714286,1.7142854,6.714286],"to":[8.571428,2.2857141,6.857143],"rotation":{"angle":0.0,"axis":"y","origin":[8.0,-6.8571434,6.5714283]},"faces":{"east":{"uv":[0.0,8.25,0.0,8.5],"rotation":0,"texture":"#0","tintindex":0},"south":{"uv":[1.25,8.25,2.5,8.5],"rotation":0,"texture":"#0","tintindex":0},"north":{"uv":[0.0,8.25,1.25,8.5],"rotation":0,"texture":"#0","tintindex":0},"west":{"uv":[1.25,8.25,1.25,8.5],"rotation":0,"texture":"#0","tintindex":0},"up":{"uv":[1.25,8.25,0.0,8.25],"rotation":0,"texture":"#0","tintindex":0},"down":{"uv":[2.5,8.25,1.25,8.25],"rotation":0,"texture":"#0","tintindex":0}}},{"from":[5.5714283,1.1428566,6.714286],"to":[5.714286,1.7142854,9.285714],"rotation":{"angle":0.0,"axis":"y","origin":[8.0,-7.4285717,9.142858]},"faces":{"east":{"uv":[0.0,9.25,1.0,9.5],"rotation":0,"texture":"#0","tintindex":0},"south":{"uv":[2.0,9.25,2.0,9.5],"rotation":0,"texture":"#0","tintindex":0},"north":{"uv":[1.0,9.25,1.0,9.5],"rotation":0,"texture":"#0","tintindex":0},"west":{"uv":[1.0,9.25,2.0,9.5],"rotation":0,"texture":"#0","tintindex":0},"up":{"uv":[1.0,9.25,1.0,8.25],"rotation":0,"texture":"#0","tintindex":0},"down":{"uv":[1.0,8.25,1.0,9.25],"rotation":0,"texture":"#0","tintindex":0}}},{"from":[10.285714,1.1428566,6.714286],"to":[10.428572,1.7142854,9.285714],"rotation":{"angle":0.0,"axis":"y","origin":[12.857143,-7.4285717,9.142858]},"faces":{"east":{"uv":[0.0,9.25,1.0,9.5],"rotation":0,"texture":"#0","tintindex":0},"south":{"uv":[2.0,9.25,2.0,9.5],"rotation":0,"texture":"#0","tintindex":0},"north":{"uv":[1.0,9.25,1.0,9.5],"rotation":0,"texture":"#0","tintindex":0},"west":{"uv":[1.0,9.25,2.0,9.5],"rotation":0,"texture":"#0","tintindex":0},"up":{"uv":[1.0,9.25,1.0,8.25],"rotation":0,"texture":"#0","tintindex":0},"down":{"uv":[1.0,8.25,1.0,9.25],"rotation":0,"texture":"#0","tintindex":0}}},{"from":[9.714286,0.9999995,6.857143],"to":[10.285714,1.1428566,9.142858],"rotation":{"angle":0.0,"axis":"y","origin":[12.285715,-8.0,9.142858]},"faces":{"east":{"uv":[0.0,9.25,1.0,9.25],"rotation":0,"texture":"#0","tintindex":0},"south":{"uv":[2.25,9.25,2.5,9.25],"rotation":0,"texture":"#0","tintindex":0},"north":{"uv":[1.0,9.25,1.25,9.25],"rotation":0,"texture":"#0","tintindex":0},"west":{"uv":[1.25,9.25,2.25,9.25],"rotation":0,"texture":"#0","tintindex":0},"up":{"uv":[1.25,9.25,1.0,8.25],"rotation":0,"texture":"#0","tintindex":0},"down":{"uv":[1.5,8.25,1.25,9.25],"rotation":0,"texture":"#0","tintindex":0}}},{"from":[9.142858,0.9999995,6.857143],"to":[9.714286,1.1428566,9.142858],"rotation":{"angle":0.0,"axis":"y","origin":[11.714286,-8.0,9.142858]},"faces":{"east":{"uv":[0.0,9.25,1.0,9.25],"rotation":0,"texture":"#0","tintindex":0},"south":{"uv":[2.25,9.25,2.5,9.25],"rotation":0,"texture":"#0","tintindex":0},"north":{"uv":[1.0,9.25,1.25,9.25],"rotation":0,"texture":"#0","tintindex":0},"west":{"uv":[1.25,9.25,2.25,9.25],"rotation":0,"texture":"#0","tintindex":0},"up":{"uv":[1.25,9.25,1.0,8.25],"rotation":0,"texture":"#0","tintindex":0},"down":{"uv":[1.5,8.25,1.25,9.25],"rotation":0,"texture":"#0","tintindex":0}}},{"from":[8.571428,0.9999995,6.857143],"to":[9.142858,1.1428566,9.142858],"rotation":{"angle":0.0,"axis":"y","origin":[11.142858,-8.0,9.142858]},"faces":{"east":{"uv":[0.0,9.25,1.0,9.25],"rotation":0,"texture":"#0","tintindex":0},"south":{"uv":[2.25,9.25,2.5,9.25],"rotation":0,"texture":"#0","tintindex":0},"north":{"uv":[1.0,9.25,1.25,9.25],"rotation":0,"texture":"#0","tintindex":0},"west":{"uv":[1.25,9.25,2.25,9.25],"rotation":0,"texture":"#0","tintindex":0},"up":{"uv":[1.25,9.25,1.0,8.25],"rotation":0,"texture":"#0","tintindex":0},"down":{"uv":[1.5,8.25,1.25,9.25],"rotation":0,"texture":"#0","tintindex":0}}},{"from":[8.0,0.9999995,6.857143],"to":[8.571428,1.1428566,9.142858],"rotation":{"angle":0.0,"axis":"y","origin":[10.571428,-8.0,9.142858]},"faces":{"east":{"uv":[0.0,9.25,1.0,9.25],"rotation":0,"texture":"#0","tintindex":0},"south":{"uv":[2.25,9.25,2.5,9.25],"rotation":0,"texture":"#0","tintindex":0},"north":{"uv":[1.0,9.25,1.25,9.25],"rotation":0,"texture":"#0","tintindex":0},"west":{"uv":[1.25,9.25,2.25,9.25],"rotation":0,"texture":"#0","tintindex":0},"up":{"uv":[1.25,9.25,1.0,8.25],"rotation":0,"texture":"#0","tintindex":0},"down":{"uv":[1.5,8.25,1.25,9.25],"rotation":0,"texture":"#0","tintindex":0}}},{"from":[7.428571,0.9999995,6.857143],"to":[8.0,1.1428566,9.142858],"rotation":{"angle":0.0,"axis":"y","origin":[10.0,-8.0,9.142858]},"faces":{"east":{"uv":[0.0,9.25,1.0,9.25],"rotation":0,"texture":"#0","tintindex":0},"south":{"uv":[2.25,9.25,2.5,9.25],"rotation":0,"texture":"#0","tintindex":0},"north":{"uv":[1.0,9.25,1.25,9.25],"rotation":0,"texture":"#0","tintindex":0},"west":{"uv":[1.25,9.25,2.25,9.25],"rotation":0,"texture":"#0","tintindex":0},"up":{"uv":[1.25,9.25,1.0,8.25],"rotation":0,"texture":"#0","tintindex":0},"down":{"uv":[1.5,8.25,1.25,9.25],"rotation":0,"texture":"#0","tintindex":0}}},{"from":[6.857143,0.9999995,6.857143],"to":[7.428571,1.1428566,9.142858],"rotation":{"angle":0.0,"axis":"y","origin":[9.428572,-8.0,9.142858]},"faces":{"east":{"uv":[0.0,9.25,1.0,9.25],"rotation":0,"texture":"#0","tintindex":0},"south":{"uv":[2.25,9.25,2.5,9.25],"rotation":0,"texture":"#0","tintindex":0},"north":{"uv":[1.0,9.25,1.25,9.25],"rotation":0,"texture":"#0","tintindex":0},"west":{"uv":[1.25,9.25,2.25,9.25],"rotation":0,"texture":"#0","tintindex":0},"up":{"uv":[1.25,9.25,1.0,8.25],"rotation":0,"texture":"#0","tintindex":0},"down":{"uv":[1.5,8.25,1.25,9.25],"rotation":0,"texture":"#0","tintindex":0}}},{"from":[6.285714,0.9999995,6.857143],"to":[6.857143,1.1428566,9.142858],"rotation":{"angle":0.0,"axis":"y","origin":[8.857143,-8.0,9.142858]},"faces":{"east":{"uv":[0.0,9.25,1.0,9.25],"rotation":0,"texture":"#0","tintindex":0},"south":{"uv":[2.25,9.25,2.5,9.25],"rotation":0,"texture":"#0","tintindex":0},"north":{"uv":[1.0,9.25,1.25,9.25],"rotation":0,"texture":"#0","tintindex":0},"west":{"uv":[1.25,9.25,2.25,9.25],"rotation":0,"texture":"#0","tintindex":0},"up":{"uv":[1.25,9.25,1.0,8.25],"rotation":0,"texture":"#0","tintindex":0},"down":{"uv":[1.5,8.25,1.25,9.25],"rotation":0,"texture":"#0","tintindex":0}}},{"from":[5.714286,0.9999995,6.857143],"to":[6.285714,1.1428566,9.142858],"rotation":{"angle":0.0,"axis":"y","origin":[8.285714,-8.0,9.142858]},"faces":{"east":{"uv":[0.0,9.25,1.0,9.25],"rotation":0,"texture":"#0","tintindex":0},"south":{"uv":[2.25,9.25,2.5,9.25],"rotation":0,"texture":"#0","tintindex":0},"north":{"uv":[1.0,9.25,1.25,9.25],"rotation":0,"texture":"#0","tintindex":0},"west":{"uv":[1.25,9.25,2.25,9.25],"rotation":0,"texture":"#0","tintindex":0},"up":{"uv":[1.25,9.25,1.0,8.25],"rotation":0,"texture":"#0","tintindex":0},"down":{"uv":[1.5,8.25,1.25,9.25],"rotation":0,"texture":"#0","tintindex":0}}},{"from":[9.0,8.0,6.714286],"to":[10.285714,8.142858,9.285714],"rotation":{"angle":0.0,"axis":"y","origin":[9.714286,8.0,8.571428]},"faces":{"east":{"uv":[4.25,9.75,5.25,9.75],"rotation":0,"texture":"#0","tintindex":0},"south":{"uv":[6.75,9.75,7.25,9.75],"rotation":0,"texture":"#0","tintindex":0},"north":{"uv":[5.25,9.75,5.75,9.75],"rotation":0,"texture":"#0","tintindex":0},"west":{"uv":[5.75,9.75,6.75,9.75],"rotation":0,"texture":"#0","tintindex":0},"up":{"uv":[5.75,9.75,5.25,8.75],"rotation":0,"texture":"#0","tintindex":0},"down":{"uv":[6.25,8.75,5.75,9.75],"rotation":0,"texture":"#0","tintindex":0}}},{"from":[9.571428,6.714286,6.714286],"to":[10.285714,8.0,6.857143],"rotation":{"angle":0.0,"axis":"y","origin":[9.714286,7.857143,6.285714]},"faces":{"east":{"uv":[4.25,8.75,4.25,9.25],"rotation":0,"texture":"#0","tintindex":0},"south":{"uv":[4.5,8.75,4.75,9.25],"rotation":0,"texture":"#0","tintindex":0},"north":{"uv":[4.25,8.75,4.5,9.25],"rotation":0,"texture":"#0","tintindex":0},"west":{"uv":[4.5,8.75,4.5,9.25],"rotation":0,"texture":"#0","tintindex":0},"up":{"uv":[4.5,8.75,4.25,8.75],"rotation":0,"texture":"#0","tintindex":0},"down":{"uv":[4.75,8.75,4.5,8.75],"rotation":0,"texture":"#0","tintindex":0}}},{"from":[5.5714283,5.0,6.714286],"to":[6.428571,8.0,6.857143],"rotation":{"angle":0.0,"axis":"y","origin":[5.8571424,7.857143,6.285714]},"faces":{"east":{"uv":[4.25,8.75,4.25,10.0],"rotation":0,"texture":"#0","tintindex":0},"south":{"uv":[4.5,8.75,4.75,10.0],"rotation":0,"texture":"#0","tintindex":0},"north":{"uv":[4.25,8.75,4.5,10.0],"rotation":0,"texture":"#0","tintindex":0},"west":{"uv":[4.5,8.75,4.5,10.0],"rotation":0,"texture":"#0","tintindex":0},"up":{"uv":[4.5,8.75,4.25,8.75],"rotation":0,"texture":"#0","tintindex":0},"down":{"uv":[4.75,8.75,4.5,8.75],"rotation":0,"texture":"#0","tintindex":0}}},{"from":[5.5714283,6.142857,6.857143],"to":[5.714286,8.0,9.142858],"rotation":{"angle":0.0,"axis":"y","origin":[5.142857,7.857143,6.428571]},"faces":{"east":{"uv":[5.75,9.0,6.75,9.75],"rotation":0,"texture":"#0","tintindex":0},"south":{"uv":[7.75,9.0,7.75,9.75],"rotation":0,"texture":"#0","tintindex":0},"north":{"uv":[6.75,9.0,6.75,9.75],"rotation":0,"texture":"#0","tintindex":0},"west":{"uv":[6.75,9.0,7.75,9.75],"rotation":0,"texture":"#0","tintindex":0},"up":{"uv":[6.75,9.0,6.75,8.0],"rotation":0,"texture":"#0","tintindex":0},"down":{"uv":[6.75,8.0,6.75,9.0],"rotation":0,"texture":"#0","tintindex":0}}},{"from":[5.5714283,3.8571424,6.857143],"to":[5.714286,6.857143,7.428571],"rotation":{"angle":0.0,"axis":"y","origin":[5.142857,6.714286,6.428571]},"faces":{"east":{"uv":[5.0,8.25,5.25,9.5],"rotation":0,"texture":"#0","tintindex":0},"south":{"uv":[5.5,8.25,5.5,9.5],"rotation":0,"texture":"#0","tintindex":0},"north":{"uv":[5.25,8.25,5.25,9.5],"rotation":0,"texture":"#0","tintindex":0},"west":{"uv":[5.25,8.25,5.5,9.5],"rotation":0,"texture":"#0","tintindex":0},"up":{"uv":[5.25,8.25,5.25,8.0],"rotation":0,"texture":"#0","tintindex":0},"down":{"uv":[5.25,8.0,5.25,8.25],"rotation":0,"texture":"#0","tintindex":0}}},{"from":[6.428571,6.142857,6.714286],"to":[7.0,8.0,6.857143],"rotation":{"angle":0.0,"axis":"y","origin":[6.428571,7.857143,6.285714]},"faces":{"east":{"uv":[4.25,8.75,4.25,9.5],"rotation":0,"texture":"#0","tintindex":0},"south":{"uv":[4.5,8.75,4.75,9.5],"rotation":0,"texture":"#0","tintindex":0},"north":{"uv":[4.25,8.75,4.5,9.5],"rotation":0,"texture":"#0","tintindex":0},"west":{"uv":[4.5,8.75,4.5,9.5],"rotation":0,"texture":"#0","tintindex":0},"up":{"uv":[4.5,8.75,4.25,8.75],"rotation":0,"texture":"#0","tintindex":0},"down":{"uv":[4.75,8.75,4.5,8.75],"rotation":0,"texture":"#0","tintindex":0}}},{"from":[7.0,6.714286,6.714286],"to":[8.142858,8.0,6.857143],"rotation":{"angle":0.0,"axis":"y","origin":[7.0,7.857143,6.285714]},"faces":{"east":{"uv":[4.25,8.75,4.25,9.25],"rotation":0,"texture":"#0","tintindex":0},"south":{"uv":[4.75,8.75,5.25,9.25],"rotation":0,"texture":"#0","tintindex":0},"north":{"uv":[4.25,8.75,4.75,9.25],"rotation":0,"texture":"#0","tintindex":0},"west":{"uv":[4.75,8.75,4.75,9.25],"rotation":0,"texture":"#0","tintindex":0},"up":{"uv":[4.75,8.75,4.25,8.75],"rotation":0,"texture":"#0","tintindex":0},"down":{"uv":[5.25,8.75,4.75,8.75],"rotation":0,"texture":"#0","tintindex":0}}},{"from":[5.714286,6.714286,9.142858],"to":[8.142858,8.0,9.285714],"rotation":{"angle":0.0,"axis":"y","origin":[7.0,7.857143,8.714286]},"faces":{"east":{"uv":[4.25,8.75,4.25,9.25],"rotation":0,"texture":"#0","tintindex":0},"south":{"uv":[5.25,8.75,6.25,9.25],"rotation":0,"texture":"#0","tintindex":0},"north":{"uv":[4.25,8.75,5.25,9.25],"rotation":0,"texture":"#0","tintindex":0},"west":{"uv":[5.25,8.75,5.25,9.25],"rotation":0,"texture":"#0","tintindex":0},"up":{"uv":[5.25,8.75,4.25,8.75],"rotation":0,"texture":"#0","tintindex":0},"down":{"uv":[6.25,8.75,5.25,8.75],"rotation":0,"texture":"#0","tintindex":0}}},{"from":[6.285714,5.5714283,9.142858],"to":[8.142858,6.714286,9.285714],"rotation":{"angle":0.0,"axis":"y","origin":[7.0,6.714286,8.714286]},"faces":{"east":{"uv":[4.25,8.75,4.25,9.25],"rotation":0,"texture":"#0","tintindex":0},"south":{"uv":[5.0,8.75,5.75,9.25],"rotation":0,"texture":"#0","tintindex":0},"north":{"uv":[4.25,8.75,5.0,9.25],"rotation":0,"texture":"#0","tintindex":0},"west":{"uv":[5.0,8.75,5.0,9.25],"rotation":0,"texture":"#0","tintindex":0},"up":{"uv":[5.0,8.75,4.25,8.75],"rotation":0,"texture":"#0","tintindex":0},"down":{"uv":[5.75,8.75,5.0,8.75],"rotation":0,"texture":"#0","tintindex":0}}},{"from":[7.428571,4.428571,9.142858],"to":[8.142858,5.5714283,9.285714],"rotation":{"angle":0.0,"axis":"y","origin":[7.0,5.5714283,8.714286]},"faces":{"east":{"uv":[4.25,8.75,4.25,9.25],"rotation":0,"texture":"#0","tintindex":0},"south":{"uv":[4.5,8.75,4.75,9.25],"rotation":0,"texture":"#0","tintindex":0},"north":{"uv":[4.25,8.75,4.5,9.25],"rotation":0,"texture":"#0","tintindex":0},"west":{"uv":[4.5,8.75,4.5,9.25],"rotation":0,"texture":"#0","tintindex":0},"up":{"uv":[4.5,8.75,4.25,8.75],"rotation":0,"texture":"#0","tintindex":0},"down":{"uv":[4.75,8.75,4.5,8.75],"rotation":0,"texture":"#0","tintindex":0}}},{"from":[8.142858,6.857143,9.142858],"to":[10.285714,8.0,9.285714],"rotation":{"angle":0.0,"axis":"y","origin":[9.142858,7.857143,8.714286]},"faces":{"east":{"uv":[4.25,8.75,4.25,9.25],"rotation":0,"texture":"#0","tintindex":0},"south":{"uv":[5.0,8.75,5.75,9.25],"rotation":0,"texture":"#0","tintindex":0},"north":{"uv":[4.25,8.75,5.0,9.25],"rotation":0,"texture":"#0","tintindex":0},"west":{"uv":[5.0,8.75,5.0,9.25],"rotation":0,"texture":"#0","tintindex":0},"up":{"uv":[5.0,8.75,4.25,8.75],"rotation":0,"texture":"#0","tintindex":0},"down":{"uv":[5.75,8.75,5.0,8.75],"rotation":0,"texture":"#0","tintindex":0}}},{"from":[8.857143,6.714286,6.714286],"to":[9.571428,7.428571,6.857143],"rotation":{"angle":0.0,"axis":"y","origin":[9.0,7.857143,6.285714]},"faces":{"east":{"uv":[4.25,8.75,4.25,9.0],"rotation":0,"texture":"#0","tintindex":0},"south":{"uv":[4.5,8.75,4.75,9.0],"rotation":0,"texture":"#0","tintindex":0},"north":{"uv":[4.25,8.75,4.5,9.0],"rotation":0,"texture":"#0","tintindex":0},"west":{"uv":[4.5,8.75,4.5,9.0],"rotation":0,"texture":"#0","tintindex":0},"up":{"uv":[4.5,8.75,4.25,8.75],"rotation":0,"texture":"#0","tintindex":0},"down":{"uv":[4.75,8.75,4.5,8.75],"rotation":0,"texture":"#0","tintindex":0}}},{"from":[7.0,8.0,8.857143],"to":[9.142858,8.142858,9.285714],"rotation":{"angle":0.0,"axis":"y","origin":[8.571428,8.0,8.571428]},"faces":{"south":{"uv":[5.0,8.75,5.75,8.75],"rotation":0,"texture":"#0","tintindex":0},"north":{"uv":[4.25,8.75,5.0,8.75],"rotation":0,"texture":"#0","tintindex":0},"up":{"uv":[5.0,8.75,4.25,8.75],"rotation":0,"texture":"#0","tintindex":0},"down":{"uv":[5.75,8.75,5.0,8.75],"rotation":0,"texture":"#0","tintindex":0}}},{"from":[7.0,8.0,6.714286],"to":[8.428572,8.142858,7.0],"rotation":{"angle":0.0,"axis":"y","origin":[8.0,8.0,6.285714]},"faces":{"south":{"uv":[4.75,8.75,5.25,8.75],"rotation":0,"texture":"#0","tintindex":0},"north":{"uv":[4.25,8.75,4.75,8.75],"rotation":0,"texture":"#0","tintindex":0},"up":{"uv":[4.75,8.75,4.25,8.75],"rotation":0,"texture":"#0","tintindex":0},"down":{"uv":[5.25,8.75,4.75,8.75],"rotation":0,"texture":"#0","tintindex":0}}},{"from":[5.5714283,8.0,6.714286],"to":[7.0,8.142858,9.285714],"rotation":{"angle":0.0,"axis":"y","origin":[6.428571,8.0,8.571428]},"faces":{"east":{"uv":[4.25,9.75,5.25,9.75],"rotation":0,"texture":"#0","tintindex":0},"south":{"uv":[6.75,9.75,7.25,9.75],"rotation":0,"texture":"#0","tintindex":0},"north":{"uv":[5.25,9.75,5.75,9.75],"rotation":0,"texture":"#0","tintindex":0},"west":{"uv":[5.75,9.75,6.75,9.75],"rotation":0,"texture":"#0","tintindex":0},"up":{"uv":[5.75,9.75,5.25,8.75],"rotation":0,"texture":"#0","tintindex":0},"down":{"uv":[6.25,8.75,5.75,9.75],"rotation":0,"texture":"#0","tintindex":0}}}],"display":{"head":{"translation":[0.0,-6.4,0.0],"scale":[4.0,4.0,4.0]}}}