{"textures":{"0":"modelengine:entity/skeleton1"},"elements":[{"from":[7.428571,4.5714283,7.428571],"to":[8.571428,8.0,8.571428],"rotation":{"angle":0.0,"axis":"y","origin":[5.142857,-2.285715,8.0]},"faces":{"east":{"uv":[0.0,4.5,0.5,6.0],"rotation":0,"texture":"#0","tintindex":0},"south":{"uv":[1.5,4.5,2.0,6.0],"rotation":0,"texture":"#0","tintindex":0},"north":{"uv":[0.5,4.5,1.0,6.0],"rotation":0,"texture":"#0","tintindex":0},"west":{"uv":[1.0,4.5,1.5,6.0],"rotation":0,"texture":"#0","tintindex":0},"up":{"uv":[1.0,4.5,0.5,4.0],"rotation":0,"texture":"#0","tintindex":0},"down":{"uv":[1.5,4.0,1.0,4.5],"rotation":0,"texture":"#0","tintindex":0}}},{"from":[7.285714,4.3999996,7.285714],"to":[8.714286,4.542857,8.714286],"rotation":{"angle":0.0,"axis":"y","origin":[8.0,4.3999996,8.571428]},"faces":{"east":{"uv":[4.25,9.25,4.75,9.25],"rotation":0,"texture":"#0","tintindex":0},"south":{"uv":[5.75,9.25,6.25,9.25],"rotation":0,"texture":"#0","tintindex":0},"north":{"uv":[4.75,9.25,5.25,9.25],"rotation":0,"texture":"#0","tintindex":0},"west":{"uv":[5.25,9.25,5.75,9.25],"rotation":0,"texture":"#0","tintindex":0},"up":{"uv":[5.25,9.25,4.75,8.75],"rotation":0,"texture":"#0","tintindex":0},"down":{"uv":[5.75,8.75,5.25,9.25],"rotation":0,"texture":"#0","tintindex":0}}},{"from":[8.571428,4.542857,7.285714],"to":[8.714286,4.9714284,8.714286],"rotation":{"angle":0.0,"axis":"y","origin":[8.0,4.9714284,8.571428]},"faces":{"east":{"uv":[4.25,9.25,4.75,9.25],"rotation":0,"texture":"#0","tintindex":0},"west":{"uv":[4.75,9.25,5.25,9.25],"rotation":0,"texture":"#0","tintindex":0},"up":{"uv":[4.75,9.25,4.75,8.75],"rotation":0,"texture":"#0","tintindex":0},"down":{"uv":[4.75,8.75,4.75,9.25],"rotation":0,"texture":"#0","tintindex":0}}},{"from":[7.285714,4.542857,7.285714],"to":[7.428571,4.9714284,8.714286],"rotation":{"angle":0.0,"axis":"y","origin":[6.714286,4.9714284,8.571428]},"faces":{"east":{"uv":[4.25,9.25,4.75,9.25],"rotation":0,"texture":"#0","tintindex":0},"west":{"uv":[4.75,9.25,5.25,9.25],"rotation":0,"texture":"#0","tintindex":0},"up":{"uv":[4.75,9.25,4.75,8.75],"rotation":0,"texture":"#0","tintindex":0},"down":{"uv":[4.75,8.75,4.75,9.25],"rotation":0,"texture":"#0","tintindex":0}}},{"from":[8.571428,5.0,7.285714],"to":[8.714286,5.428571,8.714286],"rotation":{"angle":0.0,"axis":"y","origin":[8.0,5.428571,8.571428]},"faces":{"east":{"uv":[4.25,9.25,4.75,9.25],"rotation":0,"texture":"#0","tintindex":0},"west":{"uv":[4.75,9.25,5.25,9.25],"rotation":0,"texture":"#0","tintindex":0},"up":{"uv":[4.75,9.25,4.75,8.75],"rotation":0,"texture":"#0","tintindex":0},"down":{"uv":[4.75,8.75,4.75,9.25],"rotation":0,"texture":"#0","tintindex":0}}},{"from":[7.285714,5.0,7.285714],"to":[7.428571,5.428571,8.714286],"rotation":{"angle":0.0,"axis":"y","origin":[6.714286,5.428571,8.571428]},"faces":{"east":{"uv":[4.25,9.25,4.75,9.25],"rotation":0,"texture":"#0","tintindex":0},"west":{"uv":[4.75,9.25,5.25,9.25],"rotation":0,"texture":"#0","tintindex":0},"up":{"uv":[4.75,9.25,4.75,8.75],"rotation":0,"texture":"#0","tintindex":0},"down":{"uv":[4.75,8.75,4.75,9.25],"rotation":0,"texture":"#0","tintindex":0}}},{"from":[8.571428,5.457143,7.285714],"to":[8.714286,5.885714,8.714286],"rotation":{"angle":0.0,"axis":"y","origin":[8.0,5.885714,8.571428]},"faces":{"east":{"uv":[4.25,9.25,4.75,9.25],"rotation":0,"texture":"#0","tintindex":0},"west":{"uv":[4.75,9.25,5.25,9.25],"rotation":0,"texture":"#0","tintindex":0},"up":{"uv":[4.75,9.25,4.75,8.75],"rotation":0,"texture":"#0","tintindex":0},"down":{"uv":[4.75,8.75,4.75,9.25],"rotation":0,"texture":"#0","tintindex":0}}},{"from":[8.571428,6.028571,7.285714],"to":[8.714286,6.457143,8.714286],"rotation":{"angle":0.0,"axis":"z","origin":[8.0,6.242857,8.0]},"faces":{"east":{"uv":[4.25,9.25,4.75,9.25],"rotation":0,"texture":"#0","tintindex":0},"west":{"uv":[4.75,9.25,5.25,9.25],"rotation":0,"texture":"#0","tintindex":0},"up":{"uv":[4.75,9.25,4.75,8.75],"rotation":0,"texture":"#0","tintindex":0},"down":{"uv":[4.75,8.75,4.75,9.25],"rotation":0,"texture":"#0","tintindex":0}}},{"from":[7.285714,5.457143,7.285714],"to":[7.428571,5.885714,8.714286],"rotation":{"angle":0.0,"axis":"y","origin":[6.714286,5.885714,8.571428]},"faces":{"east":{"uv":[4.25,9.25,4.75,9.25],"rotation":0,"texture":"#0","tintindex":0},"west":{"uv":[4.75,9.25,5.25,9.25],"rotation":0,"texture":"#0","tintindex":0},"up":{"uv":[4.75,9.25,4.75,8.75],"rotation":0,"texture":"#0","tintindex":0},"down":{"uv":[4.75,8.75,4.75,9.25],"rotation":0,"texture":"#0","tintindex":0}}},{"from":[7.285714,6.028571,7.285714],"to":[7.428571,6.457143,8.714286],"rotation":{"angle":0.0,"axis":"z","origin":[8.0,6.242857,8.0]},"faces":{"east":{"uv":[4.25,9.25,4.75,9.25],"rotation":0,"texture":"#0","tintindex":0},"west":{"uv":[4.75,9.25,5.25,9.25],"rotation":0,"texture":"#0","tintindex":0},"up":{"uv":[4.75,9.25,4.75,8.75],"rotation":0,"texture":"#0","tintindex":0},"down":{"uv":[4.75,8.75,4.75,9.25],"rotation":0,"texture":"#0","tintindex":0}}},{"from":[7.428571,4.542857,7.285714],"to":[8.571428,4.9714284,7.428571],"rotation":{"angle":0.0,"axis":"y","origin":[8.0,4.9714284,8.571428]},"faces":{"south":{"uv":[4.75,8.75,5.25,8.75],"rotation":0,"texture":"#0","tintindex":0},"north":{"uv":[4.25,8.75,4.75,8.75],"rotation":0,"texture":"#0","tintindex":0},"up":{"uv":[4.75,8.75,4.25,8.75],"rotation":0,"texture":"#0","tintindex":0},"down":{"uv":[5.25,8.75,4.75,8.75],"rotation":0,"texture":"#0","tintindex":0}}},{"from":[7.428571,5.0,7.285714],"to":[8.571428,5.428571,7.428571],"rotation":{"angle":0.0,"axis":"y","origin":[8.0,5.428571,8.571428]},"faces":{"south":{"uv":[4.75,8.75,5.25,8.75],"rotation":0,"texture":"#0","tintindex":0},"north":{"uv":[4.25,8.75,4.75,8.75],"rotation":0,"texture":"#0","tintindex":0},"up":{"uv":[4.75,8.75,4.25,8.75],"rotation":0,"texture":"#0","tintindex":0},"down":{"uv":[5.25,8.75,4.75,8.75],"rotation":0,"texture":"#0","tintindex":0}}},{"from":[7.428571,5.457143,7.285714],"to":[8.571428,5.885714,7.428571],"rotation":{"angle":0.0,"axis":"y","origin":[8.0,5.885714,8.571428]},"faces":{"south":{"uv":[4.75,8.75,5.25,8.75],"rotation":0,"texture":"#0","tintindex":0},"north":{"uv":[4.25,8.75,4.75,8.75],"rotation":0,"texture":"#0","tintindex":0},"up":{"uv":[4.75,8.75,4.25,8.75],"rotation":0,"texture":"#0","tintindex":0},"down":{"uv":[5.25,8.75,4.75,8.75],"rotation":0,"texture":"#0","tintindex":0}}},{"from":[7.428571,6.028571,7.285714],"to":[8.571428,6.457143,7.428571],"rotation":{"angle":0.0,"axis":"z","origin":[8.0,6.242857,8.0]},"faces":{"south":{"uv":[4.75,8.75,5.25,8.75],"rotation":0,"texture":"#0","tintindex":0},"north":{"uv":[4.25,8.75,4.75,8.75],"rotation":0,"texture":"#0","tintindex":0},"up":{"uv":[4.75,8.75,4.25,8.75],"rotation":0,"texture":"#0","tintindex":0},"down":{"uv":[5.25,8.75,4.75,8.75],"rotation":0,"texture":"#0","tintindex":0}}},{"from":[7.428571,4.542857,8.571428],"to":[8.571428,4.9714284,8.714286],"rotation":{"angle":0.0,"axis":"y","origin":[8.0,4.9714284,9.857143]},"faces":{"south":{"uv":[4.75,8.75,5.25,8.75],"rotation":0,"texture":"#0","tintindex":0},"north":{"uv":[4.25,8.75,4.75,8.75],"rotation":0,"texture":"#0","tintindex":0},"up":{"uv":[4.75,8.75,4.25,8.75],"rotation":0,"texture":"#0","tintindex":0},"down":{"uv":[5.25,8.75,4.75,8.75],"rotation":0,"texture":"#0","tintindex":0}}},{"from":[7.428571,5.0,8.571428],"to":[8.571428,5.428571,8.714286],"rotation":{"angle":0.0,"axis":"y","origin":[8.0,5.428571,9.857143]},"faces":{"south":{"uv":[4.75,8.75,5.25,8.75],"rotation":0,"texture":"#0","tintindex":0},"north":{"uv":[4.25,8.75,4.75,8.75],"rotation":0,"texture":"#0","tintindex":0},"up":{"uv":[4.75,8.75,4.25,8.75],"rotation":0,"texture":"#0","tintindex":0},"down":{"uv":[5.25,8.75,4.75,8.75],"rotation":0,"texture":"#0","tintindex":0}}},{"from":[7.428571,5.457143,8.571428],"to":[8.571428,5.885714,8.714286],"rotation":{"angle":0.0,"axis":"y","origin":[8.0,5.885714,9.857143]},"faces":{"south":{"uv":[4.75,8.75,5.25,8.75],"rotation":0,"texture":"#0","tintindex":0},"north":{"uv":[4.25,8.75,4.75,8.75],"rotation":0,"texture":"#0","tintindex":0},"up":{"uv":[4.75,8.75,4.25,8.75],"rotation":0,"texture":"#0","tintindex":0},"down":{"uv":[5.25,8.75,4.75,8.75],"rotation":0,"texture":"#0","tintindex":0}}},{"from":[7.428571,6.028571,8.571428],"to":[8.571428,6.457143,8.714286],"rotation":{"angle":0.0,"axis":"z","origin":[8.0,6.242857,8.0]},"faces":{"south":{"uv":[4.75,8.75,5.25,8.75],"rotation":0,"texture":"#0","tintindex":0},"north":{"uv":[4.25,8.75,4.75,8.75],"rotation":0,"texture":"#0","tintindex":0},"up":{"uv":[4.75,8.75,4.25,8.75],"rotation":0,"texture":"#0","tintindex":0},"down":{"uv":[5.25,8.75,4.75,8.75],"rotation":0,"texture":"#0","tintindex":0}}}],"display":{"head":{"translation":[0.0,-6.4,0.0],"scale":[4.0,4.0,4.0]}}}