{"textures":{"0":"modelengine:entity/skeleton1"},"elements":[{"from":[7.428571,4.5714283,7.428571],"to":[8.571428,8.0,8.571428],"rotation":{"angle":0.0,"axis":"y","origin":[6.857143,4.5714283,8.0]},"faces":{"east":{"uv":[10.0,4.5,10.5,6.0],"rotation":0,"texture":"#0","tintindex":0},"south":{"uv":[11.5,4.5,12.0,6.0],"rotation":0,"texture":"#0","tintindex":0},"north":{"uv":[10.5,4.5,11.0,6.0],"rotation":0,"texture":"#0","tintindex":0},"west":{"uv":[11.0,4.5,11.5,6.0],"rotation":0,"texture":"#0","tintindex":0},"up":{"uv":[11.0,4.5,10.5,4.0],"rotation":0,"texture":"#0","tintindex":0},"down":{"uv":[11.5,4.0,11.0,4.5],"rotation":0,"texture":"#0","tintindex":0}}},{"from":[7.285714,7.714286,8.571428],"to":[8.714286,8.571428,8.714286],"rotation":{"angle":-22.5,"axis":"z","origin":[7.3714285,8.142858,8.642858]},"faces":{"east":{"uv":[0.0,8.25,0.0,8.5],"rotation":0,"texture":"#0","tintindex":0},"south":{"uv":[0.5,8.25,1.0,8.5],"rotation":0,"texture":"#0","tintindex":0},"north":{"uv":[0.0,8.25,0.5,8.5],"rotation":0,"texture":"#0","tintindex":0},"west":{"uv":[0.5,8.25,0.5,8.5],"rotation":0,"texture":"#0","tintindex":0},"up":{"uv":[0.5,8.25,0.0,8.25],"rotation":0,"texture":"#0","tintindex":0},"down":{"uv":[1.0,8.25,0.5,8.25],"rotation":0,"texture":"#0","tintindex":0}}}],"display":{"head":{"translation":[0.0,-6.4,0.0],"scale":[4.0,4.0,4.0]}}}