{"textures":{"2":"modelengine:entity/obelix"},"elements":[{"from":[6.857143,4.5714283,6.857143],"to":[9.142858,8.0,9.142858],"rotation":{"angle":0.0,"axis":"y","origin":[8.0,8.0,8.0]},"faces":{"east":{"uv":[0.0,5.0,1.0,6.5],"rotation":0,"texture":"#2","tintindex":0},"south":{"uv":[3.0,5.0,4.0,6.5],"rotation":0,"texture":"#2","tintindex":0},"north":{"uv":[1.0,5.0,2.0,6.5],"rotation":0,"texture":"#2","tintindex":0},"west":{"uv":[2.0,5.0,3.0,6.5],"rotation":0,"texture":"#2","tintindex":0},"up":{"uv":[2.0,5.0,1.0,4.0],"rotation":0,"texture":"#2","tintindex":0},"down":{"uv":[3.0,4.0,2.0,5.0],"rotation":0,"texture":"#2","tintindex":0}}},{"from":[6.8599997,1.1457143,6.8599997],"to":[9.14,4.568571,9.14],"rotation":{"angle":0.0,"axis":"y","origin":[8.0,4.5714283,6.857143]},"faces":{"east":{"uv":[0.0,6.5,1.0,8.0],"rotation":0,"texture":"#2","tintindex":0},"south":{"uv":[3.0,6.5,4.0,8.0],"rotation":0,"texture":"#2","tintindex":0},"north":{"uv":[1.0,6.5,2.0,8.0],"rotation":0,"texture":"#2","tintindex":0},"west":{"uv":[2.0,6.5,3.0,8.0],"rotation":0,"texture":"#2","tintindex":0},"up":{"uv":[2.0,5.0,1.0,4.0],"rotation":0,"texture":"#2","tintindex":0},"down":{"uv":[3.0,4.0,2.0,5.0],"rotation":0,"texture":"#2","tintindex":0}}}],"display":{"head":{"translation":[0.0,-6.4,0.0],"scale":[4.0,4.0,4.0]}}}