{
  "parent": "minecraft:item/generated",
  "textures": {
    "layer0": "minecraft:item/apple"
  },
  "overrides": [
  	{
        "predicate": {
                "custom_model_data": 1
            },
            "model": "onedestiny/banana"
        },
  	{
        "predicate": {
                "custom_model_data": 2
            },
            "model": "onedestiny/strawberry"
        },
  	{
        "predicate": {
                "custom_model_data": 3
            },
            "model": "onedestiny/blueberry"
        },
  	{
        "predicate": {
                "custom_model_data": 4
            },
            "model": "onedestiny/chocolate"
        },
  	{
        "predicate": {
                "custom_model_data": 5
            },
            "model": "onedestiny/cheese"
        },
  	{
        "predicate": {
                "custom_model_data": 6
            },
            "model": "onedestiny/masa_cruda"
        },
  	{
        "predicate": {
                "custom_model_data": 7
            },
            "model": "onedestiny/masa"
        },
  	{
        "predicate": {
                "custom_model_data": 8
            },
            "model": "onedestiny/medialuna"
        },
  	{
        "predicate": {
                "custom_model_data": 9
            },
            "model": "onedestiny/lettuce"
        },
  	{
        "predicate": {
                "custom_model_data": 10
            },
            "model": "onedestiny/tomato"
        },
 	{
        "predicate": {
                "custom_model_data": 11
            },
            "model": "onedestiny/manteca"
        },
	{
        "predicate": {
                "custom_model_data": 12
            },
            "model": "onedestiny/limon"
        },
	{
        "predicate": {
                "custom_model_data": 13
            },
            "model": "onedestiny/huevo_frito"
        },
	{
        "predicate": {
                "custom_model_data": 14
            },
            "model": "onedestiny/algodon_de_azucar"
        },
	{
        "predicate": {
                "custom_model_data": 15
            },
            "model": "onedestiny/hot_dog"
        },
	{
        "predicate": {
                "custom_model_data": 16
            },
            "model": "onedestiny/lolipop"
        },
	{
        "predicate": {
                "custom_model_data": 17
            },
            "model": "onedestiny/pasta"
        },
	{
        "predicate": {
                "custom_model_data": 18
            },
            "model": "onedestiny/nuddles"
        },
	{
        "predicate": {
                "custom_model_data": 19
            },
            "model": "onedestiny/tomato_and_lettuce"
        },
	{
        "predicate": {
                "custom_model_data": 20
            },
            "model": "onedestiny/bowl_of_salad"
        },
	{
        "predicate": {
                "custom_model_data": 21
            },
            "model": "onedestiny/chocolate_cake"
        },
	{
        "predicate": {
                "custom_model_data": 22
            },
            "model": "onedestiny/baguette"
        },
	{
        "predicate": {
                "custom_model_data": 23
            },
            "model": "onedestiny/elote"
        },
	{
        "predicate": {
                "custom_model_data": 24
            },
            "model": "onedestiny/maiz"
        },
	{
        "predicate": {
                "custom_model_data": 25
            },
            "model": "onedestiny/granos_de_popcorn"
        },
	{
        "predicate": {
                "custom_model_data": 26
            },
            "model": "onedestiny/popcorn"
        },
	{
        "predicate": {
                "custom_model_data": 27
            },
            "model": "onedestiny/caramel_popcorn"
        }
    ]
}