{"textures":{"0":"modelengine:entity/scarecrow","1":"minecraft:block/hay_block_side","2":"minecraft:block/hay_block_top"},"elements":[{"from":[4.766674,7.9942856,4.826314],"to":[11.566674,14.794287,11.626314],"rotation":{"angle":0.0,"axis":"y","origin":[8.316674,7.765714,8.426314]},"faces":{"east":{"uv":[16.0,0.0,0.0,16.0],"rotation":0,"texture":"#1","tintindex":0},"south":{"uv":[16.0,0.0,0.0,16.0],"rotation":0,"texture":"#1","tintindex":0},"north":{"uv":[16.0,0.0,0.0,16.0],"rotation":0,"texture":"#1","tintindex":0},"west":{"uv":[16.0,0.0,0.0,16.0],"rotation":0,"texture":"#1","tintindex":0},"up":{"uv":[16.0,0.0,0.0,16.0],"rotation":0,"texture":"#2","tintindex":0},"down":{"uv":[16.0,0.0,0.0,16.0],"rotation":0,"texture":"#2","tintindex":0}}},{"from":[3.909531,7.2799997,4.626314],"to":[12.480961,15.851429,4.626314],"rotation":{"angle":0.0,"axis":"y","origin":[7.4595313,7.051429,1.4263139]},"faces":{"east":{"uv":[128.0,64.0,64.0,128.0],"rotation":0,"texture":"#0","tintindex":0},"south":{"uv":[256.0,128.0,192.0,192.0],"rotation":0,"texture":"#0","tintindex":0},"north":{"uv":[8.0,8.0,0.0,16.0],"rotation":0,"texture":"#0","tintindex":0},"west":{"uv":[128.0,64.0,64.0,128.0],"rotation":0,"texture":"#0","tintindex":0},"up":{"uv":[128.0,64.0,64.0,128.0],"rotation":0,"texture":"#0","tintindex":0},"down":{"uv":[128.0,64.0,64.0,128.0],"rotation":0,"texture":"#0","tintindex":0}}}],"display":{"head":{"translation":[0.0,-6.4,0.0],"scale":[4.0,4.0,4.0]}}}