{"textures":{"0":"modelengine:entity/skeleton1"},"elements":[{"from":[7.428571,5.714286,7.428571],"to":[8.571428,9.142858,8.571428],"rotation":{"angle":0.0,"axis":"y","origin":[5.142857,-4.5714293,8.0]},"faces":{"east":{"uv":[0.0,4.5,0.5,6.0],"rotation":0,"texture":"#0","tintindex":0},"south":{"uv":[1.5,4.5,2.0,6.0],"rotation":0,"texture":"#0","tintindex":0},"north":{"uv":[0.5,4.5,1.0,6.0],"rotation":0,"texture":"#0","tintindex":0},"west":{"uv":[1.0,4.5,1.5,6.0],"rotation":0,"texture":"#0","tintindex":0},"up":{"uv":[1.0,4.5,0.5,4.0],"rotation":0,"texture":"#0","tintindex":0},"down":{"uv":[1.5,4.0,1.0,4.5],"rotation":0,"texture":"#0","tintindex":0}}},{"from":[7.285714,9.142858,7.285714],"to":[8.571428,9.285714,8.714286],"rotation":{"angle":0.0,"axis":"y","origin":[7.857143,9.142858,8.571428]},"faces":{"east":{"uv":[4.25,9.25,4.75,9.25],"rotation":0,"texture":"#0","tintindex":0},"south":{"uv":[5.75,9.25,6.25,9.25],"rotation":0,"texture":"#0","tintindex":0},"north":{"uv":[4.75,9.25,5.25,9.25],"rotation":0,"texture":"#0","tintindex":0},"west":{"uv":[5.25,9.25,5.75,9.25],"rotation":0,"texture":"#0","tintindex":0},"up":{"uv":[5.25,9.25,4.75,8.75],"rotation":0,"texture":"#0","tintindex":0},"down":{"uv":[5.75,8.75,5.25,9.25],"rotation":0,"texture":"#0","tintindex":0}}},{"from":[8.571428,8.714286,7.285714],"to":[8.571428,9.142858,8.714286],"rotation":{"angle":0.0,"axis":"y","origin":[8.0,9.142858,8.571428]},"faces":{"east":{"uv":[4.25,9.25,4.75,9.25],"rotation":0,"texture":"#0","tintindex":0},"west":{"uv":[4.75,9.25,5.25,9.25],"rotation":0,"texture":"#0","tintindex":0},"up":{"uv":[4.75,9.25,4.75,8.75],"rotation":0,"texture":"#0","tintindex":0},"down":{"uv":[4.75,8.75,4.75,9.25],"rotation":0,"texture":"#0","tintindex":0}}},{"from":[7.285714,8.714286,8.571428],"to":[8.571428,9.142858,8.714286],"rotation":{"angle":0.0,"axis":"y","origin":[7.857143,9.142858,9.857143]},"faces":{"south":{"uv":[4.75,8.75,5.25,8.75],"rotation":0,"texture":"#0","tintindex":0},"north":{"uv":[4.25,8.75,4.75,8.75],"rotation":0,"texture":"#0","tintindex":0},"up":{"uv":[4.75,8.75,4.25,8.75],"rotation":0,"texture":"#0","tintindex":0},"down":{"uv":[5.25,8.75,4.75,8.75],"rotation":0,"texture":"#0","tintindex":0}}},{"from":[7.285714,8.714286,7.285714],"to":[8.571428,9.142858,7.428571],"rotation":{"angle":0.0,"axis":"y","origin":[7.857143,9.142858,8.571428]},"faces":{"south":{"uv":[4.75,8.75,5.25,8.75],"rotation":0,"texture":"#0","tintindex":0},"north":{"uv":[4.25,8.75,4.75,8.75],"rotation":0,"texture":"#0","tintindex":0},"up":{"uv":[4.75,8.75,4.25,8.75],"rotation":0,"texture":"#0","tintindex":0},"down":{"uv":[5.25,8.75,4.75,8.75],"rotation":0,"texture":"#0","tintindex":0}}},{"from":[7.428571,7.5714283,7.285714],"to":[8.285714,8.714286,7.428571],"rotation":{"angle":0.0,"axis":"y","origin":[7.857143,8.714286,8.571428]},"faces":{"east":{"uv":[4.25,8.75,4.25,9.25],"rotation":0,"texture":"#0","tintindex":0},"south":{"uv":[4.5,8.75,4.75,9.25],"rotation":0,"texture":"#0","tintindex":0},"north":{"uv":[4.25,8.75,4.5,9.25],"rotation":0,"texture":"#0","tintindex":0},"west":{"uv":[4.5,8.75,4.5,9.25],"rotation":0,"texture":"#0","tintindex":0},"up":{"uv":[4.5,8.75,4.25,8.75],"rotation":0,"texture":"#0","tintindex":0},"down":{"uv":[4.75,8.75,4.5,8.75],"rotation":0,"texture":"#0","tintindex":0}}},{"from":[7.428571,6.428571,7.285714],"to":[7.857143,7.5714283,7.428571],"rotation":{"angle":0.0,"axis":"y","origin":[7.857143,7.5714283,8.571428]},"faces":{"east":{"uv":[4.25,8.75,4.25,9.25],"rotation":0,"texture":"#0","tintindex":0},"south":{"uv":[4.25,8.75,4.25,9.25],"rotation":0,"texture":"#0","tintindex":0},"north":{"uv":[4.25,8.75,4.25,9.25],"rotation":0,"texture":"#0","tintindex":0},"west":{"uv":[4.25,8.75,4.25,9.25],"rotation":0,"texture":"#0","tintindex":0}}},{"from":[7.285714,8.714286,7.285714],"to":[7.285714,9.142858,8.714286],"rotation":{"angle":0.0,"axis":"y","origin":[6.714286,9.142858,8.571428]},"faces":{"east":{"uv":[4.25,9.25,4.75,9.25],"rotation":0,"texture":"#0","tintindex":0},"west":{"uv":[4.75,9.25,5.25,9.25],"rotation":0,"texture":"#0","tintindex":0},"up":{"uv":[4.75,9.25,4.75,8.75],"rotation":0,"texture":"#0","tintindex":0},"down":{"uv":[4.75,8.75,4.75,9.25],"rotation":0,"texture":"#0","tintindex":0}}}],"display":{"head":{"translation":[0.0,-6.4,0.0],"scale":[4.0,4.0,4.0]}}}