{"textures":{"0":"modelengine:entity/skeleton1"},"elements":[{"from":[7.428571,4.5714283,7.428571],"to":[8.571428,8.0,8.571428],"rotation":{"angle":0.0,"axis":"y","origin":[9.142858,4.5714283,8.0]},"faces":{"east":{"uv":[10.0,4.5,10.5,6.0],"rotation":0,"texture":"#0","tintindex":0},"south":{"uv":[11.5,4.5,12.0,6.0],"rotation":0,"texture":"#0","tintindex":0},"north":{"uv":[10.5,4.5,11.0,6.0],"rotation":0,"texture":"#0","tintindex":0},"west":{"uv":[11.0,4.5,11.5,6.0],"rotation":0,"texture":"#0","tintindex":0},"up":{"uv":[11.0,4.5,10.5,4.0],"rotation":0,"texture":"#0","tintindex":0},"down":{"uv":[11.5,4.0,11.0,4.5],"rotation":0,"texture":"#0","tintindex":0}}}],"display":{"head":{"translation":[0.0,-6.4,0.0],"scale":[4.0,4.0,4.0]}}}