{"textures":{"2":"modelengine:entity/teemo"},"elements":[{"from":[7.6428714,7.1428742,7.50002],"to":[8.357128,7.999983,8.49998],"rotation":{"angle":0.0,"axis":"y","origin":[7.9626474,7.9967446,7.9627895]},"faces":{"east":{"uv":[6.75,1.0,7.1875,1.375],"rotation":0,"texture":"#2","tintindex":0},"south":{"uv":[1.0,7.75,1.3125,8.125],"rotation":0,"texture":"#2","tintindex":0},"north":{"uv":[7.75,0.5,8.0625,0.875],"rotation":0,"texture":"#2","tintindex":0},"west":{"uv":[4.5,6.75,4.9375,7.125],"rotation":0,"texture":"#2","tintindex":0},"up":{"uv":[7.5625,6.1875,7.25,5.75],"rotation":0,"texture":"#2","tintindex":0},"down":{"uv":[7.5625,6.5,7.25,6.9375],"rotation":0,"texture":"#2","tintindex":0}}}],"display":{"head":{"translation":[0.0,-6.4,0.0],"scale":[4.0,4.0,4.0]}}}