{
	"credit": "Made with Blockbench",
	"texture_size": [64, 64],
	"textures": {
		"0": "item/amethyst_texture/amethyst_spear",
		"particle": "item/amethyst_texture/amethyst_spear"
	},
	"elements": [
		{
			"from": [7.375, -7.5, 7.375],
			"to": [8.625, 16.5, 8.625],
			"rotation": {"angle": 0, "axis": "y", "origin": [8, 7.53706, 7.42199]},
			"faces": {
				"north": {"uv": [0.008, 0.008, 0.375, 5.992], "texture": "#0"},
				"east": {"uv": [0.758, 0.008, 1.125, 5.992], "texture": "#0"},
				"south": {"uv": [1.508, 0.008, 1.875, 5.992], "texture": "#0"},
				"west": {"uv": [2.258, 0.008, 2.625, 5.992], "texture": "#0"},
				"up": {"uv": [7.375, 1.375, 7.008, 1.008], "texture": "#0"},
				"down": {"uv": [7.375, 1.758, 7.008, 2.125], "texture": "#0"}
			}
		},
		{
			"from": [7.5, -8.92433, 2.1862],
			"to": [8.5, -5.92433, 3.1862],
			"rotation": {"angle": -22.5, "axis": "x", "origin": [8, 7.53706, 7.42199]},
			"faces": {
				"north": {"uv": [4.258, 6.508, 4.492, 7.242], "texture": "#0"},
				"east": {"uv": [4.758, 6.508, 4.992, 7.242], "texture": "#0"},
				"south": {"uv": [5.258, 6.508, 5.492, 7.242], "texture": "#0"},
				"west": {"uv": [6.758, 0.008, 6.992, 0.742], "texture": "#0"},
				"up": {"uv": [7.492, 7.242, 7.258, 7.008], "texture": "#0"},
				"down": {"uv": [4.492, 7.508, 4.258, 7.742], "texture": "#0"}
			}
		},
		{
			"from": [7.625, -10.14042, 14.90676],
			"to": [8.375, -7.14042, 15.65676],
			"rotation": {"angle": 22.5, "axis": "x", "origin": [8, 7.53706, 7.42199]},
			"faces": {
				"north": {"uv": [2.758, 6.758, 2.992, 7.492], "texture": "#0"},
				"east": {"uv": [3.258, 6.758, 3.492, 7.492], "texture": "#0"},
				"south": {"uv": [6.758, 5.008, 6.992, 5.742], "texture": "#0"},
				"west": {"uv": [6.758, 6.008, 6.992, 6.742], "texture": "#0"},
				"up": {"uv": [4.992, 7.742, 4.758, 7.508], "texture": "#0"},
				"down": {"uv": [5.492, 7.508, 5.258, 7.742], "texture": "#0"}
			}
		},
		{
			"from": [7.2625, 16.5, 7.25],
			"to": [8.7375, 19.5, 8.75],
			"rotation": {"angle": 0, "axis": "y", "origin": [7.9875, 7.53706, 7.42199]},
			"faces": {
				"north": {"uv": [5.008, 1.508, 5.375, 2.242], "texture": "#0"},
				"east": {"uv": [5.008, 2.508, 5.375, 3.242], "texture": "#0"},
				"south": {"uv": [5.008, 3.508, 5.375, 4.242], "texture": "#0"},
				"west": {"uv": [5.008, 4.508, 5.375, 5.242], "texture": "#0"},
				"up": {"uv": [7.375, 2.875, 7.008, 2.508], "texture": "#0"},
				"down": {"uv": [7.375, 3.258, 7.008, 3.625], "texture": "#0"}
			}
		},
		{
			"from": [8, 15.5, 8.5],
			"to": [8, 20.5, 12],
			"rotation": {"angle": 0, "axis": "y", "origin": [8, 7.53706, 7.42199]},
			"faces": {
				"north": {"uv": [3.258, 7.758, 3.258, 8.992], "texture": "#0"},
				"east": {"uv": [3.008, 3.008, 3.875, 4.242], "texture": "#0"},
				"south": {"uv": [3.508, 7.758, 3.508, 8.992], "texture": "#0"},
				"west": {"uv": [4.258, 0.008, 5.125, 1.242], "texture": "#0"},
				"up": {"uv": [7.758, 6.375, 7.758, 5.508], "texture": "#0"},
				"down": {"uv": [5.758, 7.758, 5.758, 8.625], "texture": "#0"}
			}
		},
		{
			"from": [8, 8.5, 4],
			"to": [8, 13.5, 7.5],
			"rotation": {"angle": 0, "axis": "y", "origin": [8, 7.53706, 7.42199]},
			"faces": {
				"north": {"uv": [7.758, 1.258, 7.758, 2.492], "texture": "#0"},
				"east": {"uv": [3.008, 0.008, 3.875, 1.242], "texture": "#0"},
				"south": {"uv": [2.758, 7.758, 2.758, 8.992], "texture": "#0"},
				"west": {"uv": [3.008, 1.508, 3.875, 2.742], "texture": "#0"},
				"up": {"uv": [7.758, 3.625, 7.758, 2.758], "texture": "#0"},
				"down": {"uv": [3.008, 7.758, 3.008, 8.625], "texture": "#0"}
			}
		},
		{
			"from": [7.2625, 12.31445, 11.94879],
			"to": [8.7375, 15.31445, 13.44879],
			"rotation": {"angle": -45, "axis": "x", "origin": [7.9875, 7.53706, 7.42199]},
			"faces": {
				"north": {"uv": [5.758, 4.008, 6.125, 4.742], "texture": "#0"},
				"east": {"uv": [6.008, 5.008, 6.375, 5.742], "texture": "#0"},
				"south": {"uv": [6.008, 6.008, 6.375, 6.742], "texture": "#0"},
				"west": {"uv": [0.008, 6.258, 0.375, 6.992], "texture": "#0"},
				"up": {"uv": [7.625, 0.375, 7.258, 0.008], "texture": "#0"},
				"down": {"uv": [1.125, 7.258, 0.758, 7.625], "texture": "#0"}
			}
		},
		{
			"from": [7.25, 14.20711, 4.71447],
			"to": [8.75, 18.20711, 6.21447],
			"rotation": {"angle": 0, "axis": "x", "origin": [8, 7.53706, 7.42199]},
			"faces": {
				"north": {"uv": [4.258, 1.508, 4.625, 2.492], "texture": "#0"},
				"east": {"uv": [4.258, 2.758, 4.625, 3.742], "texture": "#0"},
				"south": {"uv": [4.258, 4.008, 4.625, 4.992], "texture": "#0"},
				"west": {"uv": [3.008, 4.508, 3.375, 5.492], "texture": "#0"},
				"up": {"uv": [1.875, 7.625, 1.508, 7.258], "texture": "#0"},
				"down": {"uv": [7.625, 4.758, 7.258, 5.125], "texture": "#0"}
			}
		},
		{
			"from": [7.5, 16.1086, 12.99412],
			"to": [8.5, 19.1086, 13.99412],
			"rotation": {"angle": -45, "axis": "x", "origin": [8, 7.53706, 7.42199]},
			"faces": {
				"north": {"uv": [1.258, 6.258, 1.492, 6.992], "texture": "#0"},
				"east": {"uv": [1.758, 6.258, 1.992, 6.992], "texture": "#0"},
				"south": {"uv": [2.258, 6.258, 2.492, 6.992], "texture": "#0"},
				"west": {"uv": [3.758, 6.258, 3.992, 6.992], "texture": "#0"},
				"up": {"uv": [3.992, 4.742, 3.758, 4.508], "texture": "#0"},
				"down": {"uv": [7.492, 5.508, 7.258, 5.742], "texture": "#0"}
			}
		},
		{
			"from": [7.5, 10.25119, 2.4408],
			"to": [8.5, 13.25119, 3.4408],
			"rotation": {"angle": 22.5, "axis": "x", "origin": [8, 7.53706, 7.42199]},
			"faces": {
				"north": {"uv": [6.508, 1.008, 6.742, 1.742], "texture": "#0"},
				"east": {"uv": [6.508, 2.008, 6.742, 2.742], "texture": "#0"},
				"south": {"uv": [6.508, 3.008, 6.742, 3.742], "texture": "#0"},
				"west": {"uv": [6.508, 4.008, 6.742, 4.742], "texture": "#0"},
				"up": {"uv": [7.492, 6.242, 7.258, 6.008], "texture": "#0"},
				"down": {"uv": [7.492, 6.508, 7.258, 6.742], "texture": "#0"}
			}
		},
		{
			"from": [7.25, 18.52356, 2.68507],
			"to": [8.75, 21.52356, 4.18507],
			"rotation": {"angle": 22.5, "axis": "x", "origin": [8, 7.53706, 7.42199]},
			"faces": {
				"north": {"uv": [3.758, 5.258, 4.125, 5.992], "texture": "#0"},
				"east": {"uv": [5.508, 0.008, 5.875, 0.742], "texture": "#0"},
				"south": {"uv": [4.508, 5.508, 4.875, 6.242], "texture": "#0"},
				"west": {"uv": [5.258, 5.508, 5.625, 6.242], "texture": "#0"},
				"up": {"uv": [7.375, 4.375, 7.008, 4.008], "texture": "#0"},
				"down": {"uv": [6.125, 7.008, 5.758, 7.375], "texture": "#0"}
			}
		},
		{
			"from": [7.375, 19.71585, 13.77309],
			"to": [8.625, 22.71585, 15.02309],
			"rotation": {"angle": -22.5, "axis": "x", "origin": [8, 7.53706, 7.42199]},
			"faces": {
				"north": {"uv": [5.758, 1.008, 6.125, 1.742], "texture": "#0"},
				"east": {"uv": [5.758, 2.008, 6.125, 2.742], "texture": "#0"},
				"south": {"uv": [3.008, 5.758, 3.375, 6.492], "texture": "#0"},
				"west": {"uv": [5.758, 3.008, 6.125, 3.742], "texture": "#0"},
				"up": {"uv": [6.875, 7.375, 6.508, 7.008], "texture": "#0"},
				"down": {"uv": [0.375, 7.258, 0.008, 7.625], "texture": "#0"}
			}
		},
		{
			"from": [7.625, 23.9909, 7.68097],
			"to": [8.375, 26.9909, 8.43097],
			"rotation": {"angle": 0, "axis": "x", "origin": [8, 7.53706, 7.42199]},
			"faces": {
				"north": {"uv": [6.258, 0.008, 6.492, 0.742], "texture": "#0"},
				"east": {"uv": [2.258, 7.258, 2.375, 7.992], "texture": "#0"},
				"south": {"uv": [0.758, 6.258, 0.992, 6.992], "texture": "#0"},
				"west": {"uv": [3.758, 7.258, 3.875, 7.992], "texture": "#0"},
				"up": {"uv": [7.492, 7.625, 7.258, 7.508], "texture": "#0"},
				"down": {"uv": [7.992, 0.758, 7.758, 0.875], "texture": "#0"}
			}
		}
	],
	"gui_light": "front",
	"display": {
		"thirdperson_righthand": {
			"rotation": [0, -180, 0],
			"translation": [0, 3.5, 1.25],
			"scale": [1.3, 1.3, 1.3]
		},
		"thirdperson_lefthand": {
			"rotation": [0, -180, 0],
			"translation": [0, 3.5, 1.25],
			"scale": [1.3, 1.3, 1.3]
		},
		"firstperson_righthand": {
			"rotation": [0, -180, 0],
			"translation": [3, 3.5, -1.75],
			"scale": [1.3, 1.3, 1.3]
		},
		"firstperson_lefthand": {
			"rotation": [0, -180, 0],
			"translation": [3, 3.5, -1.75],
			"scale": [1.3, 1.3, 1.3]
		},
		"ground": {
			"rotation": [0, 0, 90],
			"scale": [1.3, 1.3, 1.3]
		},
		"gui": {
			"rotation": [90, 45, -90],
			"translation": [0.25, 0.25, -1],
			"scale": [0.55, 0.55, 0.55]
		},
		"fixed": {
			"rotation": [90, -45, 90],
			"translation": [0, 0, -1],
			"scale": [0.8, 0.8, 0.8]
		}
	}
}