{"sources":[{"source":"entity","prefix":"entity/","type":"directory"},{"source":"entity","prefix":"entity/","type":"directory"},{"type":"single","resource":"modelengine:entity/asterix"},{"type":"single","resource":"new_items:tornasol_warrior_helmet"},{"type":"single","resource":"modelengine:entity/teemo"},{"type":"single","resource":"_iainternal:icons/icon_next_orange"},{"type":"single","resource":"modelengine:entity/scarecrow"},{"type":"single","resource":"modelengine:entity/nocsy_otter_v2"},{"type":"single","resource":"_iainternal:icons/icon_cancel"},{"type":"single","resource":"_iainternal:icons/icon_arrow_chest"},{"type":"single","resource":"new_items:book_of_copper"},{"type":"single","resource":"modelengine:entity/toast"},{"type":"single","resource":"new_items:tornasol_forager_boots"},{"type":"single","resource":"new_items:tornasol_warrior_boots"},{"type":"single","resource":"modelengine:entity/dummy_teemo_blue"},{"type":"single","resource":"new_items:refine_copper_helmet"},{"type":"single","resource":"new_items:tornasol_axe"},{"type":"single","resource":"modelengine:entity/shroom"},{"type":"single","resource":"new_items:magic_cloth"},{"type":"single","resource":"new_items:magic_string"},{"type":"single","resource":"new_items:energetic_bow"},{"type":"single","resource":"_iainternal:icons/icon_search"},{"type":"single","resource":"modelengine:entity/kindletronjr"},{"type":"single","resource":"new_items:refine_copper_boots"},{"type":"single","resource":"new_items:refine_copper_chestplate"},{"type":"single","resource":"new_items:tornasol_forager_leggings"},{"type":"single","resource":"_iainternal:icons/icon_left_blue"},{"type":"single","resource":"new_items:refine_copper_leggings"},{"type":"single","resource":"new_items:material_ectoplasm_ingot"},{"type":"single","resource":"new_items:staff_of_ender"},{"type":"single","resource":"new_items:tornasol_bow_2"},{"type":"single","resource":"new_items:tornasol_bow_1"},{"type":"single","resource":"new_items:tornasol_bow_0"},{"type":"single","resource":"modelengine:entity/rocky"},{"type":"single","resource":"new_items:rocket_sword"},{"type":"single","resource":"new_items:tornasol_pickaxe"},{"type":"single","resource":"modelengine:entity/forester"},{"type":"single","resource":"new_items:energetic_bow_0"},{"type":"single","resource":"new_items:energetic_bow_1"},{"type":"single","resource":"new_items:energetic_bow_2"},{"type":"single","resource":"modelengine:entity/shroominvis"},{"type":"single","resource":"new_items:refine_copper_sword"},{"type":"single","resource":"new_items:tornasol_forager_chestplate"},{"type":"single","resource":"modelengine:entity/vs_vikingshield6"},{"type":"single","resource":"new_items:tornasol_warrior_leggings"},{"type":"single","resource":"modelengine:entity/skeleton1"},{"type":"single","resource":"new_items:fire_sword"},{"type":"single","resource":"new_items:mega_diamond_sword"},{"type":"single","resource":"new_items:amethyst_sword"},{"type":"single","resource":"modelengine:entity/frog"},{"type":"single","resource":"modelengine:entity/dummy_teemo_red"},{"type":"single","resource":"modelengine:entity/obelix"},{"type":"single","resource":"new_items:tornasol_warrior_chestplate"},{"type":"single","resource":"modelengine:entity/kindletronsr4"},{"type":"single","resource":"_iainternal:icons/icon_back_orange"},{"type":"single","resource":"new_items:tornasol_forager_helmet"},{"type":"single","resource":"_iainternal:icons/icon_right_blue"},{"type":"single","resource":"new_items:tornasol_bow"},{"type":"single","resource":"new_items:gust_sword"}]}