{
  "samus.amethyst_sparkle": {
    "category": "master",
    "sounds": [
      "samus/amethyst/amethyst_sparkle"
    ]
  },
  "samus.shooting_star": {
    "category": "master",
    "sounds": [
      "samus/amethyst/shooting_star"
    ]
  },
  "samus.shooting_star_explosion": {
    "category": "master",
    "sounds": [
      "samus/amethyst/shooting_star_explosion"
    ]
  },
  "samus.spear_pierce": {
    "category": "master",
    "sounds": [
      "samus/amethyst/spear_pierce_1",
	  "samus/amethyst/spear_pierce_2",
	  "samus/amethyst/spear_pierce_3"
    ]
  }
}