{"parent":"minecraft:item/generated","textures":{"layer0":"minecraft:item/apple"},"overrides":[{"predicate":{"custom_model_data":1},"model":"onedestiny/banana"},{"predicate":{"custom_model_data":1},"model":"onedestiny_mi:ia_auto_gen/consumable_banana"},{"predicate":{"custom_model_data":2},"model":"onedestiny/strawberry"},{"predicate":{"custom_model_data":2},"model":"onedestiny_mi:ia_auto_gen/consumable_strawberry"},{"predicate":{"custom_model_data":3},"model":"onedestiny/blueberry"},{"predicate":{"custom_model_data":3},"model":"onedestiny_mi:ia_auto_gen/consumable_blueberry"},{"predicate":{"custom_model_data":4},"model":"onedestiny/chocolate"},{"predicate":{"custom_model_data":4},"model":"onedestiny_mi:ia_auto_gen/consumable_chocolate"},{"predicate":{"custom_model_data":5},"model":"onedestiny/cheese"},{"predicate":{"custom_model_data":6},"model":"onedestiny/masa_cruda"},{"predicate":{"custom_model_data":6},"model":"onedestiny_mi:ia_auto_gen/consumable_masa_cruda"},{"predicate":{"custom_model_data":7},"model":"onedestiny/masa"},{"predicate":{"custom_model_data":7},"model":"onedestiny_mi:ia_auto_gen/consumable_masa"},{"predicate":{"custom_model_data":8},"model":"onedestiny/medialuna"},{"predicate":{"custom_model_data":8},"model":"onedestiny_mi:ia_auto_gen/consumable_medialuna"},{"predicate":{"custom_model_data":9},"model":"onedestiny/lettuce"},{"predicate":{"custom_model_data":9},"model":"onedestiny_mi:ia_auto_gen/consumable_lettuce"},{"predicate":{"custom_model_data":10},"model":"onedestiny/tomato"},{"predicate":{"custom_model_data":10},"model":"onedestiny_mi:ia_auto_gen/consumable_tomato"},{"predicate":{"custom_model_data":11},"model":"onedestiny/manteca"},{"predicate":{"custom_model_data":11},"model":"onedestiny_mi:ia_auto_gen/consumable_manteca"},{"predicate":{"custom_model_data":12},"model":"onedestiny/limon"},{"predicate":{"custom_model_data":12},"model":"onedestiny_mi:ia_auto_gen/consumable_limon"},{"predicate":{"custom_model_data":13},"model":"onedestiny/huevo_frito"},{"predicate":{"custom_model_data":13},"model":"onedestiny_mi:ia_auto_gen/consumable_huevo_frito"},{"predicate":{"custom_model_data":14},"model":"onedestiny/algodon_de_azucar"},{"predicate":{"custom_model_data":14},"model":"onedestiny_mi:ia_auto_gen/consumable_algodon_de_azucar"},{"predicate":{"custom_model_data":15},"model":"onedestiny/hot_dog"},{"predicate":{"custom_model_data":15},"model":"onedestiny_mi:ia_auto_gen/consumable_hot_dog"},{"predicate":{"custom_model_data":16},"model":"onedestiny/lolipop"},{"predicate":{"custom_model_data":16},"model":"onedestiny_mi:ia_auto_gen/consumable_lolipop"},{"predicate":{"custom_model_data":17},"model":"onedestiny/pasta"},{"predicate":{"custom_model_data":17},"model":"onedestiny_mi:ia_auto_gen/consumable_pasta"},{"predicate":{"custom_model_data":18},"model":"onedestiny/nuddles"},{"predicate":{"custom_model_data":18},"model":"onedestiny_mi:ia_auto_gen/consumable_nuddles"},{"predicate":{"custom_model_data":19},"model":"onedestiny/tomato_and_lettuce"},{"predicate":{"custom_model_data":19},"model":"onedestiny_mi:ia_auto_gen/consumable_tomato_and_lettuce"},{"predicate":{"custom_model_data":20},"model":"onedestiny/bowl_of_salad"},{"predicate":{"custom_model_data":20},"model":"onedestiny_mi:ia_auto_gen/consumable_bowl_of_salad"},{"predicate":{"custom_model_data":21},"model":"onedestiny/chocolate_cake"},{"predicate":{"custom_model_data":21},"model":"onedestiny_mi:ia_auto_gen/consumable_chocolate_cake"},{"predicate":{"custom_model_data":22},"model":"onedestiny/baguette"},{"predicate":{"custom_model_data":22},"model":"onedestiny_mi:ia_auto_gen/consumable_baguette"},{"predicate":{"custom_model_data":23},"model":"onedestiny/elote"},{"predicate":{"custom_model_data":23},"model":"onedestiny_mi:ia_auto_gen/consumable_elote"},{"predicate":{"custom_model_data":24},"model":"onedestiny/maiz"},{"predicate":{"custom_model_data":24},"model":"onedestiny_mi:ia_auto_gen/consumable_maiz"},{"predicate":{"custom_model_data":25},"model":"onedestiny/granos_de_popcorn"},{"predicate":{"custom_model_data":25},"model":"onedestiny_mi:ia_auto_gen/consumable_granos_de_popcorn"},{"predicate":{"custom_model_data":26},"model":"onedestiny/popcorn"},{"predicate":{"custom_model_data":26},"model":"onedestiny_mi:ia_auto_gen/consumable_popcorn"},{"predicate":{"custom_model_data":27},"model":"onedestiny/caramel_popcorn"},{"predicate":{"custom_model_data":27},"model":"onedestiny_mi:ia_auto_gen/consumable_caramel_popcorn"},{"predicate":{"custom_model_data":28},"model":"onedestiny/fruta_de_dragon"},{"predicate":{"custom_model_data":28},"model":"onedestiny_mi:ia_auto_gen/consumable_dragon_fruit"},{"predicate":{"custom_model_data":29},"model":"onedestiny/naranja"},{"predicate":{"custom_model_data":29},"model":"onedestiny_mi:ia_auto_gen/consumable_naranja"},{"predicate":{"custom_model_data":30},"model":"onedestiny/mandarina"},{"predicate":{"custom_model_data":30},"model":"onedestiny_mi:ia_auto_gen/consumable_mandarina"},{"predicate":{"custom_model_data":31},"model":"onedestiny/coliflor"},{"predicate":{"custom_model_data":31},"model":"onedestiny_mi:ia_auto_gen/consumable_coliflor"},{"predicate":{"custom_model_data":32},"model":"onedestiny/brocoli"},{"predicate":{"custom_model_data":32},"model":"onedestiny_mi:ia_auto_gen/consumable_brocoli"},{"predicate":{"custom_model_data":33},"model":"onedestiny/green_apple"},{"predicate":{"custom_model_data":33},"model":"onedestiny_mi:ia_auto_gen/consumable_green_apple"},{"predicate":{"custom_model_data":34},"model":"onedestiny/peach"},{"predicate":{"custom_model_data":34},"model":"onedestiny_mi:ia_auto_gen/consumable_peach"},{"predicate":{"custom_model_data":35},"model":"onedestiny/cebolla"},{"predicate":{"custom_model_data":35},"model":"onedestiny_mi:ia_auto_gen/consumable_cebolla"},{"predicate":{"custom_model_data":36},"model":"onedestiny/chocolate_blanco"},{"predicate":{"custom_model_data":36},"model":"onedestiny_mi:ia_auto_gen/consumable_chocolate_blanco"},{"predicate":{"custom_model_data":37},"model":"onedestiny/ajo"},{"predicate":{"custom_model_data":37},"model":"onedestiny_mi:ia_auto_gen/consumable_ajo"},{"predicate":{"custom_model_data":38},"model":"onedestiny/vanilla_cake"},{"predicate":{"custom_model_data":38},"model":"onedestiny_mi:ia_auto_gen/consumable_vanilla_cake"},{"predicate":{"custom_model_data":39},"model":"onedestiny/corn_candy"},{"predicate":{"custom_model_data":39},"model":"onedestiny_mi:ia_auto_gen/consumable_corn_candy"},{"predicate":{"custom_model_data":40},"model":"onedestiny/bonoboom"},{"predicate":{"custom_model_data":40},"model":"onedestiny_mi:ia_auto_gen/consumable_bonoboom"},{"predicate":{"custom_model_data":41},"model":"onedestiny/slimmies_green"},{"predicate":{"custom_model_data":41},"model":"onedestiny_mi:ia_auto_gen/consumable_slimmies_green"},{"predicate":{"custom_model_data":42},"model":"onedestiny/slimmies_orange"},{"predicate":{"custom_model_data":42},"model":"onedestiny_mi:ia_auto_gen/consumable_slimmies_orange"},{"predicate":{"custom_model_data":43},"model":"onedestiny/slimmies_lightblue"},{"predicate":{"custom_model_data":43},"model":"onedestiny_mi:ia_auto_gen/consumable_slimmies_lightblue"},{"predicate":{"custom_model_data":44},"model":"onedestiny/slimmies_blue"},{"predicate":{"custom_model_data":44},"model":"onedestiny_mi:ia_auto_gen/consumable_slimmies_blue"},{"predicate":{"custom_model_data":45},"model":"onedestiny/slimmies_yellow"},{"predicate":{"custom_model_data":45},"model":"onedestiny_mi:ia_auto_gen/consumable_slimmies_yellow"},{"predicate":{"custom_model_data":46},"model":"onedestiny/slimmies_pink"},{"predicate":{"custom_model_data":46},"model":"onedestiny_mi:ia_auto_gen/consumable_slimmies_pink"},{"predicate":{"custom_model_data":47},"model":"onedestiny/slimmies_red"},{"predicate":{"custom_model_data":47},"model":"onedestiny_mi:ia_auto_gen/consumable_slimmies_red"},{"predicate":{"custom_model_data":48},"model":"onedestiny/slimmies_purple"},{"predicate":{"custom_model_data":48},"model":"onedestiny_mi:ia_auto_gen/consumable_slimmies_purple"},{"predicate":{"custom_model_data":49},"model":"onedestiny/enderfizz"},{"predicate":{"custom_model_data":49},"model":"onedestiny_mi:ia_auto_gen/consumable_enderfizz"},{"predicate":{"custom_model_data":50},"model":"onedestiny/brain"},{"predicate":{"custom_model_data":50},"model":"onedestiny_mi:ia_auto_gen/consumable_brain"},{"predicate":{"custom_model_data":51},"model":"onedestiny/bonies"},{"predicate":{"custom_model_data":51},"model":"onedestiny_mi:ia_auto_gen/consumable_bonies"},{"predicate":{"custom_model_data":52},"model":"onedestiny/spider_candy"},{"predicate":{"custom_model_data":52},"model":"onedestiny_mi:ia_auto_gen/consumable_spider_candy"},{"predicate":{"custom_model_data":53},"model":"onedestiny/dragonz"},{"predicate":{"custom_model_data":53},"model":"onedestiny_mi:ia_auto_gen/consumable_dragonz"},{"predicate":{"custom_model_data":54},"model":"onedestiny/pumpkin_cake"},{"predicate":{"custom_model_data":54},"model":"onedestiny_mi:ia_auto_gen/consumable_pumpkin_cake"},{"predicate":{"custom_model_data":55},"model":"onedestiny/warden_cake"},{"predicate":{"custom_model_data":55},"model":"onedestiny_mi:ia_auto_gen/consumable_warden_cake"},{"predicate":{"custom_model_data":56},"model":"onedestiny/ramas_vanilla"},{"predicate":{"custom_model_data":57},"model":"onedestiny/cloudy_food"},{"predicate":{"custom_model_data":57},"model":"onedestiny_mi:ia_auto_gen/consumable_cloudy_food"},{"predicate":{"custom_model_data":10007},"model":"onedestiny_mi:ia_auto_gen/consumable_cheese"},{"predicate":{"custom_model_data":10008},"model":"item/apple"}]}