{"parent":"minecraft:item/handheld","textures":{"layer0":"minecraft:item/diamond_sword"},"overrides":[{"predicate":{"custom_model_data":1},"model":"onedestiny/ectoplasm_sword"},{"predicate":{"custom_model_data":1},"model":"onedestiny_mi:ia_auto_gen/sword_espada_de_ectoplasma"},{"predicate":{"custom_model_data":2},"model":"onedestiny/giga_rubi_sword"},{"predicate":{"custom_model_data":2},"model":"onedestiny_mi:ia_auto_gen/long_sword_giga_rubi_sword"},{"predicate":{"custom_model_data":3},"model":"onedestiny/big_sword"},{"predicate":{"custom_model_data":4},"model":"onedestiny/bone_sword"},{"predicate":{"custom_model_data":10020},"model":"new_items:ia_auto_gen/mega_diamond_sword"},{"predicate":{"custom_model_data":1450003},"model":"incendium:item/chilling"},{"predicate":{"custom_model_data":1450004},"model":"item/diamond_sword"}]}