{"parent":"item/generated","textures":{"layer0":"item/elytra"},"overrides":[{"predicate":{"broken":1},"model":"item/broken_elytra"},{"predicate":{"broken":1},"model":"item/broken_elytra"},{"predicate":{"custom_model_data":1},"model":"onedestiny/phantom_wings"},{"predicate":{"custom_model_data":1},"model":"onedestiny_mi:ia_auto_gen/armor_phantom_wings"},{"predicate":{"broken":1,"custom_model_data":1},"model":"onedestiny_mi:ia_auto_gen/armor_phantom_wings"},{"predicate":{"custom_model_data":2},"model":"onedestiny/dragon_wings"},{"predicate":{"custom_model_data":2},"model":"onedestiny_mi:ia_auto_gen/armor_dragon_wings"},{"predicate":{"broken":1,"custom_model_data":2},"model":"onedestiny_mi:ia_auto_gen/armor_dragon_wings"},{"predicate":{"custom_model_data":1450201},"model":"incendium:item/infernal_wing"},{"predicate":{"custom_model_data":1450202},"model":"item/elytra"}]}