{"parent":"minecraft:item/generated","textures":{"layer0":"minecraft:item/gold_ingot"},"overrides":[{"predicate":{"custom_model_data":1},"model":"onedestiny/pink_gold_ingot"},{"predicate":{"custom_model_data":1},"model":"onedestiny_mi:ia_auto_gen/material_oro_rosado"},{"predicate":{"custom_model_data":2},"model":"onedestiny/coal_nugget"},{"predicate":{"custom_model_data":2},"model":"onedestiny_mi:ia_auto_gen/material_coal_nugget"},{"predicate":{"custom_model_data":3},"model":"onedestiny/charcoal_nugget"},{"predicate":{"custom_model_data":3},"model":"onedestiny_mi:ia_auto_gen/material_charcoal_nugget"},{"predicate":{"custom_model_data":4},"model":"onedestiny/mini_horno"},{"predicate":{"custom_model_data":4},"model":"onedestiny_mi:ia_auto_gen/material_mini_horno"},{"predicate":{"custom_model_data":5},"model":"onedestiny/mini_smoker"},{"predicate":{"custom_model_data":5},"model":"onedestiny_mi:ia_auto_gen/material_mini_smoker"},{"predicate":{"custom_model_data":6},"model":"item/gold_ingot"}]}