{"parent":"minecraft:item/handheld","textures":{"layer0":"minecraft:item/netherite_sword"},"overrides":[{"predicate":{"custom_model_data":1},"model":"onedestiny/enternal_flame_sword_w"},{"predicate":{"custom_model_data":1},"model":"onedestiny_mi:ia_auto_gen/sword_enternal_flame_sword_w"},{"predicate":{"custom_model_data":2},"model":"onedestiny/enternal_flame_sword_wa"},{"predicate":{"custom_model_data":3},"model":"onedestiny/enternal_flame_sword_wb"},{"predicate":{"custom_model_data":4},"model":"onedestiny/enternal_flame_sword_wc"},{"predicate":{"custom_model_data":5},"model":"onedestiny/enternal_flame_sword_wg"},{"predicate":{"custom_model_data":6},"model":"onedestiny/enternal_flame_sword_wgg"},{"predicate":{"custom_model_data":7},"model":"onedestiny/enternal_flame_sword_wl"},{"predicate":{"custom_model_data":8},"model":"onedestiny/enternal_flame_sword_wlb"},{"predicate":{"custom_model_data":9},"model":"onedestiny/enternal_flame_sword_wm"},{"predicate":{"custom_model_data":10},"model":"onedestiny/enternal_flame_sword_wma"},{"predicate":{"custom_model_data":11},"model":"onedestiny/enternal_flame_sword_wo"},{"predicate":{"custom_model_data":12},"model":"onedestiny/enternal_flame_sword_wp"},{"predicate":{"custom_model_data":13},"model":"onedestiny/enternal_flame_sword_wpi"},{"predicate":{"custom_model_data":14},"model":"onedestiny/enternal_flame_sword_wr"},{"predicate":{"custom_model_data":15},"model":"onedestiny/enternal_flame_sword_ww"},{"predicate":{"custom_model_data":16},"model":"onedestiny/enternal_flame_sword_wy"},{"predicate":{"custom_model_data":17},"model":"onedestiny/enternal_flame_sword_c"},{"predicate":{"custom_model_data":17},"model":"onedestiny_mi:ia_auto_gen/sword_enternal_flame_sword_wa"},{"predicate":{"custom_model_data":18},"model":"onedestiny/enternal_flame_sword_ca"},{"predicate":{"custom_model_data":19},"model":"onedestiny/enternal_flame_sword_cc"},{"predicate":{"custom_model_data":20},"model":"onedestiny/enternal_flame_sword_cg"},{"predicate":{"custom_model_data":22},"model":"onedestiny/enternal_flame_sword_cgg"},{"predicate":{"custom_model_data":23},"model":"onedestiny/enternal_flame_sword_cl"},{"predicate":{"custom_model_data":24},"model":"onedestiny/enternal_flame_sword_clb"},{"predicate":{"custom_model_data":25},"model":"onedestiny/enternal_flame_sword_cm"},{"predicate":{"custom_model_data":26},"model":"onedestiny/enternal_flame_sword_cma"},{"predicate":{"custom_model_data":27},"model":"onedestiny/enternal_flame_sword_cn"},{"predicate":{"custom_model_data":28},"model":"onedestiny/enternal_flame_sword_co"},{"predicate":{"custom_model_data":29},"model":"onedestiny/enternal_flame_sword_cp"},{"predicate":{"custom_model_data":30},"model":"onedestiny/enternal_flame_sword_cpi"},{"predicate":{"custom_model_data":31},"model":"onedestiny/enternal_flame_sword_cr"},{"predicate":{"custom_model_data":32},"model":"onedestiny/enternal_flame_sword_cw"},{"predicate":{"custom_model_data":33},"model":"onedestiny/enternal_flame_sword_cy"},{"predicate":{"custom_model_data":34},"model":"onedestiny/gaia_sword_warped"},{"predicate":{"custom_model_data":34},"model":"onedestiny_mi:ia_auto_gen/sword_gaia_sword_warped"},{"predicate":{"custom_model_data":35},"model":"onedestiny/gaia_sword_crimson"},{"predicate":{"custom_model_data":35},"model":"onedestiny_mi:ia_auto_gen/sword_gaia_sword_crimson"},{"predicate":{"custom_model_data":36},"model":"onedestiny/neutrontite_sword"},{"predicate":{"custom_model_data":36},"model":"onedestiny_mi:ia_auto_gen/sword_neutrontite_sword"},{"predicate":{"custom_model_data":37},"model":"onedestiny/protontite_sword"},{"predicate":{"custom_model_data":37},"model":"onedestiny_mi:ia_auto_gen/sword_protontite_sword"},{"predicate":{"custom_model_data":38},"model":"onedestiny/electrontite_sword"},{"predicate":{"custom_model_data":38},"model":"onedestiny_mi:ia_auto_gen/sword_electrontite_sword"},{"predicate":{"custom_model_data":39},"model":"onedestiny/energytite_sword_crimson"},{"predicate":{"custom_model_data":39},"model":"onedestiny_mi:ia_auto_gen/sword_electrytite_sword_crimson"},{"predicate":{"custom_model_data":40},"model":"onedestiny/energytite_sword_warped"},{"predicate":{"custom_model_data":40},"model":"onedestiny_mi:ia_auto_gen/sword_electrytite_sword_warped"},{"predicate":{"custom_model_data":41},"model":"onedestiny/meat_sword"},{"predicate":{"custom_model_data":41},"model":"onedestiny_mi:ia_auto_gen/sword_meat_sword"},{"predicate":{"custom_model_data":42},"model":"onedestiny/atomic_sword"},{"predicate":{"custom_model_data":42},"model":"onedestiny_mi:ia_auto_gen/sword_atomic_sword"},{"predicate":{"custom_model_data":43},"model":"onedestiny/destructive_sword"},{"predicate":{"custom_model_data":43},"model":"onedestiny_mi:ia_auto_gen/sword_destructive_sword"},{"predicate":{"custom_model_data":44},"model":"onedestiny/meat_hammer"},{"predicate":{"custom_model_data":45},"model":"onedestiny/jasper_daga"},{"predicate":{"custom_model_data":45},"model":"onedestiny_mi:ia_auto_gen/dagger_jasper_daga"},{"predicate":{"custom_model_data":46},"model":"onedestiny/sapphire_sword"},{"predicate":{"custom_model_data":46},"model":"onedestiny_mi:ia_auto_gen/katana_sapphire_katana"},{"predicate":{"custom_model_data":47},"model":"onedestiny/doble_garnet_sword"},{"predicate":{"custom_model_data":47},"model":"onedestiny_mi:ia_auto_gen/sword_doble_garnet_sword"},{"predicate":{"custom_model_data":10000},"model":"new_items:ia_auto_gen/amethyst_sword"},{"predicate":{"custom_model_data":10001},"model":"new_items:ia_auto_gen/fire_sword"},{"predicate":{"custom_model_data":10002},"model":"new_items:ia_auto_gen/gust_sword"},{"predicate":{"custom_model_data":1450000},"model":"incendium:item/patron/daybreaker"},{"predicate":{"custom_model_data":1450001},"model":"incendium:item/patron/witherblade"},{"predicate":{"custom_model_data":1450003},"model":"incendium:item/chilling"},{"predicate":{"custom_model_data":1450004},"model":"incendium:item/sacrifice"},{"predicate":{"custom_model_data":1450005},"model":"incendium:item/vampire"},{"predicate":{"custom_model_data":1450006},"model":"item/netherite_sword"}]}