{"parent":"minecraft:item/generated","textures":{"layer0":"minecraft:item/raw_iron"},"overrides":[{"predicate":{"custom_model_data":1},"model":"onedestiny/raw_ectoplasm"},{"predicate":{"custom_model_data":1},"model":"onedestiny_mi:ia_auto_gen/material_ectoplasma_crudo"},{"predicate":{"custom_model_data":2},"model":"onedestiny/raw_prismarine"},{"predicate":{"custom_model_data":2},"model":"onedestiny_mi:ia_auto_gen/material_raw_prismarine"},{"predicate":{"custom_model_data":3},"model":"item/raw_iron"}]}