{"parent":"item/handheld","textures":{"layer0":"item/stick"},"overrides":[{"predicate":{"custom_model_data":1},"model":"wolf/toastcannon"},{"predicate":{"custom_model_data":1},"model":"onedestiny_mi:ia_auto_gen/bow_toast"},{"predicate":{"custom_model_data":2},"model":"onedestiny/baston_de_corazones"},{"predicate":{"custom_model_data":2},"model":"onedestiny_mi:ia_auto_gen/sword_baston_de_corazones"},{"predicate":{"custom_model_data":3},"model":"onedestiny/staff_of_pure_heart"},{"predicate":{"custom_model_data":3},"model":"onedestiny_mi:ia_auto_gen/staff_rose_staff"},{"predicate":{"custom_model_data":4},"model":"onedestiny/warped_stick"},{"predicate":{"custom_model_data":4},"model":"onedestiny_mi:ia_auto_gen/material_warped_stick"},{"predicate":{"custom_model_data":5},"model":"onedestiny/crimson_stick"},{"predicate":{"custom_model_data":5},"model":"onedestiny_mi:ia_auto_gen/material_crimson_stick"},{"predicate":{"custom_model_data":6},"model":"onedestiny/staff_of_sorrow"},{"predicate":{"custom_model_data":6},"model":"onedestiny_mi:ia_auto_gen/staff_staff_sorrow"},{"predicate":{"custom_model_data":10071},"model":"new_items:ia_auto_gen/staff_of_ender"},{"predicate":{"custom_model_data":10072},"model":"item/stick"}]}