{"textures":{"2":"modelengine:entity/obelix"},"elements":[{"from":[3.4285712,11.142858,6.857143],"to":[5.714286,14.571428,9.142858],"rotation":{"angle":45.0,"axis":"x","origin":[5.142857,14.0,8.0]},"faces":{"east":{"uv":[8.0,13.0,9.0,14.5],"rotation":0,"texture":"#2","tintindex":0},"south":{"uv":[11.0,13.0,12.0,14.5],"rotation":0,"texture":"#2","tintindex":0},"north":{"uv":[9.0,13.0,10.0,14.5],"rotation":0,"texture":"#2","tintindex":0},"west":{"uv":[10.0,13.0,11.0,14.5],"rotation":0,"texture":"#2","tintindex":0},"up":{"uv":[10.0,13.0,9.0,12.0],"rotation":0,"texture":"#2","tintindex":0},"down":{"uv":[10.0,12.0,11.0,13.0],"rotation":0,"texture":"#2","tintindex":0}}},{"from":[3.4314284,11.17443,3.3621025],"to":[5.7114286,13.454431,6.78496],"rotation":{"angle":22.5,"axis":"x","origin":[4.5714283,11.171573,6.787817]},"faces":{"east":{"uv":[8.0,16.0,9.0,14.5],"rotation":90,"texture":"#2","tintindex":0},"south":{"uv":[10.0,12.0,9.25,13.0],"rotation":0,"texture":"#2","tintindex":0},"north":{"uv":[10.0,12.0,11.0,13.0],"rotation":0,"texture":"#2","tintindex":0},"west":{"uv":[10.0,14.5,11.0,16.0],"rotation":90,"texture":"#2","tintindex":0},"up":{"uv":[10.0,16.0,9.0,14.5],"rotation":0,"texture":"#2","tintindex":0},"down":{"uv":[11.0,14.5,12.0,16.0],"rotation":0,"texture":"#2","tintindex":0}}},{"from":[5.714286,7.714286,6.857143],"to":[10.285714,14.571428,9.142858],"rotation":{"angle":0.0,"axis":"y","origin":[8.0,0.85714245,8.0]},"faces":{"east":{"uv":[4.0,5.0,5.0,8.0],"rotation":0,"texture":"#2","tintindex":0},"south":{"uv":[8.0,5.0,10.0,8.0],"rotation":0,"texture":"#2","tintindex":0},"north":{"uv":[5.0,5.0,7.0,8.0],"rotation":0,"texture":"#2","tintindex":0},"west":{"uv":[7.0,5.0,8.0,8.0],"rotation":0,"texture":"#2","tintindex":0},"up":{"uv":[7.0,5.0,5.0,4.0],"rotation":0,"texture":"#2","tintindex":0},"down":{"uv":[9.0,4.0,7.0,5.0],"rotation":0,"texture":"#2","tintindex":0}}}],"display":{"head":{"translation":[0.0,-6.4,0.0],"scale":[4.0,4.0,4.0]}}}