{"textures":{"0":"modelengine:entity/dummy_teemo_red"},"elements":[{"from":[5.142857,6.857143,5.3301077],"to":[7.428571,9.142858,5.901536],"rotation":{"angle":22.5,"axis":"y","origin":[6.5714283,8.0,5.4729643]},"faces":{"east":{"uv":[12.25,5.75,12.5,6.75],"rotation":0,"texture":"#0","tintindex":0},"south":{"uv":[10.0,9.75,11.0,10.75],"rotation":0,"texture":"#0","tintindex":0},"north":{"uv":[10.0,8.75,11.0,9.75],"rotation":0,"texture":"#0","tintindex":0},"west":{"uv":[6.5,12.25,6.75,13.25],"rotation":0,"texture":"#0","tintindex":0},"up":{"uv":[13.25,7.5,12.25,7.25],"rotation":0,"texture":"#0","tintindex":0},"down":{"uv":[13.25,7.5,12.25,7.75],"rotation":0,"texture":"#0","tintindex":0}}},{"from":[8.571428,6.857143,5.3301077],"to":[10.857143,9.142858,5.901536],"rotation":{"angle":-22.5,"axis":"y","origin":[9.428572,8.0,5.4729643]},"faces":{"east":{"uv":[1.0,12.25,1.25,13.25],"rotation":0,"texture":"#0","tintindex":0},"south":{"uv":[8.0,9.75,9.0,10.75],"rotation":0,"texture":"#0","tintindex":0},"north":{"uv":[7.0,9.75,8.0,10.75],"rotation":0,"texture":"#0","tintindex":0},"west":{"uv":[1.25,12.25,1.5,13.25],"rotation":0,"texture":"#0","tintindex":0},"up":{"uv":[13.25,5.5,12.25,5.25],"rotation":0,"texture":"#0","tintindex":0},"down":{"uv":[13.25,5.5,12.25,5.75],"rotation":0,"texture":"#0","tintindex":0}}}],"display":{"head":{"translation":[0.0,-6.4,0.0],"scale":[4.0,4.0,4.0]}}}