{"textures":{"0":"modelengine:entity/shroominvis"},"elements":[{"from":[6.857143,1.9999995,6.857143],"to":[9.142858,6.0,9.142858],"rotation":{"angle":0.0,"axis":"y","origin":[8.0,1.9999995,8.0]},"faces":{"east":{"uv":[8.0,0.0,8.5,1.25],"rotation":0,"texture":"#0","tintindex":0},"south":{"uv":[0.5,8.0,1.0,9.25],"rotation":0,"texture":"#0","tintindex":0},"north":{"uv":[0.0,8.0,0.5,9.25],"rotation":0,"texture":"#0","tintindex":0},"west":{"uv":[1.0,8.0,1.5,9.25],"rotation":0,"texture":"#0","tintindex":0},"up":{"uv":[8.5,1.75,8.0,1.25],"rotation":0,"texture":"#0","tintindex":0},"down":{"uv":[2.0,8.0,1.5,8.5],"rotation":0,"texture":"#0","tintindex":0}}},{"from":[4.0,6.0,4.0],"to":[12.0,10.0,12.0],"rotation":{"angle":0.0,"axis":"y","origin":[8.0,8.0,8.0]},"faces":{"east":{"uv":[4.0,2.25,8.0,4.5],"rotation":0,"texture":"#0","tintindex":0},"south":{"uv":[4.0,4.5,8.0,6.75],"rotation":0,"texture":"#0","tintindex":0},"north":{"uv":[4.0,0.0,8.0,2.25],"rotation":0,"texture":"#0","tintindex":0},"west":{"uv":[4.0,6.75,8.0,9.0],"rotation":0,"texture":"#0","tintindex":0},"up":{"uv":[4.0,4.0,0.0,0.0],"rotation":0,"texture":"#0","tintindex":0},"down":{"uv":[4.0,4.0,0.0,8.0],"rotation":0,"texture":"#0","tintindex":0}}}],"display":{"head":{"translation":[0.0,-6.4,0.0],"scale":[4.0,4.0,4.0]}}}