{"credit":"Made with Blockbench","texture_size":[256,256],"textures":{"0":"omstore:valentine2024/teddy_bear","particle":"omstore:valentine2024/teddy_bear"},"elements":[{"from":[4.15509,3.7549,3.5],"to":[8.15509,3.7549,6.5],"rotation":{"angle":22.5,"axis":"z","origin":[13.15509,0.7549,5]},"faces":{"north":{"uv":[15.625,0,15.8125,0.3125],"rotation":270,"texture":"#0"},"east":{"uv":[15.8125,0,15.625,0.3125],"rotation":90,"texture":"#0"},"south":{"uv":[15.625,0,15.8125,0.3125],"rotation":90,"texture":"#0"},"west":{"uv":[15.8125,0,15.625,0.3125],"rotation":90,"texture":"#0"},"up":{"uv":[16,0,15.8125,0.25],"rotation":90,"texture":"#0"},"down":{"uv":[16,0,15.8125,0.25],"rotation":90,"texture":"#0"}}},{"from":[6,2.07468,5.64013],"to":[9,2.07468,9.64013],"rotation":{"angle":22.5,"axis":"x","origin":[11.5,2.07468,4.39013]},"faces":{"north":{"uv":[15.8125,0,15.625,0.3125],"rotation":90,"texture":"#0"},"east":{"uv":[15.625,0,15.8125,0.3125],"rotation":90,"texture":"#0"},"south":{"uv":[15.8125,0,15.625,0.3125],"rotation":90,"texture":"#0"},"west":{"uv":[15.625,0,15.8125,0.3125],"rotation":270,"texture":"#0"},"up":{"uv":[16,0,15.8125,0.25],"texture":"#0"},"down":{"uv":[16,0,15.8125,0.25],"rotation":180,"texture":"#0"}}},{"from":[6,4.57468,0.85987],"to":[9,4.57468,4.85987],"rotation":{"angle":-22.5,"axis":"x","origin":[11.5,2.07468,12.60987]},"faces":{"north":{"uv":[15.8125,0.3125,15.625,0],"rotation":90,"texture":"#0"},"east":{"uv":[15.625,0.3125,15.8125,0],"rotation":90,"texture":"#0"},"south":{"uv":[15.8125,0.3125,15.625,0],"rotation":90,"texture":"#0"},"west":{"uv":[15.625,0.3125,15.8125,0],"rotation":270,"texture":"#0"},"up":{"uv":[16,0.25,15.8125,0],"texture":"#0"},"down":{"uv":[16,0.25,15.8125,0],"rotation":180,"texture":"#0"}}},{"from":[7.23463,0.84776,3.5],"to":[11.23463,0.84776,6.5],"rotation":{"angle":-22.5,"axis":"z","origin":[9.23463,0.84776,5]},"faces":{"north":{"uv":[15.8125,0,15.625,0.3125],"rotation":90,"texture":"#0"},"east":{"uv":[15.625,0,15.8125,0.3125],"rotation":270,"texture":"#0"},"south":{"uv":[15.8125,0,15.625,0.3125],"rotation":270,"texture":"#0"},"west":{"uv":[15.625,0,15.8125,0.3125],"rotation":270,"texture":"#0"},"up":{"uv":[15.8125,0,16,0.25],"rotation":270,"texture":"#0"},"down":{"uv":[15.8125,0,16,0.25],"rotation":270,"texture":"#0"}}},{"from":[9.15509,3.7549,5.5],"to":[13.15509,3.7549,8.5],"rotation":{"angle":22.5,"axis":"z","origin":[18.15509,0.7549,7]},"faces":{"north":{"uv":[15.625,0,15.8125,0.3125],"rotation":270,"texture":"#0"},"east":{"uv":[15.8125,0,15.625,0.3125],"rotation":90,"texture":"#0"},"south":{"uv":[15.625,0,15.8125,0.3125],"rotation":90,"texture":"#0"},"west":{"uv":[15.8125,0,15.625,0.3125],"rotation":90,"texture":"#0"},"up":{"uv":[16,0,15.8125,0.25],"rotation":90,"texture":"#0"},"down":{"uv":[16,0,15.8125,0.25],"rotation":90,"texture":"#0"}}},{"from":[11,2.07468,7.64013],"to":[14,2.07468,11.64013],"rotation":{"angle":22.5,"axis":"x","origin":[16.5,2.07468,6.39013]},"faces":{"north":{"uv":[15.8125,0,15.625,0.3125],"rotation":90,"texture":"#0"},"east":{"uv":[15.625,0,15.8125,0.3125],"rotation":90,"texture":"#0"},"south":{"uv":[15.8125,0,15.625,0.3125],"rotation":90,"texture":"#0"},"west":{"uv":[15.625,0,15.8125,0.3125],"rotation":270,"texture":"#0"},"up":{"uv":[16,0,15.8125,0.25],"texture":"#0"},"down":{"uv":[16,0,15.8125,0.25],"rotation":180,"texture":"#0"}}},{"from":[12.23463,0.84776,5.5],"to":[16.23463,0.84776,8.5],"rotation":{"angle":-22.5,"axis":"z","origin":[14.23463,0.84776,7]},"faces":{"north":{"uv":[15.8125,0,15.625,0.3125],"rotation":90,"texture":"#0"},"east":{"uv":[15.625,0,15.8125,0.3125],"rotation":270,"texture":"#0"},"south":{"uv":[15.8125,0,15.625,0.3125],"rotation":270,"texture":"#0"},"west":{"uv":[15.625,0,15.8125,0.3125],"rotation":270,"texture":"#0"},"up":{"uv":[15.8125,0,16,0.25],"rotation":270,"texture":"#0"},"down":{"uv":[15.8125,0,16,0.25],"rotation":270,"texture":"#0"}}},{"from":[11,4.57468,2.85987],"to":[14,4.57468,6.85987],"rotation":{"angle":-22.5,"axis":"x","origin":[16.5,2.07468,14.60987]},"faces":{"north":{"uv":[15.8125,0.3125,15.625,0],"rotation":90,"texture":"#0"},"east":{"uv":[15.625,0.3125,15.8125,0],"rotation":90,"texture":"#0"},"south":{"uv":[15.8125,0.3125,15.625,0],"rotation":90,"texture":"#0"},"west":{"uv":[15.625,0.3125,15.8125,0],"rotation":270,"texture":"#0"},"up":{"uv":[16,0.25,15.8125,0],"texture":"#0"},"down":{"uv":[16,0.25,15.8125,0],"rotation":180,"texture":"#0"}}},{"from":[5.15509,3.7549,9.5],"to":[9.15509,3.7549,12.5],"rotation":{"angle":22.5,"axis":"z","origin":[14.15509,0.7549,11]},"faces":{"north":{"uv":[15.625,0,15.8125,0.3125],"rotation":270,"texture":"#0"},"east":{"uv":[15.8125,0,15.625,0.3125],"rotation":90,"texture":"#0"},"south":{"uv":[15.625,0,15.8125,0.3125],"rotation":90,"texture":"#0"},"west":{"uv":[15.8125,0,15.625,0.3125],"rotation":90,"texture":"#0"},"up":{"uv":[16,0,15.8125,0.25],"rotation":90,"texture":"#0"},"down":{"uv":[16,0,15.8125,0.25],"rotation":90,"texture":"#0"}}},{"from":[7,2.07468,11.64013],"to":[10,2.07468,15.64013],"rotation":{"angle":22.5,"axis":"x","origin":[12.5,2.07468,10.39013]},"faces":{"north":{"uv":[15.8125,0,15.625,0.3125],"rotation":90,"texture":"#0"},"east":{"uv":[15.625,0,15.8125,0.3125],"rotation":90,"texture":"#0"},"south":{"uv":[15.8125,0,15.625,0.3125],"rotation":90,"texture":"#0"},"west":{"uv":[15.625,0,15.8125,0.3125],"rotation":270,"texture":"#0"},"up":{"uv":[16,0,15.8125,0.25],"texture":"#0"},"down":{"uv":[16,0,15.8125,0.25],"rotation":180,"texture":"#0"}}},{"from":[8.23463,0.84776,9.5],"to":[12.23463,0.84776,12.5],"rotation":{"angle":-22.5,"axis":"z","origin":[10.23463,0.84776,11]},"faces":{"north":{"uv":[15.8125,0,15.625,0.3125],"rotation":90,"texture":"#0"},"east":{"uv":[15.625,0,15.8125,0.3125],"rotation":270,"texture":"#0"},"south":{"uv":[15.8125,0,15.625,0.3125],"rotation":270,"texture":"#0"},"west":{"uv":[15.625,0,15.8125,0.3125],"rotation":270,"texture":"#0"},"up":{"uv":[15.8125,0,16,0.25],"rotation":270,"texture":"#0"},"down":{"uv":[15.8125,0,16,0.25],"rotation":270,"texture":"#0"}}},{"from":[7,4.57468,6.85987],"to":[10,4.57468,10.85987],"rotation":{"angle":-22.5,"axis":"x","origin":[12.5,2.07468,18.60987]},"faces":{"north":{"uv":[15.8125,0.3125,15.625,0],"rotation":90,"texture":"#0"},"east":{"uv":[15.625,0.3125,15.8125,0],"rotation":90,"texture":"#0"},"south":{"uv":[15.8125,0.3125,15.625,0],"rotation":90,"texture":"#0"},"west":{"uv":[15.625,0.3125,15.8125,0],"rotation":270,"texture":"#0"},"up":{"uv":[16,0.25,15.8125,0],"texture":"#0"},"down":{"uv":[16,0.25,15.8125,0],"rotation":180,"texture":"#0"}}},{"from":[0.15509,3.7549,6.5],"to":[4.15509,3.7549,9.5],"rotation":{"angle":22.5,"axis":"z","origin":[9.15509,0.7549,8]},"faces":{"north":{"uv":[15.625,0,15.8125,0.3125],"rotation":270,"texture":"#0"},"east":{"uv":[15.8125,0,15.625,0.3125],"rotation":90,"texture":"#0"},"south":{"uv":[15.625,0,15.8125,0.3125],"rotation":90,"texture":"#0"},"west":{"uv":[15.8125,0,15.625,0.3125],"rotation":90,"texture":"#0"},"up":{"uv":[16,0,15.8125,0.25],"rotation":90,"texture":"#0"},"down":{"uv":[16,0,15.8125,0.25],"rotation":90,"texture":"#0"}}},{"from":[2,2.07468,8.64013],"to":[5,2.07468,12.64013],"rotation":{"angle":22.5,"axis":"x","origin":[7.5,2.07468,7.39013]},"faces":{"north":{"uv":[15.8125,0,15.625,0.3125],"rotation":90,"texture":"#0"},"east":{"uv":[15.625,0,15.8125,0.3125],"rotation":90,"texture":"#0"},"south":{"uv":[15.8125,0,15.625,0.3125],"rotation":90,"texture":"#0"},"west":{"uv":[15.625,0,15.8125,0.3125],"rotation":270,"texture":"#0"},"up":{"uv":[16,0,15.8125,0.25],"texture":"#0"},"down":{"uv":[16,0,15.8125,0.25],"rotation":180,"texture":"#0"}}},{"from":[3.23463,0.84776,6.5],"to":[7.23463,0.84776,9.5],"rotation":{"angle":-22.5,"axis":"z","origin":[5.23463,0.84776,8]},"faces":{"north":{"uv":[15.8125,0,15.625,0.3125],"rotation":90,"texture":"#0"},"east":{"uv":[15.625,0,15.8125,0.3125],"rotation":270,"texture":"#0"},"south":{"uv":[15.8125,0,15.625,0.3125],"rotation":270,"texture":"#0"},"west":{"uv":[15.625,0,15.8125,0.3125],"rotation":270,"texture":"#0"},"up":{"uv":[15.8125,0,16,0.25],"rotation":270,"texture":"#0"},"down":{"uv":[15.8125,0,16,0.25],"rotation":270,"texture":"#0"}}},{"from":[2,4.57468,3.85987],"to":[5,4.57468,7.85987],"rotation":{"angle":-22.5,"axis":"x","origin":[7.5,2.07468,15.60987]},"faces":{"north":{"uv":[15.8125,0.3125,15.625,0],"rotation":90,"texture":"#0"},"east":{"uv":[15.625,0.3125,15.8125,0],"rotation":90,"texture":"#0"},"south":{"uv":[15.8125,0.3125,15.625,0],"rotation":90,"texture":"#0"},"west":{"uv":[15.625,0.3125,15.8125,0],"rotation":270,"texture":"#0"},"up":{"uv":[16,0.25,15.8125,0],"texture":"#0"},"down":{"uv":[16,0.25,15.8125,0],"rotation":180,"texture":"#0"}}},{"from":[3.15509,4.7549,6.5],"to":[7.15509,4.7549,9.5],"rotation":{"angle":22.5,"axis":"z","origin":[12.15509,1.7549,8]},"faces":{"north":{"uv":[15.625,0,15.8125,0.3125],"rotation":270,"texture":"#0"},"east":{"uv":[15.8125,0,15.625,0.3125],"rotation":90,"texture":"#0"},"south":{"uv":[15.625,0,15.8125,0.3125],"rotation":90,"texture":"#0"},"west":{"uv":[15.8125,0,15.625,0.3125],"rotation":90,"texture":"#0"},"up":{"uv":[16,0,15.8125,0.25],"rotation":90,"texture":"#0"},"down":{"uv":[16,0,15.8125,0.25],"rotation":90,"texture":"#0"}}},{"from":[5,3.07468,8.64013],"to":[8,3.07468,12.64013],"rotation":{"angle":22.5,"axis":"x","origin":[10.5,3.07468,7.39013]},"faces":{"north":{"uv":[15.8125,0,15.625,0.3125],"rotation":90,"texture":"#0"},"east":{"uv":[15.625,0,15.8125,0.3125],"rotation":90,"texture":"#0"},"south":{"uv":[15.8125,0,15.625,0.3125],"rotation":90,"texture":"#0"},"west":{"uv":[15.625,0,15.8125,0.3125],"rotation":270,"texture":"#0"},"up":{"uv":[16,0,15.8125,0.25],"texture":"#0"},"down":{"uv":[16,0,15.8125,0.25],"rotation":180,"texture":"#0"}}},{"from":[6.23463,1.84776,6.5],"to":[10.23463,1.84776,9.5],"rotation":{"angle":-22.5,"axis":"z","origin":[8.23463,1.84776,8]},"faces":{"north":{"uv":[15.8125,0,15.625,0.3125],"rotation":90,"texture":"#0"},"east":{"uv":[15.625,0,15.8125,0.3125],"rotation":270,"texture":"#0"},"south":{"uv":[15.8125,0,15.625,0.3125],"rotation":270,"texture":"#0"},"west":{"uv":[15.625,0,15.8125,0.3125],"rotation":270,"texture":"#0"},"up":{"uv":[15.8125,0,16,0.25],"rotation":270,"texture":"#0"},"down":{"uv":[15.8125,0,16,0.25],"rotation":270,"texture":"#0"}}},{"from":[5,5.57468,3.85987],"to":[8,5.57468,7.85987],"rotation":{"angle":-22.5,"axis":"x","origin":[10.5,3.07468,15.60987]},"faces":{"north":{"uv":[15.8125,0.3125,15.625,0],"rotation":90,"texture":"#0"},"east":{"uv":[15.625,0.3125,15.8125,0],"rotation":90,"texture":"#0"},"south":{"uv":[15.8125,0.3125,15.625,0],"rotation":90,"texture":"#0"},"west":{"uv":[15.625,0.3125,15.8125,0],"rotation":270,"texture":"#0"},"up":{"uv":[16,0.25,15.8125,0],"texture":"#0"},"down":{"uv":[16,0.25,15.8125,0],"rotation":180,"texture":"#0"}}},{"from":[6.15509,4.7549,6.5],"to":[10.15509,4.7549,9.5],"rotation":{"angle":22.5,"axis":"z","origin":[15.15509,1.7549,8]},"faces":{"north":{"uv":[15.625,0,15.8125,0.3125],"rotation":270,"texture":"#0"},"east":{"uv":[15.8125,0,15.625,0.3125],"rotation":90,"texture":"#0"},"south":{"uv":[15.625,0,15.8125,0.3125],"rotation":90,"texture":"#0"},"west":{"uv":[15.8125,0,15.625,0.3125],"rotation":90,"texture":"#0"},"up":{"uv":[16,0,15.8125,0.25],"rotation":90,"texture":"#0"},"down":{"uv":[16,0,15.8125,0.25],"rotation":90,"texture":"#0"}}},{"from":[8,3.07468,8.64013],"to":[11,3.07468,12.64013],"rotation":{"angle":22.5,"axis":"x","origin":[13.5,3.07468,7.39013]},"faces":{"north":{"uv":[15.8125,0,15.625,0.3125],"rotation":90,"texture":"#0"},"east":{"uv":[15.625,0,15.8125,0.3125],"rotation":90,"texture":"#0"},"south":{"uv":[15.8125,0,15.625,0.3125],"rotation":90,"texture":"#0"},"west":{"uv":[15.625,0,15.8125,0.3125],"rotation":270,"texture":"#0"},"up":{"uv":[16,0,15.8125,0.25],"texture":"#0"},"down":{"uv":[16,0,15.8125,0.25],"rotation":180,"texture":"#0"}}},{"from":[5,2.07468,6.14013],"to":[8,2.07468,10.14013],"rotation":{"angle":45,"axis":"x","origin":[13.5,3.07468,7.39013]},"faces":{"north":{"uv":[15.625,0.375,15.4375,0.625],"texture":"#0"},"east":{"uv":[15.625,0.375,15.4375,0.625],"texture":"#0"},"south":{"uv":[15.625,0.375,15.4375,0.625],"texture":"#0"},"west":{"uv":[15.625,0.375,15.4375,0.625],"texture":"#0"},"up":{"uv":[15.625,0.375,15.4375,0.625],"texture":"#0"},"down":{"uv":[15.625,0.375,15.4375,0.625],"texture":"#0"}}},{"from":[9,0.82468,6.39013],"to":[12,0.82468,10.39013],"rotation":{"angle":45,"axis":"x","origin":[13.5,3.07468,7.39013]},"faces":{"north":{"uv":[15.625,0.375,15.4375,0.625],"texture":"#0"},"east":{"uv":[15.625,0.375,15.4375,0.625],"texture":"#0"},"south":{"uv":[15.625,0.375,15.4375,0.625],"texture":"#0"},"west":{"uv":[15.625,0.375,15.4375,0.625],"texture":"#0"},"up":{"uv":[15.625,0.375,15.4375,0.625],"texture":"#0"},"down":{"uv":[15.625,0.375,15.4375,0.625],"texture":"#0"}}},{"from":[5,0.82468,6.60987],"to":[8,0.82468,10.60987],"rotation":{"angle":-45,"axis":"x","origin":[3.5,3.07468,9.60987]},"faces":{"north":{"uv":[15.625,0.375,15.4375,0.625],"texture":"#0"},"east":{"uv":[15.625,0.375,15.4375,0.625],"texture":"#0"},"south":{"uv":[15.625,0.375,15.4375,0.625],"texture":"#0"},"west":{"uv":[15.625,0.375,15.4375,0.625],"texture":"#0"},"up":{"uv":[15.4375,0.625,15.625,0.375],"texture":"#0"},"down":{"uv":[15.4375,0.625,15.625,0.375],"texture":"#0"}}},{"from":[9,1.57468,6.60987],"to":[12,1.57468,10.60987],"rotation":{"angle":-45,"axis":"x","origin":[3.5,3.07468,9.60987]},"faces":{"north":{"uv":[15.625,0.375,15.4375,0.625],"texture":"#0"},"east":{"uv":[15.625,0.375,15.4375,0.625],"texture":"#0"},"south":{"uv":[15.625,0.375,15.4375,0.625],"texture":"#0"},"west":{"uv":[15.625,0.375,15.4375,0.625],"texture":"#0"},"up":{"uv":[15.4375,0.625,15.625,0.375],"texture":"#0"},"down":{"uv":[15.4375,0.625,15.625,0.375],"texture":"#0"}}},{"from":[6.5,2.57468,5.85987],"to":[9.5,2.57468,9.85987],"rotation":{"angle":0,"axis":"x","origin":[3.5,3.07468,9.60987]},"faces":{"north":{"uv":[15.625,0.375,15.4375,0.625],"texture":"#0"},"east":{"uv":[15.625,0.375,15.4375,0.625],"texture":"#0"},"south":{"uv":[15.625,0.375,15.4375,0.625],"texture":"#0"},"west":{"uv":[15.625,0.375,15.4375,0.625],"texture":"#0"},"up":{"uv":[15.4375,0.625,15.625,0.375],"texture":"#0"},"down":{"uv":[15.4375,0.625,15.625,0.375],"texture":"#0"}}},{"from":[9.5,0.02,13.85987],"to":[12.5,0.02,17.85987],"rotation":{"angle":22.5,"axis":"y","origin":[3.5,3.07468,9.60987]},"faces":{"north":{"uv":[15.625,0.375,15.4375,0.625],"texture":"#0"},"east":{"uv":[15.625,0.375,15.4375,0.625],"texture":"#0"},"south":{"uv":[15.625,0.375,15.4375,0.625],"texture":"#0"},"west":{"uv":[15.625,0.375,15.4375,0.625],"texture":"#0"},"up":{"uv":[15.4375,0.625,15.625,0.375],"texture":"#0"},"down":{"uv":[15.4375,0.625,15.625,0.375],"texture":"#0"}}},{"from":[4.5,0.02,-0.14013],"to":[7.5,0.02,3.85987],"rotation":{"angle":22.5,"axis":"y","origin":[3.5,3.07468,9.60987]},"faces":{"north":{"uv":[15.625,0.375,15.4375,0.625],"texture":"#0"},"east":{"uv":[15.625,0.375,15.4375,0.625],"texture":"#0"},"south":{"uv":[15.625,0.375,15.4375,0.625],"texture":"#0"},"west":{"uv":[15.625,0.375,15.4375,0.625],"texture":"#0"},"up":{"uv":[15.4375,0.625,15.625,0.375],"texture":"#0"},"down":{"uv":[15.4375,0.625,15.625,0.375],"texture":"#0"}}},{"from":[9.23463,1.84776,6.5],"to":[13.23463,1.84776,9.5],"rotation":{"angle":-22.5,"axis":"z","origin":[11.23463,1.84776,8]},"faces":{"north":{"uv":[15.8125,0,15.625,0.3125],"rotation":90,"texture":"#0"},"east":{"uv":[15.625,0,15.8125,0.3125],"rotation":270,"texture":"#0"},"south":{"uv":[15.8125,0,15.625,0.3125],"rotation":270,"texture":"#0"},"west":{"uv":[15.625,0,15.8125,0.3125],"rotation":270,"texture":"#0"},"up":{"uv":[15.8125,0,16,0.25],"rotation":270,"texture":"#0"},"down":{"uv":[15.8125,0,16,0.25],"rotation":270,"texture":"#0"}}},{"from":[8,5.57468,3.85987],"to":[11,5.57468,7.85987],"rotation":{"angle":-22.5,"axis":"x","origin":[13.5,3.07468,15.60987]},"faces":{"north":{"uv":[15.8125,0.3125,15.625,0],"rotation":90,"texture":"#0"},"east":{"uv":[15.625,0.3125,15.8125,0],"rotation":90,"texture":"#0"},"south":{"uv":[15.8125,0.3125,15.625,0],"rotation":90,"texture":"#0"},"west":{"uv":[15.625,0.3125,15.8125,0],"rotation":270,"texture":"#0"},"up":{"uv":[16,0.25,15.8125,0],"texture":"#0"},"down":{"uv":[16,0.25,15.8125,0],"rotation":180,"texture":"#0"}}}],"display":{"thirdperson_righthand":{"translation":[0,-1.25,0]},"head":{"translation":[47,-17.25,4.25],"scale":[3.2,3.2,3.2]},"fixed":{"rotation":[-90,0,0],"translation":[2,0.5,-16],"scale":[2,2,2]}},"mcmodels":"8e4c423fb58c357791954bf791afbaa1"}