{"credit":"Made with Blockbench","texture_size":[256,256],"textures":{"0":"omstore:valentine2024/teddy_bear","particle":"omstore:valentine2024/teddy_bear"},"elements":[{"from":[6,12,4.5],"to":[9,17,7.5],"rotation":{"angle":0,"axis":"x","origin":[7.5,14.5,6]},"faces":{"north":{"uv":[15.8125,0,15.625,0.3125],"texture":"#0"},"east":{"uv":[15.625,0,15.8125,0.3125],"texture":"#0"},"south":{"uv":[15.8125,0,15.625,0.3125],"texture":"#0"},"west":{"uv":[15.625,0,15.8125,0.3125],"texture":"#0"},"up":{"uv":[15.4375,0,15.625,0.1875],"texture":"#0"},"down":{"uv":[15.625,0,15.8125,0.1875],"texture":"#0"}}},{"from":[8.2544,9.16637,4.5],"to":[8.2544,13.16637,7.5],"rotation":{"angle":22.5,"axis":"z","origin":[0.0044,4.91637,0.5]},"faces":{"north":{"uv":[15.8125,0,15.625,0.3125],"texture":"#0"},"east":{"uv":[15.8125,0,16,0.25],"texture":"#0"},"south":{"uv":[15.8125,0,15.625,0.3125],"texture":"#0"},"west":{"uv":[15.8125,0,16,0.25],"texture":"#0"},"up":{"uv":[15.625,0,15.8125,0.3125],"texture":"#0"},"down":{"uv":[15.625,0,15.8125,0.3125],"texture":"#0"}}},{"from":[6,12.57545,8.60803],"to":[9,16.57545,8.60803],"rotation":{"angle":22.5,"axis":"x","origin":[7.5,15.07545,6.60803]},"faces":{"north":{"uv":[15.8125,0,16,0.25],"texture":"#0"},"east":{"uv":[15.8125,0,15.625,0.3125],"texture":"#0"},"south":{"uv":[15.8125,0,16,0.25],"texture":"#0"},"west":{"uv":[15.8125,0,15.625,0.3125],"texture":"#0"},"up":{"uv":[15.625,0,15.8125,0.3125],"rotation":270,"texture":"#0"},"down":{"uv":[15.625,0,15.8125,0.3125],"rotation":90,"texture":"#0"}}},{"from":[6,12.57468,3.39013],"to":[9,16.57468,3.39013],"rotation":{"angle":-22.5,"axis":"x","origin":[7.5,15.07468,5.39013]},"faces":{"north":{"uv":[16,0,15.8125,0.25],"texture":"#0"},"east":{"uv":[15.625,0,15.8125,0.3125],"texture":"#0"},"south":{"uv":[16,0,15.8125,0.25],"texture":"#0"},"west":{"uv":[15.625,0,15.8125,0.3125],"texture":"#0"},"up":{"uv":[15.8125,0,15.625,0.3125],"rotation":270,"texture":"#0"},"down":{"uv":[15.8125,0,15.625,0.3125],"rotation":90,"texture":"#0"}}},{"from":[6.74468,9.16676,4.5],"to":[6.74468,13.16676,7.5],"rotation":{"angle":-22.5,"axis":"z","origin":[14.99468,4.91676,0.5]},"faces":{"north":{"uv":[15.625,0,15.8125,0.3125],"texture":"#0"},"east":{"uv":[16,0,15.8125,0.25],"texture":"#0"},"south":{"uv":[15.625,0,15.8125,0.3125],"texture":"#0"},"west":{"uv":[16,0,15.8125,0.25],"texture":"#0"},"up":{"uv":[15.8125,0,15.625,0.3125],"texture":"#0"},"down":{"uv":[15.8125,0,15.625,0.3125],"texture":"#0"}}},{"from":[6,12.57545,12.60803],"to":[9,16.57545,12.60803],"rotation":{"angle":22.5,"axis":"x","origin":[7.5,15.07545,10.60803]},"faces":{"north":{"uv":[15.8125,0,16,0.25],"texture":"#0"},"east":{"uv":[15.8125,0,15.625,0.3125],"texture":"#0"},"south":{"uv":[15.8125,0,16,0.25],"texture":"#0"},"west":{"uv":[15.8125,0,15.625,0.3125],"texture":"#0"},"up":{"uv":[15.625,0,15.8125,0.3125],"rotation":270,"texture":"#0"},"down":{"uv":[15.625,0,15.8125,0.3125],"rotation":90,"texture":"#0"}}},{"from":[8.2544,9.16637,8.5],"to":[8.2544,13.16637,11.5],"rotation":{"angle":22.5,"axis":"z","origin":[0.0044,4.91637,4.5]},"faces":{"north":{"uv":[15.8125,0,15.625,0.3125],"texture":"#0"},"east":{"uv":[15.8125,0,16,0.25],"texture":"#0"},"south":{"uv":[15.8125,0,15.625,0.3125],"texture":"#0"},"west":{"uv":[15.8125,0,16,0.25],"texture":"#0"},"up":{"uv":[15.625,0,15.8125,0.3125],"texture":"#0"},"down":{"uv":[15.625,0,15.8125,0.3125],"texture":"#0"}}},{"from":[6,12.57468,7.39013],"to":[9,16.57468,7.39013],"rotation":{"angle":-22.5,"axis":"x","origin":[7.5,15.07468,9.39013]},"faces":{"north":{"uv":[16,0,15.8125,0.25],"texture":"#0"},"east":{"uv":[15.625,0,15.8125,0.3125],"texture":"#0"},"south":{"uv":[16,0,15.8125,0.25],"texture":"#0"},"west":{"uv":[15.625,0,15.8125,0.3125],"texture":"#0"},"up":{"uv":[15.8125,0,15.625,0.3125],"rotation":270,"texture":"#0"},"down":{"uv":[15.8125,0,15.625,0.3125],"rotation":90,"texture":"#0"}}},{"from":[6,12,8.5],"to":[9,17,11.5],"rotation":{"angle":0,"axis":"x","origin":[7.5,14.5,10]},"faces":{"north":{"uv":[15.8125,0,15.625,0.3125],"texture":"#0"},"east":{"uv":[15.625,0,15.8125,0.3125],"texture":"#0"},"south":{"uv":[15.8125,0,15.625,0.3125],"texture":"#0"},"west":{"uv":[15.625,0,15.8125,0.3125],"texture":"#0"},"up":{"uv":[15.4375,0,15.625,0.1875],"texture":"#0"},"down":{"uv":[15.625,0,15.8125,0.1875],"texture":"#0"}}},{"from":[6.74468,9.16676,8.5],"to":[6.74468,13.16676,11.5],"rotation":{"angle":-22.5,"axis":"z","origin":[14.99468,4.91676,4.5]},"faces":{"north":{"uv":[15.625,0,15.8125,0.3125],"texture":"#0"},"east":{"uv":[16,0,15.8125,0.25],"texture":"#0"},"south":{"uv":[15.625,0,15.8125,0.3125],"texture":"#0"},"west":{"uv":[16,0,15.8125,0.25],"texture":"#0"},"up":{"uv":[15.8125,0,15.625,0.3125],"texture":"#0"},"down":{"uv":[15.8125,0,15.625,0.3125],"texture":"#0"}}},{"from":[10,11.57545,10.60803],"to":[13,15.57545,10.60803],"rotation":{"angle":22.5,"axis":"x","origin":[11.5,14.07545,8.60803]},"faces":{"north":{"uv":[15.8125,0,16,0.25],"texture":"#0"},"east":{"uv":[15.8125,0,15.625,0.3125],"texture":"#0"},"south":{"uv":[15.8125,0,16,0.25],"texture":"#0"},"west":{"uv":[15.8125,0,15.625,0.3125],"texture":"#0"},"up":{"uv":[15.625,0,15.8125,0.3125],"rotation":270,"texture":"#0"},"down":{"uv":[15.625,0,15.8125,0.3125],"rotation":90,"texture":"#0"}}},{"from":[12.2544,8.16637,6.5],"to":[12.2544,12.16637,9.5],"rotation":{"angle":22.5,"axis":"z","origin":[4.0044,3.91637,2.5]},"faces":{"north":{"uv":[15.8125,0,15.625,0.3125],"texture":"#0"},"east":{"uv":[15.8125,0,16,0.25],"texture":"#0"},"south":{"uv":[15.8125,0,15.625,0.3125],"texture":"#0"},"west":{"uv":[15.8125,0,16,0.25],"texture":"#0"},"up":{"uv":[15.625,0,15.8125,0.3125],"texture":"#0"},"down":{"uv":[15.625,0,15.8125,0.3125],"texture":"#0"}}},{"from":[10,11.57468,5.39013],"to":[13,15.57468,5.39013],"rotation":{"angle":-22.5,"axis":"x","origin":[11.5,14.07468,7.39013]},"faces":{"north":{"uv":[16,0,15.8125,0.25],"texture":"#0"},"east":{"uv":[15.625,0,15.8125,0.3125],"texture":"#0"},"south":{"uv":[16,0,15.8125,0.25],"texture":"#0"},"west":{"uv":[15.625,0,15.8125,0.3125],"texture":"#0"},"up":{"uv":[15.8125,0,15.625,0.3125],"rotation":270,"texture":"#0"},"down":{"uv":[15.8125,0,15.625,0.3125],"rotation":90,"texture":"#0"}}},{"from":[10,11,6.5],"to":[13,16,9.5],"rotation":{"angle":0,"axis":"x","origin":[11.5,13.5,8]},"faces":{"north":{"uv":[15.8125,0,15.625,0.3125],"texture":"#0"},"east":{"uv":[15.625,0,15.8125,0.3125],"texture":"#0"},"south":{"uv":[15.8125,0,15.625,0.3125],"texture":"#0"},"west":{"uv":[15.625,0,15.8125,0.3125],"texture":"#0"},"up":{"uv":[15.4375,0,15.625,0.1875],"texture":"#0"},"down":{"uv":[15.625,0,15.8125,0.1875],"texture":"#0"}}},{"from":[10.74468,8.16676,6.5],"to":[10.74468,12.16676,9.5],"rotation":{"angle":-22.5,"axis":"z","origin":[18.99468,3.91676,2.5]},"faces":{"north":{"uv":[15.625,0,15.8125,0.3125],"texture":"#0"},"east":{"uv":[16,0,15.8125,0.25],"texture":"#0"},"south":{"uv":[15.625,0,15.8125,0.3125],"texture":"#0"},"west":{"uv":[16,0,15.8125,0.25],"texture":"#0"},"up":{"uv":[15.8125,0,15.625,0.3125],"texture":"#0"},"down":{"uv":[15.8125,0,15.625,0.3125],"texture":"#0"}}},{"from":[2,11.57545,10.60803],"to":[5,15.57545,10.60803],"rotation":{"angle":22.5,"axis":"x","origin":[3.5,14.07545,8.60803]},"faces":{"north":{"uv":[15.8125,0,16,0.25],"texture":"#0"},"east":{"uv":[15.8125,0,15.625,0.3125],"texture":"#0"},"south":{"uv":[15.8125,0,16,0.25],"texture":"#0"},"west":{"uv":[15.8125,0,15.625,0.3125],"texture":"#0"},"up":{"uv":[15.625,0,15.8125,0.3125],"rotation":270,"texture":"#0"},"down":{"uv":[15.625,0,15.8125,0.3125],"rotation":90,"texture":"#0"}}},{"from":[4.2544,8.16637,6.5],"to":[4.2544,12.16637,9.5],"rotation":{"angle":22.5,"axis":"z","origin":[-3.9956,3.91637,2.5]},"faces":{"north":{"uv":[15.8125,0,15.625,0.3125],"texture":"#0"},"east":{"uv":[15.8125,0,16,0.25],"texture":"#0"},"south":{"uv":[15.8125,0,15.625,0.3125],"texture":"#0"},"west":{"uv":[15.8125,0,16,0.25],"texture":"#0"},"up":{"uv":[15.625,0,15.8125,0.3125],"texture":"#0"},"down":{"uv":[15.625,0,15.8125,0.3125],"texture":"#0"}}},{"from":[2,11.57468,5.39013],"to":[5,15.57468,5.39013],"rotation":{"angle":-22.5,"axis":"x","origin":[3.5,14.07468,7.39013]},"faces":{"north":{"uv":[16,0,15.8125,0.25],"texture":"#0"},"east":{"uv":[15.625,0,15.8125,0.3125],"texture":"#0"},"south":{"uv":[16,0,15.8125,0.25],"texture":"#0"},"west":{"uv":[15.625,0,15.8125,0.3125],"texture":"#0"},"up":{"uv":[15.8125,0,15.625,0.3125],"rotation":270,"texture":"#0"},"down":{"uv":[15.8125,0,15.625,0.3125],"rotation":90,"texture":"#0"}}},{"from":[2,11,6.5],"to":[5,16,9.5],"rotation":{"angle":0,"axis":"x","origin":[3.5,13.5,8]},"faces":{"north":{"uv":[15.8125,0,15.625,0.3125],"texture":"#0"},"east":{"uv":[15.625,0,15.8125,0.3125],"texture":"#0"},"south":{"uv":[15.8125,0,15.625,0.3125],"texture":"#0"},"west":{"uv":[15.625,0,15.8125,0.3125],"texture":"#0"},"up":{"uv":[15.4375,0,15.625,0.1875],"texture":"#0"},"down":{"uv":[15.625,0,15.8125,0.1875],"texture":"#0"}}},{"from":[2.74468,8.16676,6.5],"to":[2.74468,12.16676,9.5],"rotation":{"angle":-22.5,"axis":"z","origin":[10.99468,3.91676,2.5]},"faces":{"north":{"uv":[15.625,0,15.8125,0.3125],"texture":"#0"},"east":{"uv":[16,0,15.8125,0.25],"texture":"#0"},"south":{"uv":[15.625,0,15.8125,0.3125],"texture":"#0"},"west":{"uv":[16,0,15.8125,0.25],"texture":"#0"},"up":{"uv":[15.8125,0,15.625,0.3125],"texture":"#0"},"down":{"uv":[15.8125,0,15.625,0.3125],"texture":"#0"}}},{"from":[2.5,10.57545,14.10803],"to":[5.5,14.57545,14.10803],"rotation":{"angle":22.5,"axis":"x","origin":[4,13.07545,12.10803]},"faces":{"north":{"uv":[15.8125,0,16,0.25],"texture":"#0"},"east":{"uv":[15.8125,0,15.625,0.3125],"texture":"#0"},"south":{"uv":[15.8125,0,16,0.25],"texture":"#0"},"west":{"uv":[15.8125,0,15.625,0.3125],"texture":"#0"},"up":{"uv":[15.625,0,15.8125,0.3125],"rotation":270,"texture":"#0"},"down":{"uv":[15.625,0,15.8125,0.3125],"rotation":90,"texture":"#0"}}},{"from":[4.7544,7.16637,10],"to":[4.7544,11.16637,13],"rotation":{"angle":22.5,"axis":"z","origin":[-3.4956,2.91637,6]},"faces":{"north":{"uv":[15.8125,0,15.625,0.3125],"texture":"#0"},"east":{"uv":[15.8125,0,16,0.25],"texture":"#0"},"south":{"uv":[15.8125,0,15.625,0.3125],"texture":"#0"},"west":{"uv":[15.8125,0,16,0.25],"texture":"#0"},"up":{"uv":[15.625,0,15.8125,0.3125],"texture":"#0"},"down":{"uv":[15.625,0,15.8125,0.3125],"texture":"#0"}}},{"from":[2.5,10.57468,8.89013],"to":[5.5,14.57468,8.89013],"rotation":{"angle":-22.5,"axis":"x","origin":[4,13.07468,10.89013]},"faces":{"north":{"uv":[16,0,15.8125,0.25],"texture":"#0"},"east":{"uv":[15.625,0,15.8125,0.3125],"texture":"#0"},"south":{"uv":[16,0,15.8125,0.25],"texture":"#0"},"west":{"uv":[15.625,0,15.8125,0.3125],"texture":"#0"},"up":{"uv":[15.8125,0,15.625,0.3125],"rotation":270,"texture":"#0"},"down":{"uv":[15.8125,0,15.625,0.3125],"rotation":90,"texture":"#0"}}},{"from":[2.5,10,10],"to":[5.5,15,13],"rotation":{"angle":0,"axis":"x","origin":[4,12.5,11.5]},"faces":{"north":{"uv":[15.8125,0,15.625,0.3125],"texture":"#0"},"east":{"uv":[15.625,0,15.8125,0.3125],"texture":"#0"},"south":{"uv":[15.8125,0,15.625,0.3125],"texture":"#0"},"west":{"uv":[15.625,0,15.8125,0.3125],"texture":"#0"},"up":{"uv":[15.4375,0,15.625,0.1875],"texture":"#0"},"down":{"uv":[15.625,0,15.8125,0.1875],"texture":"#0"}}},{"from":[3.24468,7.16676,10],"to":[3.24468,11.16676,13],"rotation":{"angle":-22.5,"axis":"z","origin":[11.49468,2.91676,6]},"faces":{"north":{"uv":[15.625,0,15.8125,0.3125],"texture":"#0"},"east":{"uv":[16,0,15.8125,0.25],"texture":"#0"},"south":{"uv":[15.625,0,15.8125,0.3125],"texture":"#0"},"west":{"uv":[16,0,15.8125,0.25],"texture":"#0"},"up":{"uv":[15.8125,0,15.625,0.3125],"texture":"#0"},"down":{"uv":[15.8125,0,15.625,0.3125],"texture":"#0"}}},{"from":[10.24468,7.16676,10],"to":[10.24468,11.16676,13],"rotation":{"angle":-22.5,"axis":"z","origin":[18.49468,2.91676,6]},"faces":{"north":{"uv":[15.625,0,15.8125,0.3125],"texture":"#0"},"east":{"uv":[16,0,15.8125,0.25],"texture":"#0"},"south":{"uv":[15.625,0,15.8125,0.3125],"texture":"#0"},"west":{"uv":[16,0,15.8125,0.25],"texture":"#0"},"up":{"uv":[15.8125,0,15.625,0.3125],"texture":"#0"},"down":{"uv":[15.8125,0,15.625,0.3125],"texture":"#0"}}},{"from":[9.5,10,10],"to":[12.5,15,13],"rotation":{"angle":0,"axis":"x","origin":[11,12.5,11.5]},"faces":{"north":{"uv":[15.8125,0,15.625,0.3125],"texture":"#0"},"east":{"uv":[15.625,0,15.8125,0.3125],"texture":"#0"},"south":{"uv":[15.8125,0,15.625,0.3125],"texture":"#0"},"west":{"uv":[15.625,0,15.8125,0.3125],"texture":"#0"},"up":{"uv":[15.4375,0,15.625,0.1875],"texture":"#0"},"down":{"uv":[15.625,0,15.8125,0.1875],"texture":"#0"}}},{"from":[9.5,10.57468,8.89013],"to":[12.5,14.57468,8.89013],"rotation":{"angle":-22.5,"axis":"x","origin":[11,13.07468,10.89013]},"faces":{"north":{"uv":[16,0,15.8125,0.25],"texture":"#0"},"east":{"uv":[15.625,0,15.8125,0.3125],"texture":"#0"},"south":{"uv":[16,0,15.8125,0.25],"texture":"#0"},"west":{"uv":[15.625,0,15.8125,0.3125],"texture":"#0"},"up":{"uv":[15.8125,0,15.625,0.3125],"rotation":270,"texture":"#0"},"down":{"uv":[15.8125,0,15.625,0.3125],"rotation":90,"texture":"#0"}}},{"from":[11.7544,7.16637,10],"to":[11.7544,11.16637,13],"rotation":{"angle":22.5,"axis":"z","origin":[3.5044,2.91637,6]},"faces":{"north":{"uv":[15.8125,0,15.625,0.3125],"texture":"#0"},"east":{"uv":[15.8125,0,16,0.25],"texture":"#0"},"south":{"uv":[15.8125,0,15.625,0.3125],"texture":"#0"},"west":{"uv":[15.8125,0,16,0.25],"texture":"#0"},"up":{"uv":[15.625,0,15.8125,0.3125],"texture":"#0"},"down":{"uv":[15.625,0,15.8125,0.3125],"texture":"#0"}}},{"from":[9.5,10.57545,14.10803],"to":[12.5,14.57545,14.10803],"rotation":{"angle":22.5,"axis":"x","origin":[11,13.07545,12.10803]},"faces":{"north":{"uv":[15.8125,0,16,0.25],"texture":"#0"},"east":{"uv":[15.8125,0,15.625,0.3125],"texture":"#0"},"south":{"uv":[15.8125,0,16,0.25],"texture":"#0"},"west":{"uv":[15.8125,0,15.625,0.3125],"texture":"#0"},"up":{"uv":[15.625,0,15.8125,0.3125],"rotation":270,"texture":"#0"},"down":{"uv":[15.625,0,15.8125,0.3125],"rotation":90,"texture":"#0"}}},{"from":[10.24468,7.16676,3],"to":[10.24468,11.16676,6],"rotation":{"angle":-22.5,"axis":"z","origin":[18.49468,2.91676,-1]},"faces":{"north":{"uv":[15.625,0,15.8125,0.3125],"texture":"#0"},"east":{"uv":[16,0,15.8125,0.25],"texture":"#0"},"south":{"uv":[15.625,0,15.8125,0.3125],"texture":"#0"},"west":{"uv":[16,0,15.8125,0.25],"texture":"#0"},"up":{"uv":[15.8125,0,15.625,0.3125],"texture":"#0"},"down":{"uv":[15.8125,0,15.625,0.3125],"texture":"#0"}}},{"from":[9.5,10,3],"to":[12.5,15,6],"rotation":{"angle":0,"axis":"x","origin":[11,12.5,4.5]},"faces":{"north":{"uv":[15.8125,0,15.625,0.3125],"texture":"#0"},"east":{"uv":[15.625,0,15.8125,0.3125],"texture":"#0"},"south":{"uv":[15.8125,0,15.625,0.3125],"texture":"#0"},"west":{"uv":[15.625,0,15.8125,0.3125],"texture":"#0"},"up":{"uv":[15.4375,0,15.625,0.1875],"texture":"#0"},"down":{"uv":[15.625,0,15.8125,0.1875],"texture":"#0"}}},{"from":[9.5,10.57468,1.89013],"to":[12.5,14.57468,1.89013],"rotation":{"angle":-22.5,"axis":"x","origin":[11,13.07468,3.89013]},"faces":{"north":{"uv":[16,0,15.8125,0.25],"texture":"#0"},"east":{"uv":[15.625,0,15.8125,0.3125],"texture":"#0"},"south":{"uv":[16,0,15.8125,0.25],"texture":"#0"},"west":{"uv":[15.625,0,15.8125,0.3125],"texture":"#0"},"up":{"uv":[15.8125,0,15.625,0.3125],"rotation":270,"texture":"#0"},"down":{"uv":[15.8125,0,15.625,0.3125],"rotation":90,"texture":"#0"}}},{"from":[11.7544,7.16637,3],"to":[11.7544,11.16637,6],"rotation":{"angle":22.5,"axis":"z","origin":[3.5044,2.91637,-1]},"faces":{"north":{"uv":[15.8125,0,15.625,0.3125],"texture":"#0"},"east":{"uv":[15.8125,0,16,0.25],"texture":"#0"},"south":{"uv":[15.8125,0,15.625,0.3125],"texture":"#0"},"west":{"uv":[15.8125,0,16,0.25],"texture":"#0"},"up":{"uv":[15.625,0,15.8125,0.3125],"texture":"#0"},"down":{"uv":[15.625,0,15.8125,0.3125],"texture":"#0"}}},{"from":[9.5,10.57545,7.10803],"to":[12.5,14.57545,7.10803],"rotation":{"angle":22.5,"axis":"x","origin":[11,13.07545,5.10803]},"faces":{"north":{"uv":[15.8125,0,16,0.25],"texture":"#0"},"east":{"uv":[15.8125,0,15.625,0.3125],"texture":"#0"},"south":{"uv":[15.8125,0,16,0.25],"texture":"#0"},"west":{"uv":[15.8125,0,15.625,0.3125],"texture":"#0"},"up":{"uv":[15.625,0,15.8125,0.3125],"rotation":270,"texture":"#0"},"down":{"uv":[15.625,0,15.8125,0.3125],"rotation":90,"texture":"#0"}}},{"from":[3.24468,7.16676,3],"to":[3.24468,11.16676,6],"rotation":{"angle":-22.5,"axis":"z","origin":[11.49468,2.91676,-1]},"faces":{"north":{"uv":[15.625,0,15.8125,0.3125],"texture":"#0"},"east":{"uv":[16,0,15.8125,0.25],"texture":"#0"},"south":{"uv":[15.625,0,15.8125,0.3125],"texture":"#0"},"west":{"uv":[16,0,15.8125,0.25],"texture":"#0"},"up":{"uv":[15.8125,0,15.625,0.3125],"texture":"#0"},"down":{"uv":[15.8125,0,15.625,0.3125],"texture":"#0"}}},{"from":[2.5,10,3],"to":[5.5,15,6],"rotation":{"angle":0,"axis":"x","origin":[4,12.5,4.5]},"faces":{"north":{"uv":[15.8125,0,15.625,0.3125],"texture":"#0"},"east":{"uv":[15.625,0,15.8125,0.3125],"texture":"#0"},"south":{"uv":[15.8125,0,15.625,0.3125],"texture":"#0"},"west":{"uv":[15.625,0,15.8125,0.3125],"texture":"#0"},"up":{"uv":[15.4375,0,15.625,0.1875],"texture":"#0"},"down":{"uv":[15.625,0,15.8125,0.1875],"texture":"#0"}}},{"from":[2.5,10.57468,1.89013],"to":[5.5,14.57468,1.89013],"rotation":{"angle":-22.5,"axis":"x","origin":[4,13.07468,3.89013]},"faces":{"north":{"uv":[16,0,15.8125,0.25],"texture":"#0"},"east":{"uv":[15.625,0,15.8125,0.3125],"texture":"#0"},"south":{"uv":[16,0,15.8125,0.25],"texture":"#0"},"west":{"uv":[15.625,0,15.8125,0.3125],"texture":"#0"},"up":{"uv":[15.8125,0,15.625,0.3125],"rotation":270,"texture":"#0"},"down":{"uv":[15.8125,0,15.625,0.3125],"rotation":90,"texture":"#0"}}},{"from":[4.7544,7.16637,3],"to":[4.7544,11.16637,6],"rotation":{"angle":22.5,"axis":"z","origin":[-3.4956,2.91637,-1]},"faces":{"north":{"uv":[15.8125,0,15.625,0.3125],"texture":"#0"},"east":{"uv":[15.8125,0,16,0.25],"texture":"#0"},"south":{"uv":[15.8125,0,15.625,0.3125],"texture":"#0"},"west":{"uv":[15.8125,0,16,0.25],"texture":"#0"},"up":{"uv":[15.625,0,15.8125,0.3125],"texture":"#0"},"down":{"uv":[15.625,0,15.8125,0.3125],"texture":"#0"}}},{"from":[2.5,10.57545,7.10803],"to":[5.5,14.57545,7.10803],"rotation":{"angle":22.5,"axis":"x","origin":[4,13.07545,5.10803]},"faces":{"north":{"uv":[15.8125,0,16,0.25],"texture":"#0"},"east":{"uv":[15.8125,0,15.625,0.3125],"texture":"#0"},"south":{"uv":[15.8125,0,16,0.25],"texture":"#0"},"west":{"uv":[15.8125,0,15.625,0.3125],"texture":"#0"},"up":{"uv":[15.625,0,15.8125,0.3125],"rotation":270,"texture":"#0"},"down":{"uv":[15.625,0,15.8125,0.3125],"rotation":90,"texture":"#0"}}},{"from":[4,0,4.5],"to":[11,5,11.5],"rotation":{"angle":0,"axis":"y","origin":[0,5,0.5]},"faces":{"north":{"uv":[14.8125,0,15.25,0.3125],"texture":"#0"},"east":{"uv":[14.8125,0,15.25,0.3125],"texture":"#0"},"south":{"uv":[14.8125,0,15.25,0.3125],"texture":"#0"},"west":{"uv":[14.8125,0,15.25,0.3125],"texture":"#0"},"up":{"uv":[14.375,0,14.8125,0.4375],"texture":"#0"},"down":{"uv":[14.8125,0.3125,15.25,0.75],"texture":"#0"}}},{"from":[3.75,-0.01,4.25],"to":[11.25,4.99,11.75],"rotation":{"angle":0,"axis":"y","origin":[0,5,0.5]},"faces":{"north":{"uv":[13.89063,0,14.35938,0.3125],"texture":"#0"},"east":{"uv":[13.89063,0,14.35938,0.3125],"texture":"#0"},"south":{"uv":[13.89063,0,14.35938,0.3125],"texture":"#0"},"west":{"uv":[13.89063,0,14.35938,0.3125],"texture":"#0"},"up":{"uv":[13.89063,0.32813,14.35938,0.79688],"texture":"#0"},"down":{"uv":[13.32813,0.01563,13.79688,0.48438],"texture":"#0"}}},{"from":[2.5,5,8],"to":[12.5,14,8],"rotation":{"angle":0,"axis":"y","origin":[0,0,0.5]},"faces":{"north":{"uv":[15.375,0.75,16,1.3125],"texture":"#0"},"east":{"uv":[15.375,0.75,16,1.3125],"texture":"#0"},"south":{"uv":[15.375,0.75,16,1.3125],"texture":"#0"},"west":{"uv":[15.375,0.75,16,1.3125],"texture":"#0"},"up":{"uv":[15.375,0.75,16,1.3125],"texture":"#0"},"down":{"uv":[15.375,0.75,16,1.3125],"texture":"#0"}}},{"from":[10.5,5,-4.5],"to":[10.5,14,5.5],"rotation":{"angle":-45,"axis":"y","origin":[0,0,0.5]},"faces":{"north":{"uv":[14.6875,0.75,15.3125,1.3125],"texture":"#0"},"east":{"uv":[14.6875,0.75,15.3125,1.3125],"texture":"#0"},"south":{"uv":[14.6875,0.75,15.3125,1.3125],"texture":"#0"},"west":{"uv":[14.6875,0.75,15.3125,1.3125],"texture":"#0"},"up":{"uv":[14.6875,0.75,15.3125,1.3125],"texture":"#0"},"down":{"uv":[14.6875,0.75,15.3125,1.3125],"texture":"#0"}}},{"from":[7.42462,5,2.92462],"to":[7.42462,14,12.92462],"rotation":{"angle":45,"axis":"y","origin":[7.42462,9.5,7.92462]},"faces":{"north":{"uv":[14.6875,0.75,15.3125,1.3125],"texture":"#0"},"east":{"uv":[14.6875,0.75,15.3125,1.3125],"texture":"#0"},"south":{"uv":[14.6875,0.75,15.3125,1.3125],"texture":"#0"},"west":{"uv":[14.6875,0.75,15.3125,1.3125],"texture":"#0"},"up":{"uv":[14.6875,0.75,15.3125,1.3125],"texture":"#0"},"down":{"uv":[14.6875,0.75,15.3125,1.3125],"texture":"#0"}}},{"from":[7.5,5,3],"to":[7.5,14,13],"rotation":{"angle":0,"axis":"y","origin":[0,0,0.5]},"faces":{"north":{"uv":[15.375,0.75,16,1.3125],"texture":"#0"},"east":{"uv":[15.375,0.75,16,1.3125],"texture":"#0"},"south":{"uv":[15.375,0.75,16,1.3125],"texture":"#0"},"west":{"uv":[15.375,0.75,16,1.3125],"texture":"#0"},"up":{"uv":[15.375,0.75,16,1.3125],"rotation":90,"texture":"#0"},"down":{"uv":[15.375,0.75,16,1.3125],"rotation":270,"texture":"#0"}}}],"gui_light":"front","display":{"thirdperson_righthand":{"translation":[0,2.25,1],"scale":[0.5,0.5,0.5]},"thirdperson_lefthand":{"translation":[0,2.25,1],"scale":[0.5,0.5,0.5]},"firstperson_righthand":{"rotation":[-0.7,35.03,1.2],"translation":[3.25,2.25,0],"scale":[0.5,0.5,0.5]},"firstperson_lefthand":{"rotation":[-0.7,35.03,1.2],"translation":[3.25,2.25,0],"scale":[0.5,0.5,0.5]},"ground":{"translation":[0,2,0],"scale":[0.5,0.5,0.5]},"gui":{"rotation":[35,45,0],"translation":[0.25,0,0],"scale":[0.75,0.75,0.75]},"head":{"translation":[47,-17.25,4.25],"scale":[3.2,3.2,3.2]},"fixed":{"rotation":[-90,0,0],"translation":[2,0.5,-16],"scale":[2,2,2]}},"mcmodels":"8e4c423fb58c357791954bf791afbaa1"}