{"credit":"Made with Blockbench","texture_size":[128,128],"textures":{"0":"omstore:valentine2024/teddy_bear","particle":"omstore:valentine2024/teddy_bear"},"elements":[{"from":[2.5,15,4],"to":[13.5,23.5,13.5],"rotation":{"angle":0,"axis":"x","origin":[4,15,4]},"faces":{"north":{"uv":[0.1875,7.9375,1.5625,9],"texture":"#0"},"east":{"uv":[5.9375,4.25,4.75,5.3125],"texture":"#0"},"south":{"uv":[3.5625,8.1875,2.1875,9.25],"texture":"#0"},"west":{"uv":[4.75,4.25,5.9375,5.3125],"texture":"#0"},"up":{"uv":[5.625,9.5,4.25,8.3125],"texture":"#0"},"down":{"uv":[4.875,1.25,3.5,2.4375],"texture":"#0"}}},{"from":[4.5,15,2.5],"to":[11.5,19,4],"rotation":{"angle":0,"axis":"y","origin":[4,15,4]},"faces":{"north":{"uv":[8,0.75,8.875,1.25],"texture":"#0"},"east":{"uv":[3,1.25,3.1875,1.75],"texture":"#0"},"south":{"uv":[7,1.125,7.75,1.625],"texture":"#0"},"west":{"uv":[3.25,1.25,3.4375,1.75],"texture":"#0"},"up":{"uv":[6.1875,7.6875,5.3125,7.5],"texture":"#0"},"down":{"uv":[7.625,7.5,6.875,7.6875],"texture":"#0"}}},{"from":[2,-0.99,4.5],"to":[14,14.01,12.5],"rotation":{"angle":-22.5,"axis":"x","origin":[4,15,4]},"faces":{"north":{"uv":[0,0,1.5,1.875],"texture":"#0"},"east":{"uv":[2,1.875,1,3.75],"texture":"#0"},"south":{"uv":[0.25,9.5625,1.75,11.4375],"texture":"#0"},"west":{"uv":[1,1.875,2,3.75],"texture":"#0"},"up":{"uv":[3.5,2.875,2,1.875],"texture":"#0"},"down":{"uv":[3.5,2.875,2,3.875],"texture":"#0"}}},{"from":[-2,0,-3],"to":[4,6,11],"rotation":{"angle":22.5,"axis":"y","origin":[12,15,4]},"faces":{"north":{"uv":[7.375,4.125,6.625,4.875],"texture":"#0"},"east":{"uv":[0,3.75,1.75,4.5],"texture":"#0"},"south":{"uv":[2,6.875,1.25,7.625],"texture":"#0"},"west":{"uv":[1.75,3.75,0,4.5],"texture":"#0"},"up":{"uv":[0.75,6.25,1.5,4.5],"texture":"#0"},"down":{"uv":[0.75,4.5,1.5,6.25],"texture":"#0"}}},{"from":[12,0,-3],"to":[18,6,11],"rotation":{"angle":-22.5,"axis":"y","origin":[4,15,4]},"faces":{"north":{"uv":[6.625,4.125,7.375,4.875],"texture":"#0"},"east":{"uv":[0,3.75,1.75,4.5],"texture":"#0"},"south":{"uv":[1.25,6.875,2,7.625],"texture":"#0"},"west":{"uv":[1.75,3.75,0,4.5],"texture":"#0"},"up":{"uv":[1.5,6.25,0.75,4.5],"texture":"#0"},"down":{"uv":[1.5,4.5,0.75,6.25],"texture":"#0"}}},{"from":[-1.5,8.5,-3],"to":[3,13,9],"rotation":{"angle":-45,"axis":"x","origin":[4,15,4]},"faces":{"north":{"uv":[7.9375,3.375,7.375,3.9375],"texture":"#0"},"east":{"uv":[7.5,0,6,0.5625],"texture":"#0"},"south":{"uv":[7.9375,4,7.375,4.5625],"texture":"#0"},"west":{"uv":[6,0,7.5,0.5625],"texture":"#0"},"up":{"uv":[0,7.75,0.5625,6.25],"texture":"#0"},"down":{"uv":[0,6.25,0.5625,7.75],"texture":"#0"}}},{"from":[13,8.5,-3],"to":[17.5,13,9],"rotation":{"angle":-45,"axis":"x","origin":[12,15,4]},"faces":{"north":{"uv":[7.375,3.375,7.9375,3.9375],"texture":"#0"},"east":{"uv":[7.5,0,6,0.5625],"texture":"#0"},"south":{"uv":[7.375,4,7.9375,4.5625],"texture":"#0"},"west":{"uv":[6,0,7.5,0.5625],"texture":"#0"},"up":{"uv":[0.5625,7.75,0,6.25],"texture":"#0"},"down":{"uv":[0.5625,6.25,0,7.75],"texture":"#0"}}},{"from":[4.5,24,8],"to":[9.5,29,10],"rotation":{"angle":22.5,"axis":"z","origin":[12,15,4]},"faces":{"north":{"uv":[4.5,6.875,5.125,7.5],"texture":"#0"},"east":{"uv":[4,7.375,4.25,8],"texture":"#0"},"south":{"uv":[6.875,4.875,7.5,5.5],"texture":"#0"},"west":{"uv":[4.25,7.375,4.5,8],"texture":"#0"},"up":{"uv":[8.125,0.25,7.5,0],"texture":"#0"},"down":{"uv":[8.125,0.25,7.5,0.5],"texture":"#0"}}},{"from":[6.5,24,8],"to":[11.5,29,10],"rotation":{"angle":-22.5,"axis":"z","origin":[4,15,4]},"faces":{"north":{"uv":[5.125,6.875,4.5,7.5],"texture":"#0"},"east":{"uv":[4.5,7.375,4.25,8],"texture":"#0"},"south":{"uv":[7.5,4.875,6.875,5.5],"texture":"#0"},"west":{"uv":[4.25,7.375,4,8],"texture":"#0"},"up":{"uv":[7.5,0.25,8.125,0],"texture":"#0"},"down":{"uv":[7.5,0.25,8.125,0.5],"texture":"#0"}}},{"from":[6.5,2.75,16],"to":[9.5,5.75,19],"rotation":{"angle":0,"axis":"x","origin":[4,15,4]},"faces":{"north":{"uv":[5.125,6.875,4.5,7.5],"texture":"#0"},"east":{"uv":[8.6875,0,9.0625,0.375],"texture":"#0"},"south":{"uv":[8,4.9375,7.625,5.3125],"texture":"#0"},"west":{"uv":[9.0625,0,8.6875,0.375],"texture":"#0"},"up":{"uv":[8.3125,0.375,8.6875,0],"texture":"#0"},"down":{"uv":[8.3125,0,8.6875,0.375],"texture":"#0"}}}],"display":{"thirdperson_righthand":{"rotation":[60.25,0,0],"translation":[0,0.75,-1.25],"scale":[0.5,0.5,0.5]},"thirdperson_lefthand":{"rotation":[60.25,0,0],"translation":[0,0.75,-1.25],"scale":[0.5,0.5,0.5]},"firstperson_righthand":{"rotation":[-180,63,-180],"translation":[1.25,2.75,0],"scale":[0.35,0.35,0.35]},"firstperson_lefthand":{"rotation":[-180,63,-180],"translation":[1.25,2.75,0],"scale":[0.35,0.35,0.35]},"ground":{"translation":[0,0.5,0],"scale":[0.35,0.35,0.35]},"gui":{"rotation":[-165,35,-180],"translation":[0.5,-2,0],"scale":[0.5,0.5,0.5]},"head":{"translation":[0,-17.75,0],"scale":[3.2,3.2,3.2]},"fixed":{"rotation":[-90,0,0],"translation":[0,0,-31.25],"scale":[4,4,4]}},"mcmodels":"8e4c423fb58c357791954bf791afbaa1"}