{"textures":{"0":"modelengine:entity/dummy_teemo_blue"},"elements":[{"from":[5.714286,8.0,5.714286],"to":[10.285714,10.857143,10.285714],"rotation":{"angle":0.0,"axis":"y","origin":[8.0,3.4285712,8.0]},"faces":{"east":{"uv":[5.5,7.25,7.5,8.5],"rotation":0,"texture":"#0","tintindex":0},"south":{"uv":[7.5,7.25,9.5,8.5],"rotation":0,"texture":"#0","tintindex":0},"north":{"uv":[3.5,7.25,5.5,8.5],"rotation":0,"texture":"#0","tintindex":0},"west":{"uv":[0.0,7.75,2.0,9.0],"rotation":0,"texture":"#0","tintindex":0},"up":{"uv":[5.0,2.0,3.0,0.0],"rotation":0,"texture":"#0","tintindex":0},"down":{"uv":[5.0,2.0,3.0,4.0],"rotation":0,"texture":"#0","tintindex":0}}}],"display":{"head":{"translation":[0.0,-6.4,0.0],"scale":[4.0,4.0,4.0]}}}