{"textures":{"0":"modelengine:entity/toast"},"elements":[{"from":[7.2,4.6285715,8.0],"to":[9.485714,8.057143,8.0],"rotation":{"angle":0.0,"axis":"y","origin":[10.057143,8.057143,8.0]},"faces":{"east":{"uv":[0.0,0.0,0.0,3.0],"rotation":0,"texture":"#0","tintindex":0},"south":{"uv":[4.0,4.0,6.0,7.0],"rotation":0,"texture":"#0","tintindex":0},"north":{"uv":[6.0,4.0,4.0,7.0],"rotation":0,"texture":"#0","tintindex":0},"west":{"uv":[0.0,0.0,0.0,3.0],"rotation":0,"texture":"#0","tintindex":0},"up":{"uv":[0.0,0.0,2.0,0.0],"rotation":0,"texture":"#0","tintindex":0},"down":{"uv":[0.0,0.0,2.0,0.0],"rotation":0,"texture":"#0","tintindex":0}}}],"display":{"head":{"translation":[0.0,-6.4,0.0],"scale":[4.0,4.0,4.0]}}}