{"textures":{"0":"modelengine:entity/dummy_teemo_red"},"elements":[{"from":[6.0,9.158818,6.0],"to":[10.0,13.158818,10.0],"rotation":{"angle":0.0,"axis":"y","origin":[8.285714,8.587389,7.714286]},"faces":{"east":{"uv":[5.0,3.75,6.75,5.5],"rotation":0,"texture":"#0","tintindex":0},"south":{"uv":[5.0,5.5,6.75,7.25],"rotation":0,"texture":"#0","tintindex":0},"north":{"uv":[5.0,2.0,6.75,3.75],"rotation":0,"texture":"#0","tintindex":0},"west":{"uv":[0.0,6.0,1.75,7.75],"rotation":0,"texture":"#0","tintindex":0},"up":{"uv":[3.5,7.75,1.75,6.0],"rotation":0,"texture":"#0","tintindex":0},"down":{"uv":[8.5,2.0,6.75,3.75],"rotation":0,"texture":"#0","tintindex":0}}},{"from":[7.142286,11.969474,3.360939],"to":[7.142286,12.540903,6.2180815],"rotation":{"angle":22.5,"axis":"x","origin":[7.142286,12.255188,4.78951]},"faces":{"east":{"uv":[12.0,0.5,13.25,0.75],"rotation":0,"texture":"#0","tintindex":0},"south":{"uv":[0.0,0.0,0.0,0.25],"rotation":0,"texture":"#0","tintindex":0},"north":{"uv":[0.0,0.0,0.0,0.25],"rotation":0,"texture":"#0","tintindex":0},"west":{"uv":[12.0,11.75,13.25,12.0],"rotation":0,"texture":"#0","tintindex":0},"up":{"uv":[0.0,1.25,0.0,0.0],"rotation":0,"texture":"#0","tintindex":0},"down":{"uv":[0.0,0.0,0.0,1.25],"rotation":0,"texture":"#0","tintindex":0}}},{"from":[7.713714,10.301675,4.8571424],"to":[7.713714,10.873104,6.0],"rotation":{"angle":0.0,"axis":"y","origin":[5.9994287,9.444532,3.5714283]},"faces":{"east":{"uv":[3.5,12.5,4.0,12.75],"rotation":0,"texture":"#0","tintindex":0},"south":{"uv":[0.0,0.0,0.0,0.25],"rotation":0,"texture":"#0","tintindex":0},"north":{"uv":[0.0,0.0,0.0,0.25],"rotation":0,"texture":"#0","tintindex":0},"west":{"uv":[4.0,12.5,4.5,12.75],"rotation":0,"texture":"#0","tintindex":0},"up":{"uv":[0.0,0.5,0.0,0.0],"rotation":0,"texture":"#0","tintindex":0},"down":{"uv":[0.0,0.0,0.0,0.5],"rotation":0,"texture":"#0","tintindex":0}}},{"from":[7.142286,11.68376,2.2180815],"to":[7.142286,12.826617,3.360939],"rotation":{"angle":22.5,"axis":"x","origin":[7.142286,12.255188,4.78951]},"faces":{"east":{"uv":[6.75,12.25,7.25,12.75],"rotation":0,"texture":"#0","tintindex":0},"south":{"uv":[0.0,0.0,0.0,0.5],"rotation":0,"texture":"#0","tintindex":0},"north":{"uv":[0.0,0.0,0.0,0.5],"rotation":0,"texture":"#0","tintindex":0},"west":{"uv":[9.5,12.25,10.0,12.75],"rotation":0,"texture":"#0","tintindex":0},"up":{"uv":[0.0,0.5,0.0,0.0],"rotation":0,"texture":"#0","tintindex":0},"down":{"uv":[0.0,0.0,0.0,0.5],"rotation":0,"texture":"#0","tintindex":0}}},{"from":[3.4285712,11.444532,7.142857],"to":[12.571428,13.158818,8.857143],"rotation":{"angle":0.0,"axis":"y","origin":[8.0,8.587389,7.714286]},"faces":{"east":{"uv":[11.5,4.5,12.25,5.25],"rotation":0,"texture":"#0","tintindex":0},"south":{"uv":[6.75,6.5,10.75,7.25],"rotation":0,"texture":"#0","tintindex":0},"north":{"uv":[6.75,5.75,10.75,6.5],"rotation":0,"texture":"#0","tintindex":0},"west":{"uv":[11.5,5.25,12.25,6.0],"rotation":0,"texture":"#0","tintindex":0},"up":{"uv":[11.0,0.75,7.0,0.0],"rotation":0,"texture":"#0","tintindex":0},"down":{"uv":[11.0,0.75,7.0,1.5],"rotation":0,"texture":"#0","tintindex":0}}},{"from":[6.857143,8.015961,6.857143],"to":[9.142858,9.158818,9.142858],"rotation":{"angle":0.0,"axis":"y","origin":[8.0,8.587389,8.0]},"faces":{"east":{"uv":[11.5,10.75,12.5,11.25],"rotation":0,"texture":"#0","tintindex":0},"south":{"uv":[11.5,11.25,12.5,11.75],"rotation":0,"texture":"#0","tintindex":0},"north":{"uv":[11.5,10.25,12.5,10.75],"rotation":0,"texture":"#0","tintindex":0},"west":{"uv":[0.5,11.75,1.5,12.25],"rotation":0,"texture":"#0","tintindex":0},"up":{"uv":[6.0,10.75,5.0,9.75],"rotation":0,"texture":"#0","tintindex":0},"down":{"uv":[7.0,9.75,6.0,10.75],"rotation":0,"texture":"#0","tintindex":0}}},{"from":[6.857143,6.9166007,6.6384664],"to":[9.142858,8.059458,6.6384664],"rotation":{"angle":22.5,"axis":"x","origin":[8.0,7.4880295,6.6384664]},"faces":{"east":{"uv":[0.0,0.0,0.0,0.5],"rotation":0,"texture":"#0","tintindex":0},"south":{"uv":[11.75,2.0,12.75,2.5],"rotation":0,"texture":"#0","tintindex":0},"north":{"uv":[11.75,1.5,12.75,2.0],"rotation":0,"texture":"#0","tintindex":0},"west":{"uv":[0.0,0.0,0.0,0.5],"rotation":0,"texture":"#0","tintindex":0},"up":{"uv":[1.0,0.0,0.0,0.0],"rotation":0,"texture":"#0","tintindex":0},"down":{"uv":[1.0,0.0,0.0,0.0],"rotation":0,"texture":"#0","tintindex":0}}},{"from":[6.857143,6.9166007,9.361533],"to":[9.142858,8.059458,9.361533],"rotation":{"angle":-22.5,"axis":"x","origin":[8.0,7.4880295,9.361533]},"faces":{"east":{"uv":[0.0,0.0,0.0,0.5],"rotation":0,"texture":"#0","tintindex":0},"south":{"uv":[11.75,3.25,12.75,3.75],"rotation":0,"texture":"#0","tintindex":0},"north":{"uv":[3.0,11.75,4.0,12.25],"rotation":0,"texture":"#0","tintindex":0},"west":{"uv":[0.0,0.0,0.0,0.5],"rotation":0,"texture":"#0","tintindex":0},"up":{"uv":[1.0,0.0,0.0,0.0],"rotation":0,"texture":"#0","tintindex":0},"down":{"uv":[1.0,0.0,0.0,0.0],"rotation":0,"texture":"#0","tintindex":0}}},{"from":[9.361533,6.9166007,6.857143],"to":[9.361533,8.059458,9.142858],"rotation":{"angle":22.5,"axis":"z","origin":[9.361533,7.4880295,8.0]},"faces":{"east":{"uv":[11.75,3.75,12.75,4.25],"rotation":0,"texture":"#0","tintindex":0},"south":{"uv":[0.0,0.0,0.0,0.5],"rotation":0,"texture":"#0","tintindex":0},"north":{"uv":[0.0,0.0,0.0,0.5],"rotation":0,"texture":"#0","tintindex":0},"west":{"uv":[4.0,11.75,5.0,12.25],"rotation":0,"texture":"#0","tintindex":0},"up":{"uv":[0.0,1.0,0.0,0.0],"rotation":0,"texture":"#0","tintindex":0},"down":{"uv":[0.0,0.0,0.0,1.0],"rotation":0,"texture":"#0","tintindex":0}}},{"from":[6.6384664,6.9166007,6.857143],"to":[6.6384664,8.059458,9.142858],"rotation":{"angle":-22.5,"axis":"z","origin":[6.6384664,7.4880295,8.0]},"faces":{"east":{"uv":[6.5,11.75,7.5,12.25],"rotation":0,"texture":"#0","tintindex":0},"south":{"uv":[0.0,0.0,0.0,0.5],"rotation":0,"texture":"#0","tintindex":0},"north":{"uv":[0.0,0.0,0.0,0.5],"rotation":0,"texture":"#0","tintindex":0},"west":{"uv":[11.0,11.75,12.0,12.25],"rotation":0,"texture":"#0","tintindex":0},"up":{"uv":[0.0,1.0,0.0,0.0],"rotation":0,"texture":"#0","tintindex":0},"down":{"uv":[0.0,0.0,0.0,1.0],"rotation":0,"texture":"#0","tintindex":0}}},{"from":[3.7142854,11.158818,2.5714283],"to":[4.8571424,12.301676,5.428571],"rotation":{"angle":22.5,"axis":"x","origin":[4.285714,11.158818,7.0]},"faces":{"east":{"uv":[7.0,1.5,8.25,2.0],"rotation":0,"texture":"#0","tintindex":0},"south":{"uv":[11.5,12.25,12.0,12.75],"rotation":0,"texture":"#0","tintindex":0},"north":{"uv":[11.0,12.25,11.5,12.75],"rotation":0,"texture":"#0","tintindex":0},"west":{"uv":[6.5,11.25,7.75,11.75],"rotation":0,"texture":"#0","tintindex":0},"up":{"uv":[3.0,12.5,2.5,11.25],"rotation":0,"texture":"#0","tintindex":0},"down":{"uv":[8.25,11.25,7.75,12.5],"rotation":0,"texture":"#0","tintindex":0}}},{"from":[4.0,11.444532,5.428571],"to":[4.5714283,12.015961,12.285715],"rotation":{"angle":22.5,"axis":"x","origin":[4.285714,11.158818,7.0]},"faces":{"east":{"uv":[11.0,8.75,14.0,9.0],"rotation":0,"texture":"#0","tintindex":0},"south":{"uv":[4.75,12.5,5.0,12.75],"rotation":0,"texture":"#0","tintindex":0},"north":{"uv":[4.5,12.5,4.75,12.75],"rotation":0,"texture":"#0","tintindex":0},"west":{"uv":[11.0,9.0,14.0,9.25],"rotation":0,"texture":"#0","tintindex":0},"up":{"uv":[1.75,12.75,1.5,9.75],"rotation":0,"texture":"#0","tintindex":0},"down":{"uv":[2.0,9.75,1.75,12.75],"rotation":0,"texture":"#0","tintindex":0}}},{"from":[6.570857,13.063524,2.1514273],"to":[7.713714,13.063524,3.2942848],"rotation":{"angle":22.5,"axis":"x","origin":[7.713714,12.492096,2.722856]},"faces":{"east":{"uv":[0.0,0.0,0.5,0.0],"rotation":0,"texture":"#missing","tintindex":0},"south":{"uv":[0.0,0.0,0.5,0.0],"rotation":0,"texture":"#missing","tintindex":0},"north":{"uv":[0.0,0.0,0.5,0.0],"rotation":0,"texture":"#missing","tintindex":0},"west":{"uv":[0.0,0.0,0.5,0.0],"rotation":0,"texture":"#missing","tintindex":0},"up":{"uv":[10.0,12.25,10.5,12.75],"rotation":0,"texture":"#0","tintindex":0},"down":{"uv":[10.5,12.25,11.0,12.75],"rotation":0,"texture":"#0","tintindex":0}}}],"display":{"head":{"translation":[0.0,-6.4,0.0],"scale":[4.0,4.0,4.0]}}}