{"parent":"minecraft:item/generated","textures":{"layer0":"minecraft:item/leather_horse_armor"},"overrides":[{"predicate":{"custom_model_data":10000},"model":"omstore:valentine2024/teddy_bear"},{"predicate":{"custom_model_data":10001},"model":"omstore:valentine2024/teddy_bear2"},{"predicate":{"custom_model_data":10002},"model":"omstore:valentine2024/rosepot"},{"predicate":{"custom_model_data":10003},"model":"omstore:valentine2024/roseleaves"},{"predicate":{"custom_model_data":10004},"model":"omstore:valentine2024/roseleaves_giant"},{"predicate":{"custom_model_data":10005},"model":"item/leather_horse_armor"}]}