{"textures":{"0":"modelengine:entity/scarecrow","6":"minecraft:block/jack_o_lantern"},"elements":[{"from":[5.112834,5.339286,7.129177],"to":[11.487835,11.714286,8.843463],"rotation":{"angle":0.0,"axis":"y","origin":[8.440954,-2.160715,10.504177]},"faces":{"east":{"uv":[6.0,0.0,5.0,1.0],"rotation":0,"texture":"#0","tintindex":0},"south":{"uv":[16.0,0.0,0.0,16.0],"rotation":0,"texture":"#6","tintindex":0},"north":{"uv":[8.0,0.0,0.0,8.0],"rotation":0,"texture":"#0","tintindex":0},"west":{"uv":[6.0,0.0,5.0,1.0],"rotation":0,"texture":"#0","tintindex":0},"up":{"uv":[6.0,0.0,5.0,1.0],"rotation":0,"texture":"#0","tintindex":0},"down":{"uv":[6.0,0.0,5.0,1.0],"rotation":0,"texture":"#0","tintindex":0}}}],"display":{"head":{"translation":[0.0,-6.4,0.0],"scale":[4.0,4.0,4.0]}}}