{"textures":{"0":"modelengine:entity/scarecrow"},"elements":[{"from":[7.623817,-0.34285736,7.5520287],"to":[8.983817,7.885714,8.912028],"rotation":{"angle":0.0,"axis":"y","origin":[8.3338175,6.714286,8.272029]},"faces":{"east":{"uv":[16.0,0.0,8.0,8.0],"rotation":0,"texture":"#0","tintindex":0},"south":{"uv":[16.0,0.0,8.0,8.0],"rotation":0,"texture":"#0","tintindex":0},"north":{"uv":[16.0,0.0,8.0,8.0],"rotation":0,"texture":"#0","tintindex":0},"west":{"uv":[16.0,0.0,8.0,8.0],"rotation":0,"texture":"#0","tintindex":0},"up":{"uv":[16.0,0.0,8.0,8.0],"rotation":0,"texture":"#0","tintindex":0},"down":{"uv":[16.0,0.0,8.0,8.0],"rotation":0,"texture":"#0","tintindex":0}}}],"display":{"head":{"translation":[0.0,-6.4,0.0],"scale":[4.0,4.0,4.0]}}}