{
	"credit": "Made with Blockbench",
	"texture_size": [64, 64],
	"textures": {
		"0": "item/ender_texture/ender_staff",
		"particle": "item/ender_texture/ender_staff"
	},
	"elements": [
		{
			"from": [7.25, -9, 7.25],
			"to": [8.75, 17, 8.75],
			"rotation": {"angle": 0, "axis": "y", "origin": [8, 4, 8]},
			"faces": {
				"north": {"uv": [0.008, 0.008, 0.375, 6.492], "texture": "#0"},
				"east": {"uv": [0.758, 0.008, 1.125, 6.492], "texture": "#0"},
				"south": {"uv": [1.508, 0.008, 1.875, 6.492], "texture": "#0"},
				"west": {"uv": [2.258, 0.008, 2.625, 6.492], "texture": "#0"},
				"up": {"uv": [9.625, 9.125, 9.258, 8.758], "texture": "#0"},
				"down": {"uv": [9.875, 0.008, 9.508, 0.375], "texture": "#0"}
			}
		},
		{
			"from": [6.75, -11, 6.75],
			"to": [9.25, -9, 9.25],
			"rotation": {"angle": 0, "axis": "y", "origin": [7.5, 4, 8.5]},
			"faces": {
				"north": {"uv": [8.008, 7.008, 8.625, 7.492], "texture": "#0"},
				"east": {"uv": [8.008, 7.758, 8.625, 8.242], "texture": "#0"},
				"south": {"uv": [1.508, 8.508, 2.125, 8.992], "texture": "#0"},
				"west": {"uv": [8.508, 3.008, 9.125, 3.492], "texture": "#0"},
				"up": {"uv": [8.625, 4.625, 8.008, 4.008], "texture": "#0"},
				"down": {"uv": [8.625, 5.008, 8.008, 5.625], "texture": "#0"}
			}
		},
		{
			"from": [7.25, -14, 7.25],
			"to": [8.75, -11, 8.75],
			"rotation": {"angle": 0, "axis": "y", "origin": [8, 4, 8]},
			"faces": {
				"north": {"uv": [7.008, 8.508, 7.375, 9.242], "texture": "#0"},
				"east": {"uv": [7.758, 8.508, 8.125, 9.242], "texture": "#0"},
				"south": {"uv": [8.508, 8.508, 8.875, 9.242], "texture": "#0"},
				"west": {"uv": [8.758, 0.008, 9.125, 0.742], "texture": "#0"},
				"up": {"uv": [9.875, 3.375, 9.508, 3.008], "texture": "#0"},
				"down": {"uv": [3.625, 9.508, 3.258, 9.875], "texture": "#0"}
			}
		},
		{
			"from": [6.75, 17, 6.75],
			"to": [9.25, 21, 9.25],
			"rotation": {"angle": 0, "axis": "y", "origin": [8.5, 4, 8.5]},
			"faces": {
				"north": {"uv": [6.008, 0.008, 6.625, 0.992], "texture": "#0"},
				"east": {"uv": [6.008, 1.258, 6.625, 2.242], "texture": "#0"},
				"south": {"uv": [6.008, 2.508, 6.625, 3.492], "texture": "#0"},
				"west": {"uv": [3.008, 6.008, 3.625, 6.992], "texture": "#0"},
				"up": {"uv": [2.125, 8.125, 1.508, 7.508], "texture": "#0"},
				"down": {"uv": [8.125, 3.008, 7.508, 3.625], "texture": "#0"}
			}
		},
		{
			"from": [7, 15, 7],
			"to": [9, 16, 9],
			"rotation": {"angle": 0, "axis": "y", "origin": [8.5, 4, 8.5]},
			"faces": {
				"north": {"uv": [8.758, 2.508, 9.242, 2.742], "texture": "#0"},
				"east": {"uv": [9.008, 5.508, 9.492, 5.742], "texture": "#0"},
				"south": {"uv": [9.508, 4.508, 9.992, 4.742], "texture": "#0"},
				"west": {"uv": [5.008, 9.508, 5.492, 9.742], "texture": "#0"},
				"up": {"uv": [5.492, 9.242, 5.008, 8.758], "texture": "#0"},
				"down": {"uv": [6.242, 8.758, 5.758, 9.242], "texture": "#0"}
			}
		},
		{
			"from": [7, 13, 7],
			"to": [9, 14, 9],
			"rotation": {"angle": 0, "axis": "y", "origin": [8.5, 4, 8.5]},
			"faces": {
				"north": {"uv": [9.508, 5.008, 9.992, 5.242], "texture": "#0"},
				"east": {"uv": [5.758, 9.508, 6.242, 9.742], "texture": "#0"},
				"south": {"uv": [9.508, 6.008, 9.992, 6.242], "texture": "#0"},
				"west": {"uv": [9.508, 6.508, 9.992, 6.742], "texture": "#0"},
				"up": {"uv": [9.242, 6.492, 8.758, 6.008], "texture": "#0"},
				"down": {"uv": [0.492, 9.008, 0.008, 9.492], "texture": "#0"}
			}
		},
		{
			"from": [8, 16, 9.25],
			"to": [8, 21, 13.75],
			"rotation": {"angle": 0, "axis": "y", "origin": [7.25, 4, 8.5]},
			"faces": {
				"north": {"uv": [7.008, 9.508, 7.008, 10.742], "texture": "#0"},
				"east": {"uv": [4.125, 1.508, 3.008, 2.742], "texture": "#0"},
				"south": {"uv": [7.258, 9.508, 7.258, 10.742], "texture": "#0"},
				"west": {"uv": [3.008, 1.508, 4.125, 2.742], "texture": "#0"},
				"up": {"uv": [7.508, 10.625, 7.508, 9.508], "texture": "#0"},
				"down": {"uv": [7.758, 9.508, 7.758, 10.625], "texture": "#0"}
			}
		},
		{
			"from": [8, -9, 8.75],
			"to": [8, -4, 13.25],
			"rotation": {"angle": 0, "axis": "y", "origin": [7.25, 4, 8.5]},
			"faces": {
				"north": {"uv": [9.008, 9.508, 9.008, 10.742], "texture": "#0"},
				"east": {"uv": [4.125, 4.508, 3.008, 5.742], "texture": "#0"},
				"south": {"uv": [9.258, 9.508, 9.258, 10.742], "texture": "#0"},
				"west": {"uv": [3.008, 4.508, 4.125, 5.742], "texture": "#0"},
				"up": {"uv": [9.508, 10.625, 9.508, 9.508], "texture": "#0"},
				"down": {"uv": [0.008, 9.758, 0.008, 10.875], "texture": "#0"}
			}
		},
		{
			"from": [7.25, 20, 5.75],
			"to": [8.75, 22, 10.25],
			"rotation": {"angle": 0, "axis": "y", "origin": [9, 4, 8.5]},
			"faces": {
				"north": {"uv": [0.758, 9.008, 1.125, 9.492], "texture": "#0"},
				"east": {"uv": [6.008, 3.758, 7.125, 4.242], "texture": "#0"},
				"south": {"uv": [9.008, 3.758, 9.375, 4.242], "texture": "#0"},
				"west": {"uv": [4.008, 6.008, 5.125, 6.492], "texture": "#0"},
				"up": {"uv": [7.375, 1.125, 7.008, 0.008], "texture": "#0"},
				"down": {"uv": [7.375, 1.508, 7.008, 2.625], "texture": "#0"}
			}
		},
		{
			"from": [6.75, 22.75, 6.75],
			"to": [9.25, 25.25, 9.25],
			"rotation": {"angle": 0, "axis": "x", "origin": [8, 24.25, 8]},
			"faces": {
				"north": {"uv": [7.758, 0.008, 8.375, 0.625], "texture": "#0"},
				"east": {"uv": [7.758, 0.008, 8.375, 0.625], "texture": "#0"},
				"south": {"uv": [7.758, 1.008, 8.375, 1.625], "texture": "#0"},
				"west": {"uv": [7.758, 0.008, 8.375, 0.625], "texture": "#0"},
				"up": {"uv": [8.375, 6.625, 7.758, 6.008], "texture": "#0"},
				"down": {"uv": [7.758, 0.008, 8.375, 0.625], "texture": "#0"}
			}
		},
		{
			"from": [7, 21.2981, 8.88388],
			"to": [9, 23.2981, 12.38388],
			"rotation": {"angle": -45, "axis": "x", "origin": [8, 22.2981, 11.13388]},
			"faces": {
				"north": {"uv": [8.758, 1.008, 9.242, 1.492], "texture": "#0"},
				"east": {"uv": [6.008, 4.508, 6.875, 4.992], "texture": "#0"},
				"south": {"uv": [8.758, 1.758, 9.242, 2.242], "texture": "#0"},
				"west": {"uv": [6.008, 5.258, 6.875, 5.742], "texture": "#0"},
				"up": {"uv": [5.992, 6.875, 5.508, 6.008], "texture": "#0"},
				"down": {"uv": [6.742, 6.008, 6.258, 6.875], "texture": "#0"}
			}
		},
		{
			"from": [7.25, 21.95898, 10.6313],
			"to": [8.75, 26.45898, 12.1313],
			"rotation": {"angle": -22.5, "axis": "x", "origin": [8, 23.70898, 11.1313]},
			"faces": {
				"north": {"uv": [7.008, 6.008, 7.375, 7.125], "texture": "#0"},
				"east": {"uv": [2.508, 7.258, 2.875, 8.375], "texture": "#0"},
				"south": {"uv": [3.258, 7.258, 3.625, 8.375], "texture": "#0"},
				"west": {"uv": [7.258, 4.508, 7.625, 5.625], "texture": "#0"},
				"up": {"uv": [9.875, 1.125, 9.508, 0.758], "texture": "#0"},
				"down": {"uv": [9.875, 1.508, 9.508, 1.875], "texture": "#0"}
			}
		},
		{
			"from": [7.5, 25.60002, 10.67093],
			"to": [8.5, 28.10002, 11.67093],
			"rotation": {"angle": 22.5, "axis": "x", "origin": [8, 27.85002, 11.17093]},
			"faces": {
				"north": {"uv": [6.508, 8.758, 6.742, 9.375], "texture": "#0"},
				"east": {"uv": [4.008, 9.008, 4.242, 9.625], "texture": "#0"},
				"south": {"uv": [4.508, 9.008, 4.742, 9.625], "texture": "#0"},
				"west": {"uv": [9.008, 4.508, 9.242, 5.125], "texture": "#0"},
				"up": {"uv": [2.742, 6.992, 2.508, 6.758], "texture": "#0"},
				"down": {"uv": [7.242, 3.008, 7.008, 3.242], "texture": "#0"}
			}
		},
		{
			"from": [7, 21.2981, 3.61612],
			"to": [9, 23.2981, 7.11612],
			"rotation": {"angle": 45, "axis": "x", "origin": [8, 22.2981, 4.86612]},
			"faces": {
				"north": {"uv": [9.242, 1.758, 8.758, 2.242], "texture": "#0"},
				"east": {"uv": [6.875, 4.508, 6.008, 4.992], "texture": "#0"},
				"south": {"uv": [9.242, 1.008, 8.758, 1.492], "texture": "#0"},
				"west": {"uv": [6.875, 5.258, 6.008, 5.742], "texture": "#0"},
				"up": {"uv": [5.992, 6.008, 5.508, 6.875], "texture": "#0"},
				"down": {"uv": [6.742, 6.875, 6.258, 6.008], "texture": "#0"}
			}
		},
		{
			"from": [7.25, 21.95898, 3.8687],
			"to": [8.75, 26.45898, 5.3687],
			"rotation": {"angle": 22.5, "axis": "x", "origin": [8, 23.70898, 4.8687]},
			"faces": {
				"north": {"uv": [3.625, 7.258, 3.258, 8.375], "texture": "#0"},
				"east": {"uv": [2.875, 7.258, 2.508, 8.375], "texture": "#0"},
				"south": {"uv": [7.375, 6.008, 7.008, 7.125], "texture": "#0"},
				"west": {"uv": [7.625, 4.508, 7.258, 5.625], "texture": "#0"},
				"up": {"uv": [9.875, 0.758, 9.508, 1.125], "texture": "#0"},
				"down": {"uv": [9.875, 1.875, 9.508, 1.508], "texture": "#0"}
			}
		},
		{
			"from": [7.5, 25.60002, 4.32907],
			"to": [8.5, 28.10002, 5.32907],
			"rotation": {"angle": -22.5, "axis": "x", "origin": [8, 27.85002, 4.82907]},
			"faces": {
				"north": {"uv": [4.742, 9.008, 4.508, 9.625], "texture": "#0"},
				"east": {"uv": [4.242, 9.008, 4.008, 9.625], "texture": "#0"},
				"south": {"uv": [6.742, 8.758, 6.508, 9.375], "texture": "#0"},
				"west": {"uv": [9.242, 4.508, 9.008, 5.125], "texture": "#0"},
				"up": {"uv": [2.742, 6.758, 2.508, 6.992], "texture": "#0"},
				"down": {"uv": [7.242, 3.242, 7.008, 3.008], "texture": "#0"}
			}
		},
		{
			"from": [8, 16, 2.25],
			"to": [8, 21, 6.75],
			"rotation": {"angle": 0, "axis": "y", "origin": [7.25, 4, 7.5]},
			"faces": {
				"north": {"uv": [7.258, 9.508, 7.258, 10.742], "texture": "#0"},
				"east": {"uv": [3.008, 1.508, 4.125, 2.742], "texture": "#0"},
				"south": {"uv": [7.008, 9.508, 7.008, 10.742], "texture": "#0"},
				"west": {"uv": [4.125, 1.508, 3.008, 2.742], "texture": "#0"},
				"up": {"uv": [7.508, 9.508, 7.508, 10.625], "texture": "#0"},
				"down": {"uv": [7.758, 10.625, 7.758, 9.508], "texture": "#0"}
			}
		},
		{
			"from": [8, -9, 2.75],
			"to": [8, -4, 7.25],
			"rotation": {"angle": 0, "axis": "y", "origin": [7.25, 4, 7.5]},
			"faces": {
				"north": {"uv": [9.258, 9.508, 9.258, 10.742], "texture": "#0"},
				"east": {"uv": [3.008, 4.508, 4.125, 5.742], "texture": "#0"},
				"south": {"uv": [9.008, 9.508, 9.008, 10.742], "texture": "#0"},
				"west": {"uv": [4.125, 4.508, 3.008, 5.742], "texture": "#0"},
				"up": {"uv": [9.508, 9.508, 9.508, 10.625], "texture": "#0"},
				"down": {"uv": [0.008, 10.875, 0.008, 9.758], "texture": "#0"}
			}
		}
	],
	"gui_light": "front",
	"display": {
		"thirdperson_righthand": {
			"translation": [0, 1.75, 1.5],
			"scale": [1.1, 1.1, 1.1]
		},
		"thirdperson_lefthand": {
			"translation": [0, 1.75, 1.5],
			"scale": [1.1, 1.1, 1.1]
		},
		"firstperson_righthand": {
			"translation": [0.75, 1.75, 1],
			"scale": [1.1, 1.1, 1.1]
		},
		"firstperson_lefthand": {
			"translation": [0.75, 1.75, 1],
			"scale": [1.1, 1.1, 1.1]
		},
		"ground": {
			"rotation": [0, 0, 90],
			"scale": [1.1, 1.1, 1.1]
		},
		"gui": {
			"rotation": [90, -135, 90],
			"translation": [0, 0, -0.25],
			"scale": [0.45, 0.45, 0.45]
		},
		"fixed": {
			"rotation": [90, -45, 90],
			"translation": [0, 0, -0.25],
			"scale": [0.6, 0.6, 0.6]
		}
	}
}