{
  "parent": "minecraft:item/generated",
  "textures": {
    "layer0": "minecraft:item/honey_bottle"
  },
  "overrides": [
  	{
        "predicate": {
                "custom_model_data": 1
            },
            "model": "onedestiny/cup_of_coffe"
  },
  	{
        "predicate": {
                "custom_model_data": 2
            },
            "model": "onedestiny/cup_of_water"
  },
  	{
        "predicate": {
                "custom_model_data": 3
            },
            "model": "onedestiny/cup_of_catffe"
  },
  	{
        "predicate": {
                "custom_model_data": 4
            },
            "model": "onedestiny/cup_of_dogffe" 
  },
  	{
        "predicate": {
                "custom_model_data": 5
            },
            "model": "onedestiny/cup_of_bonffe"
  },
  	{
        "predicate": {
                "custom_model_data": 6
            },
            "model": "onedestiny/cup_of_foxffe"
  },
  	{
        "predicate": {
                "custom_model_data": 7
            },
            "model": "onedestiny/cup_of_camelffe"
  },
  	{
        "predicate": {
                "custom_model_data": 8
            },
            "model": "onedestiny/cup_of_sniffe"
  },
  	{
        "predicate": {
                "custom_model_data": 9
            },
            "model": "onedestiny/cup_of_dragonffe"
  },
  	{
        "predicate": {
                "custom_model_data": 10
            },
            "model": "onedestiny/cup_of_pandaffe"
  },
  	{
        "predicate": {
                "custom_model_data": 11
            },
            "model": "onedestiny/cup_of_axoffe"
  },
  	{
        "predicate": {
                "custom_model_data": 12
            },
            "model": "onedestiny/cup_of_strawberry"
  },
  	{
        "predicate": {
                "custom_model_data": 13
            },
            "model": "onedestiny/cup_of_blueberry"
  },
  	{
        "predicate": {
                "custom_model_data": 14
            },
            "model": "onedestiny/cup_of_green_tea"
  },
  	{
        "predicate": {
                "custom_model_data": 15
            },
            "model": "onedestiny/cup_of_black_tea"
  },
  	{
        "predicate": {
                "custom_model_data": 16
            },
            "model": "onedestiny/cup_of_herbal_tea"
  },
  	{
        "predicate": {
                "custom_model_data": 17
            },
            "model": "onedestiny/cup_of_tea"
        }
    ]
}